name,brand,category,subcategory,sku,hasVariants,optionType,variantName,variantSku,packSize,unit,estimatedCost,markupPct,price,stock,lowStockThreshold,imageUrl,imageSearchQuery,imageStatus,priceStatus,supplier,barcode,country,lastPriceCheck,notes,referenceRetailPrice,priceSourceUrl,productSourceUrl,imageSourcePageUrl,sourceRecency,priceConfidence,imageConfidence,enrichmentStatus,dataQuality
Minimie Instant Noodles Chicken 70 g x40,Minimie,grains,Instant Noodles,BSV-MINIMIE-INSTANT-NOODLES-CHICKEN-70-G-X40-0001,false,,,,70 g x40,item,,16,10600,0,5,,Minimie Instant Noodles Chicken 70 g x40 Nigeria product pack,Pending automated product-image enrichment,Public retail reference — do not treat as wholesale cost,,,Nigeria/Imported,2026-08-10,Public Nigerian retail reference; recheck supplier cost before publishing.,10600,https://www.supermart.ng/collections/instant-noodles?page=2,https://www.supermart.ng/products/minimie-instant-noodles-chicken-70-g-x40,https://www.supermart.ng/products/minimie-instant-noodles-chicken-70-g-x40,verified-current,95,0,pending-image,verified-reference
Minimie Instant Noodles Party Jollof 70 g x40,Minimie,grains,Instant Noodles,BSV-MINIMIE-INSTANT-NOODLES-PARTY-JOLLOF-70--0002,false,,,,70 g x40,item,,16,10800,0,5,,Minimie Instant Noodles Party Jollof 70 g x40 Nigeria product pack,Pending automated product-image enrichment,Public retail reference — do not treat as wholesale cost,,,Nigeria/Imported,2026-08-10,Public Nigerian retail reference; recheck supplier cost before publishing.,10800,https://www.supermart.ng/collections/instant-noodles?page=2,https://www.supermart.ng/products/minimie-instant-noodles-party-jollof-70-g-x40,https://www.supermart.ng/products/minimie-instant-noodles-party-jollof-70-g-x40,verified-current,95,0,pending-image,verified-reference
Indomie Instant Noodles Chicken 180 g (Hungry Man) x24,Indomie,grains,Instant Noodles,BSV-INDOMIE-INSTANT-NOODLES-CHICKEN-180-G-HU-0003,false,,,,180 g,item,,16,17450,0,5,,Indomie Instant Noodles Chicken 180 g (Hungry Man) x24 Nigeria product pack,Pending automated product-image enrichment,Public retail reference — do not treat as wholesale cost,,,Nigeria/Imported,2026-08-10,Public Nigerian retail reference; recheck supplier cost before publishing.,17450,https://www.supermart.ng/collections/instant-noodles?page=2,https://www.supermart.ng/products/indomie-instant-noodles-chicken-180-g-hungry-man-x24,https://www.supermart.ng/products/indomie-instant-noodles-chicken-180-g-hungry-man-x24,verified-current,95,0,pending-image,verified-reference
Indomie Instant Noodles Chicken Belle Full 305 g x16,Indomie,grains,Instant Noodles,BSV-INDOMIE-INSTANT-NOODLES-CHICKEN-BELLE-FU-0004,false,,,,305 g x16,item,,16,17280,0,5,,Indomie Instant Noodles Chicken Belle Full 305 g x16 Nigeria product pack,Pending automated product-image enrichment,Public retail reference — do not treat as wholesale cost,,,Nigeria/Imported,2026-08-10,Public Nigerian retail reference; recheck supplier cost before publishing.,17280,https://www.supermart.ng/collections/instant-noodles?page=2,https://www.supermart.ng/products/indomie-instant-noodles-chicken-belle-full-305-g-x16,https://www.supermart.ng/products/indomie-instant-noodles-chicken-belle-full-305-g-x16,verified-current,95,0,pending-image,verified-reference
Golden Penny Instant Noodles Goat Meat Pepper Soup 70 g,Golden Penny,grains,Instant Noodles,BSV-GOLDEN-PENNY-INSTANT-NOODLES-GOAT-MEAT-P-0005,false,,,,70 g,item,,16,250,0,5,,Golden Penny Instant Noodles Goat Meat Pepper Soup 70 g Nigeria product pack,Pending automated product-image enrichment,Public retail reference — do not treat as wholesale cost,,,Nigeria/Imported,2026-08-10,Public Nigerian retail reference; recheck supplier cost before publishing.,250,https://www.supermart.ng/collections/instant-noodles?page=2,https://www.supermart.ng/products/golden-penny-instant-noodles-goat-meat-pepper-soup-70-g,https://www.supermart.ng/products/golden-penny-instant-noodles-goat-meat-pepper-soup-70-g,verified-current,95,0,pending-image,verified-reference
Indomie Instant Noodles Oriental Fried 100 g,Indomie,grains,Instant Noodles,BSV-INDOMIE-INSTANT-NOODLES-ORIENTAL-FRIED-1-0006,false,,,,100 g,item,,16,405,0,5,,Indomie Instant Noodles Oriental Fried 100 g Nigeria product pack,Pending automated product-image enrichment,Public retail reference — do not treat as wholesale cost,,,Nigeria/Imported,2026-08-10,Public Nigerian retail reference; recheck supplier cost before publishing.,405,https://www.supermart.ng/collections/instant-noodles?page=2,https://www.supermart.ng/products/indomie-instant-noodles-oriental-fried-100-g,https://www.supermart.ng/products/indomie-instant-noodles-oriental-fried-100-g,verified-current,95,0,pending-image,verified-reference
Honeywell Instant Noodles Chicken 70 g,Honeywell,grains,Instant Noodles,BSV-HONEYWELL-INSTANT-NOODLES-CHICKEN-70-G-0007,false,,,,70 g,item,,16,240,0,5,,Honeywell Instant Noodles Chicken 70 g Nigeria product pack,Pending automated product-image enrichment,Public retail reference — do not treat as wholesale cost,,,Nigeria/Imported,2026-08-10,Public Nigerian retail reference; recheck supplier cost before publishing.,240,https://www.supermart.ng/collections/instant-noodles?page=2,https://www.supermart.ng/products/honeywell-instant-noodles-chicken-70-g,https://www.supermart.ng/products/honeywell-instant-noodles-chicken-70-g,verified-current,95,0,pending-image,verified-reference
Sedaap Supreme Tasty Chicken Instant Noodles 100 g,Sedaap,grains,Instant Noodles,BSV-SEDAAP-SUPREME-TASTY-CHICKEN-INSTANT-NOO-0008,false,,,,100 g,item,,16,360,0,5,,Sedaap Supreme Tasty Chicken Instant Noodles 100 g Nigeria product pack,Pending automated product-image enrichment,Public retail reference — do not treat as wholesale cost,,,Nigeria/Imported,2026-08-10,Public Nigerian retail reference; recheck supplier cost before publishing.,360,https://www.supermart.ng/collections/instant-noodles?page=2,https://www.supermart.ng/products/sedaap-supreme-tasty-chicken-instant-noodles-100-g,https://www.supermart.ng/products/sedaap-supreme-tasty-chicken-instant-noodles-100-g,verified-current,95,0,pending-image,verified-reference
Indomie Instant Noodles Onion Chicken Hungry Man Size 200 g,Indomie,grains,Instant Noodles,BSV-INDOMIE-INSTANT-NOODLES-ONION-CHICKEN-HU-0009,false,,,,200 g,item,,16,960,0,5,,Indomie Instant Noodles Onion Chicken Hungry Man Size 200 g Nigeria product pack,Pending automated product-image enrichment,Public retail reference — do not treat as wholesale cost,,,Nigeria/Imported,2026-08-10,Public Nigerian retail reference; recheck supplier cost before publishing.,960,https://www.supermart.ng/collections/instant-noodles?page=2,https://www.supermart.ng/products/indomie-instant-noodles-onion-chicken-hungry-man-size-200-g,https://www.supermart.ng/products/indomie-instant-noodles-onion-chicken-hungry-man-size-200-g,verified-current,95,0,pending-image,verified-reference
Golden Penny Instant Noodles Chicken 70 g,Golden Penny,grains,Instant Noodles,BSV-GOLDEN-PENNY-INSTANT-NOODLES-CHICKEN-70--0010,false,,,,70 g,item,,16,290,0,5,,Golden Penny Instant Noodles Chicken 70 g Nigeria product pack,Pending automated product-image enrichment,Public retail reference — do not treat as wholesale cost,,,Nigeria/Imported,2026-08-10,Public Nigerian retail reference; recheck supplier cost before publishing.,290,https://www.supermart.ng/collections/instant-noodles?page=2,https://www.supermart.ng/products/golden-penny-instant-noodles-chicken-70-g,https://www.supermart.ng/products/golden-penny-instant-noodles-chicken-70-g,verified-current,95,0,pending-image,verified-reference
Indomie Instant Noodles Chicken Pepper Soup 100 g,Indomie,grains,Instant Noodles,BSV-INDOMIE-INSTANT-NOODLES-CHICKEN-PEPPER-S-0011,false,,,,100 g,item,,16,405,0,5,,Indomie Instant Noodles Chicken Pepper Soup 100 g Nigeria product pack,Pending automated product-image enrichment,Public retail reference — do not treat as wholesale cost,,,Nigeria/Imported,2026-08-10,Public Nigerian retail reference; recheck supplier cost before publishing.,405,https://www.supermart.ng/collections/instant-noodles?page=2,https://www.supermart.ng/products/indomie-instant-noodles-chicken-pepper-soup-100-g,https://www.supermart.ng/products/indomie-instant-noodles-chicken-pepper-soup-100-g,verified-current,95,0,pending-image,verified-reference
Indomie Instant Noodles Relish With Real Fish Chunks 120 g,Indomie,grains,Instant Noodles,BSV-INDOMIE-INSTANT-NOODLES-RELISH-WITH-REAL-0012,false,,,,120 g,item,,16,1465,0,5,,Indomie Instant Noodles Relish With Real Fish Chunks 120 g Nigeria product pack,Pending automated product-image enrichment,Public retail reference — do not treat as wholesale cost,,,Nigeria/Imported,2026-08-10,Public Nigerian retail reference; recheck supplier cost before publishing.,1465,https://www.supermart.ng/collections/instant-noodles?page=2,https://www.supermart.ng/products/indomie-instant-noodles-relish-with-real-fish-chunks-120-g,https://www.supermart.ng/products/indomie-instant-noodles-relish-with-real-fish-chunks-120-g,verified-current,95,0,pending-image,verified-reference
Indomie Instant Noodles Beef 70 g,Indomie,grains,Instant Noodles,BSV-INDOMIE-INSTANT-NOODLES-BEEF-70-G-0013,false,,,,70 g,item,,16,255,0,5,,Indomie Instant Noodles Beef 70 g Nigeria product pack,Pending automated product-image enrichment,Public retail reference — do not treat as wholesale cost,,,Nigeria/Imported,2026-08-10,Public Nigerian retail reference; recheck supplier cost before publishing.,255,https://www.supermart.ng/collections/instant-noodles?page=2,https://www.supermart.ng/products/indomie-instant-noodles-beef-70-g,https://www.supermart.ng/products/indomie-instant-noodles-beef-70-g,verified-current,95,0,pending-image,verified-reference
Indomie Instant Noodles Beef 120 g,Indomie,grains,Instant Noodles,BSV-INDOMIE-INSTANT-NOODLES-BEEF-120-G-0014,false,,,,120 g,item,,16,405,0,5,,Indomie Instant Noodles Beef 120 g Nigeria product pack,Pending automated product-image enrichment,Public retail reference — do not treat as wholesale cost,,,Nigeria/Imported,2026-08-10,Public Nigerian retail reference; recheck supplier cost before publishing.,405,https://www.supermart.ng/collections/instant-noodles?page=2,https://www.supermart.ng/products/indomie-instant-noodles-beef-120-g,https://www.supermart.ng/products/indomie-instant-noodles-beef-120-g,verified-current,95,0,pending-image,verified-reference
Indomie Instant Noodles Jollof Chicken 70 g,Indomie,grains,Instant Noodles,BSV-INDOMIE-INSTANT-NOODLES-JOLLOF-CHICKEN-7-0015,false,,,,70 g,item,,16,300,0,5,,Indomie Instant Noodles Jollof Chicken 70 g Nigeria product pack,Pending automated product-image enrichment,Public retail reference — do not treat as wholesale cost,,,Nigeria/Imported,2026-08-10,Public Nigerian retail reference; recheck supplier cost before publishing.,300,https://www.supermart.ng/collections/instant-noodles?page=2,https://www.supermart.ng/products/indomie-instant-noodles-jollof-chicken-70-g,https://www.supermart.ng/products/indomie-instant-noodles-jollof-chicken-70-g,verified-current,95,0,pending-image,verified-reference
Indomie Instant Noodles Relish With Real Chicken Chunks 120 g,Indomie,grains,Instant Noodles,BSV-INDOMIE-INSTANT-NOODLES-RELISH-WITH-REAL-0016,false,,,,120 g,item,,16,1465,0,5,,Indomie Instant Noodles Relish With Real Chicken Chunks 120 g Nigeria product pack,Pending automated product-image enrichment,Public retail reference — do not treat as wholesale cost,,,Nigeria/Imported,2026-08-10,Public Nigerian retail reference; recheck supplier cost before publishing.,1465,https://www.supermart.ng/collections/instant-noodles?page=2,https://www.supermart.ng/products/indomie-instant-noodles-relish-with-real-chicken-chunks-120-g,https://www.supermart.ng/products/indomie-instant-noodles-relish-with-real-chicken-chunks-120-g,verified-current,95,0,pending-image,verified-reference
Indomie Instant Noodles Relish With Seafood Delight 200 g,Indomie,grains,Instant Noodles,BSV-INDOMIE-INSTANT-NOODLES-RELISH-WITH-SEAF-0017,false,,,,200 g,item,,16,1490,0,5,,Indomie Instant Noodles Relish With Seafood Delight 200 g Nigeria product pack,Pending automated product-image enrichment,Public retail reference — do not treat as wholesale cost,,,Nigeria/Imported,2026-08-10,Public Nigerian retail reference; recheck supplier cost before publishing.,1490,https://www.supermart.ng/collections/instant-noodles?page=2,https://www.supermart.ng/products/indomie-instant-noodles-relish-with-seafood-delight-200-g,https://www.supermart.ng/products/indomie-instant-noodles-relish-with-seafood-delight-200-g,verified-current,95,0,pending-image,verified-reference
Indomie Instant Noodles Relish With Real Chicken Chunks 200 g,Indomie,grains,Instant Noodles,BSV-INDOMIE-INSTANT-NOODLES-RELISH-WITH-REAL-0018,false,,,,200 g,item,,16,1490,0,5,,Indomie Instant Noodles Relish With Real Chicken Chunks 200 g Nigeria product pack,Pending automated product-image enrichment,Public retail reference — do not treat as wholesale cost,,,Nigeria/Imported,2026-08-10,Public Nigerian retail reference; recheck supplier cost before publishing.,1490,https://www.supermart.ng/collections/instant-noodles?page=2,https://www.supermart.ng/products/indomie-instant-noodles-relish-with-real-chicken-chunks-200-g,https://www.supermart.ng/products/indomie-instant-noodles-relish-with-real-chicken-chunks-200-g,verified-current,95,0,pending-image,verified-reference
Honeywell Instant Noodles Chicken 120 g,Honeywell,grains,Instant Noodles,BSV-HONEYWELL-INSTANT-NOODLES-CHICKEN-120-G-0019,false,,,,120 g,item,,16,405,0,5,,Honeywell Instant Noodles Chicken 120 g Nigeria product pack,Pending automated product-image enrichment,Public retail reference — do not treat as wholesale cost,,,Nigeria/Imported,2026-08-10,Public Nigerian retail reference; recheck supplier cost before publishing.,405,https://www.supermart.ng/collections/instant-noodles?page=2,https://www.supermart.ng/products/honeywell-instant-noodles-chicken-120-g,https://www.supermart.ng/products/honeywell-instant-noodles-chicken-120-g,verified-current,95,0,pending-image,verified-reference
Tasty Tom Instant Noodles Supa Chicken 100 g,Tasty Tom,grains,Instant Noodles,BSV-TASTY-TOM-INSTANT-NOODLES-SUPA-CHICKEN-1-0020,false,,,,100 g,item,,16,180,0,5,,Tasty Tom Instant Noodles Supa Chicken 100 g Nigeria product pack,Pending automated product-image enrichment,Public retail reference — do not treat as wholesale cost,,,Nigeria/Imported,2026-08-10,Public Nigerian retail reference; recheck supplier cost before publishing.,180,https://www.supermart.ng/collections/instant-noodles?page=2,https://www.supermart.ng/products/tasty-tom-instant-noodles-supa-chicken-100-g,https://www.supermart.ng/products/tasty-tom-instant-noodles-supa-chicken-100-g,verified-current,95,0,pending-image,verified-reference
Indomie Instant Noodles Crayfish 120 g,Indomie,grains,Instant Noodles,BSV-INDOMIE-INSTANT-NOODLES-CRAYFISH-120-G-0021,false,,,,120 g,item,,16,405,0,5,,Indomie Instant Noodles Crayfish 120 g Nigeria product pack,Pending automated product-image enrichment,Public retail reference — do not treat as wholesale cost,,,Nigeria/Imported,2026-08-10,Public Nigerian retail reference; recheck supplier cost before publishing.,405,https://www.supermart.ng/collections/instant-noodles?page=2,https://www.supermart.ng/products/indomie-instant-noodles-crayfish-120-g,https://www.supermart.ng/products/indomie-instant-noodles-crayfish-120-g,verified-current,95,0,pending-image,verified-reference
Mimee Instant Noodles Chicken 114 g,Mimee,grains,Instant Noodles,BSV-MIMEE-INSTANT-NOODLES-CHICKEN-114-G-0022,false,,,,114 g,item,,16,365,0,5,,Mimee Instant Noodles Chicken 114 g Nigeria product pack,Pending automated product-image enrichment,Public retail reference — do not treat as wholesale cost,,,Nigeria/Imported,2026-08-10,Public Nigerian retail reference; recheck supplier cost before publishing.,365,https://www.supermart.ng/collections/instant-noodles?page=2,https://www.supermart.ng/products/mimee-instant-noodles-chicken-114-g,https://www.supermart.ng/products/mimee-instant-noodles-chicken-114-g,verified-current,95,0,pending-image,verified-reference
Power Vegetable Oil 750 ml,Power,oil,Vegetable Oil,BSV-POWER-VEGETABLE-OIL-750-ML-0023,false,,,,750 ml,item,,14,4150,0,5,,Power Vegetable Oil 750 ml Nigeria product pack,Pending automated product-image enrichment,Public retail reference — do not treat as wholesale cost,,,Nigeria/Imported,2026-08-10,Public Nigerian retail reference; recheck supplier cost before publishing.,4150,https://www.supermart.ng/collections/groundnut-vegetable-oil,https://www.supermart.ng/products/power-vegetable-oil-750-ml,https://www.supermart.ng/products/power-vegetable-oil-750-ml,verified-current,95,0,pending-image,verified-reference
King's Vegetable Oil 3 L,King's,oil,Vegetable Oil,BSV-KING-S-VEGETABLE-OIL-3-L-0024,false,,,,3 L,item,,14,14765,0,5,,King's Vegetable Oil 3 L Nigeria product pack,Pending automated product-image enrichment,Public retail reference — do not treat as wholesale cost,,,Nigeria/Imported,2026-08-10,Public Nigerian retail reference; recheck supplier cost before publishing.,14765,https://www.supermart.ng/collections/groundnut-vegetable-oil,https://www.supermart.ng/products/king-s-vegetable-oil-3-l,https://www.supermart.ng/products/king-s-vegetable-oil-3-l,verified-current,95,0,pending-image,verified-reference
Mamador Pure Vegetable Oil 1.5 L,Mamador,oil,Vegetable Oil,BSV-MAMADOR-PURE-VEGETABLE-OIL-1-5-L-0025,false,,,,1.5 L,item,,14,7995,0,5,,Mamador Pure Vegetable Oil 1.5 L Nigeria product pack,Pending automated product-image enrichment,Public retail reference — do not treat as wholesale cost,,,Nigeria/Imported,2026-08-10,Public Nigerian retail reference; recheck supplier cost before publishing.,7995,https://www.supermart.ng/collections/groundnut-vegetable-oil,https://www.supermart.ng/products/mamador-pure-vegetable-oil-1-5-l,https://www.supermart.ng/products/mamador-pure-vegetable-oil-1-5-l,verified-current,95,0,pending-image,verified-reference
Power Vegetable Oil Sachet 45 ml,Power,oil,Vegetable Oil,BSV-POWER-VEGETABLE-OIL-SACHET-45-ML-0026,false,,,,45 ml,item,,14,250,0,5,,Power Vegetable Oil Sachet 45 ml Nigeria product pack,Pending automated product-image enrichment,Public retail reference — do not treat as wholesale cost,,,Nigeria/Imported,2026-08-10,Public Nigerian retail reference; recheck supplier cost before publishing.,250,https://www.supermart.ng/collections/groundnut-vegetable-oil,https://www.supermart.ng/products/power-vegetable-oil-sachet-45-ml,https://www.supermart.ng/products/power-vegetable-oil-sachet-45-ml,verified-current,95,0,pending-image,verified-reference
King's Vegetable Oil 5 L,King's,oil,Vegetable Oil,BSV-KING-S-VEGETABLE-OIL-5-L-0027,false,,,,5 L,item,,14,23800,0,5,,King's Vegetable Oil 5 L Nigeria product pack,Pending automated product-image enrichment,Public retail reference — do not treat as wholesale cost,,,Nigeria/Imported,2026-08-10,Public Nigerian retail reference; recheck supplier cost before publishing.,23800,https://www.supermart.ng/collections/groundnut-vegetable-oil,https://www.supermart.ng/products/king-s-vegetable-oil-5-l,https://www.supermart.ng/products/king-s-vegetable-oil-5-l,verified-current,95,0,pending-image,verified-reference
Mamador Pure Vegetable Oil 900 ml,Mamador,oil,Vegetable Oil,BSV-MAMADOR-PURE-VEGETABLE-OIL-900-ML-0028,false,,,,900 ml,item,,14,4435,0,5,,Mamador Pure Vegetable Oil 900 ml Nigeria product pack,Pending automated product-image enrichment,Public retail reference — do not treat as wholesale cost,,,Nigeria/Imported,2026-08-10,Public Nigerian retail reference; recheck supplier cost before publishing.,4435,https://www.supermart.ng/collections/groundnut-vegetable-oil,https://www.supermart.ng/products/mamador-pure-vegetable-oil-900-ml,https://www.supermart.ng/products/mamador-pure-vegetable-oil-900-ml,verified-current,95,0,pending-image,verified-reference
King's Vegetable Oil 1 L,King's,oil,Vegetable Oil,BSV-KING-S-VEGETABLE-OIL-1-L-0029,false,,,,1 L,item,,14,5250,0,5,,King's Vegetable Oil 1 L Nigeria product pack,Pending automated product-image enrichment,Public retail reference — do not treat as wholesale cost,,,Nigeria/Imported,2026-08-10,Public Nigerian retail reference; recheck supplier cost before publishing.,5250,https://www.supermart.ng/collections/groundnut-vegetable-oil,https://www.supermart.ng/products/king-s-vegetable-oil-1-l,https://www.supermart.ng/products/king-s-vegetable-oil-1-l,verified-current,95,0,pending-image,verified-reference
Power Vegetable Oil 2.6 L,Power,oil,Vegetable Oil,BSV-POWER-VEGETABLE-OIL-2-6-L-0030,false,,,,2.6 L,item,,14,14605,0,5,,Power Vegetable Oil 2.6 L Nigeria product pack,Pending automated product-image enrichment,Public retail reference — do not treat as wholesale cost,,,Nigeria/Imported,2026-08-10,Public Nigerian retail reference; recheck supplier cost before publishing.,14605,https://www.supermart.ng/collections/groundnut-vegetable-oil,https://www.supermart.ng/products/power-vegetable-oil-2-6-l,https://www.supermart.ng/products/power-vegetable-oil-2-6-l,verified-current,95,0,pending-image,verified-reference
Golden Terra Smart Balance Vegetable Oil 750 ml,Golden Terra,oil,Vegetable Oil,BSV-GOLDEN-TERRA-SMART-BALANCE-VEGETABLE-OIL-0031,false,,,,750 ml,item,,14,5025,0,5,,Golden Terra Smart Balance Vegetable Oil 750 ml Nigeria product pack,Pending automated product-image enrichment,Public retail reference — do not treat as wholesale cost,,,Nigeria/Imported,2026-08-10,Public Nigerian retail reference; recheck supplier cost before publishing.,5025,https://www.supermart.ng/collections/groundnut-vegetable-oil,https://www.supermart.ng/products/golden-terra-smart-balance-vegetable-oil-750-ml,https://www.supermart.ng/products/golden-terra-smart-balance-vegetable-oil-750-ml,verified-current,95,0,pending-image,verified-reference
King's Vegetable Oil 2 L,King's,oil,Vegetable Oil,BSV-KING-S-VEGETABLE-OIL-2-L-0032,false,,,,2 L,item,,14,10200,0,5,,King's Vegetable Oil 2 L Nigeria product pack,Pending automated product-image enrichment,Public retail reference — do not treat as wholesale cost,,,Nigeria/Imported,2026-08-10,Public Nigerian retail reference; recheck supplier cost before publishing.,10200,https://www.supermart.ng/collections/groundnut-vegetable-oil,https://www.supermart.ng/products/king-s-vegetable-oil-2-l,https://www.supermart.ng/products/king-s-vegetable-oil-2-l,verified-current,95,0,pending-image,verified-reference
Golden Penny Pure Vegetable Oil 2.75 L,Golden Penny,oil,Vegetable Oil,BSV-GOLDEN-PENNY-PURE-VEGETABLE-OIL-2-75-L-0033,false,,,,2.75 L,item,,14,13740,0,5,,Golden Penny Pure Vegetable Oil 2.75 L Nigeria product pack,Pending automated product-image enrichment,Public retail reference — do not treat as wholesale cost,,,Nigeria/Imported,2026-08-10,Public Nigerian retail reference; recheck supplier cost before publishing.,13740,https://www.supermart.ng/collections/groundnut-vegetable-oil,https://www.supermart.ng/products/golden-penny-pure-vegetable-oil-2-75-l,https://www.supermart.ng/products/golden-penny-pure-vegetable-oil-2-75-l,verified-current,95,0,pending-image,verified-reference
King's Vegetable Oil 10 L,King's,oil,Vegetable Oil,BSV-KING-S-VEGETABLE-OIL-10-L-0034,false,,,,10 L,item,,14,46500,0,5,,King's Vegetable Oil 10 L Nigeria product pack,Pending automated product-image enrichment,Public retail reference — do not treat as wholesale cost,,,Nigeria/Imported,2026-08-10,Public Nigerian retail reference; recheck supplier cost before publishing.,46500,https://www.supermart.ng/collections/groundnut-vegetable-oil,https://www.supermart.ng/products/king-s-vegetable-oil-10-l,https://www.supermart.ng/products/king-s-vegetable-oil-10-l,verified-current,95,0,pending-image,verified-reference
Power Vegetable Oil 4.5 L,Power,oil,Vegetable Oil,BSV-POWER-VEGETABLE-OIL-4-5-L-0035,false,,,,4.5 L,item,,14,22705,0,5,,Power Vegetable Oil 4.5 L Nigeria product pack,Pending automated product-image enrichment,Public retail reference — do not treat as wholesale cost,,,Nigeria/Imported,2026-08-10,Public Nigerian retail reference; recheck supplier cost before publishing.,22705,https://www.supermart.ng/collections/groundnut-vegetable-oil,https://www.supermart.ng/products/power-vegetable-oil-4-5-l,https://www.supermart.ng/products/power-vegetable-oil-4-5-l,verified-current,95,0,pending-image,verified-reference
Mamador Pure Vegetable Oil 3.5 L,Mamador,oil,Vegetable Oil,BSV-MAMADOR-PURE-VEGETABLE-OIL-3-5-L-0036,false,,,,3.5 L,item,,14,17290,0,5,,Mamador Pure Vegetable Oil 3.5 L Nigeria product pack,Pending automated product-image enrichment,Public retail reference — do not treat as wholesale cost,,,Nigeria/Imported,2026-08-10,Public Nigerian retail reference; recheck supplier cost before publishing.,17290,https://www.supermart.ng/collections/groundnut-vegetable-oil,https://www.supermart.ng/products/mamador-pure-vegetable-oil-3-5-l,https://www.supermart.ng/products/mamador-pure-vegetable-oil-3-5-l,verified-current,95,0,pending-image,verified-reference
Emperor Refined Palm Pure Vegetable Oil 700 ml,Emperor,oil,Vegetable Oil,BSV-EMPEROR-REFINED-PALM-PURE-VEGETABLE-OIL--0037,false,,,,700 ml,item,,14,3410,0,5,,Emperor Refined Palm Pure Vegetable Oil 700 ml Nigeria product pack,Pending automated product-image enrichment,Public retail reference — do not treat as wholesale cost,,,Nigeria/Imported,2026-08-10,Public Nigerian retail reference; recheck supplier cost before publishing.,3410,https://www.supermart.ng/collections/groundnut-vegetable-oil,https://www.supermart.ng/products/emperor-refined-palm-pure-vegetable-oil-700-ml,https://www.supermart.ng/products/emperor-refined-palm-pure-vegetable-oil-700-ml,verified-current,95,0,pending-image,verified-reference
Laziz Pure Vegetable Oil 5 L,Laziz,oil,Vegetable Oil,BSV-LAZIZ-PURE-VEGETABLE-OIL-5-L-0038,false,,,,5 L,item,,14,27390,0,5,,Laziz Pure Vegetable Oil 5 L Nigeria product pack,Pending automated product-image enrichment,Public retail reference — do not treat as wholesale cost,,,Nigeria/Imported,2026-08-10,Public Nigerian retail reference; recheck supplier cost before publishing.,27390,https://www.supermart.ng/collections/groundnut-vegetable-oil,https://www.supermart.ng/products/laziz-pure-vegetable-oil-5-l,https://www.supermart.ng/products/laziz-pure-vegetable-oil-5-l,verified-current,95,0,pending-image,verified-reference
Laziz Pure Vegetable Oil 3 L,Laziz,oil,Vegetable Oil,BSV-LAZIZ-PURE-VEGETABLE-OIL-3-L-0039,false,,,,3 L,item,,14,16670,0,5,,Laziz Pure Vegetable Oil 3 L Nigeria product pack,Pending automated product-image enrichment,Public retail reference — do not treat as wholesale cost,,,Nigeria/Imported,2026-08-10,Public Nigerian retail reference; recheck supplier cost before publishing.,16670,https://www.supermart.ng/collections/groundnut-vegetable-oil,https://www.supermart.ng/products/laziz-pure-vegetable-oil-3-l,https://www.supermart.ng/products/laziz-pure-vegetable-oil-3-l,verified-current,95,0,pending-image,verified-reference
Activa Pure Vegetable Oil 5 L,Activa,oil,Vegetable Oil,BSV-ACTIVA-PURE-VEGETABLE-OIL-5-L-0040,false,,,,5 L,item,,14,21455,0,5,,Activa Pure Vegetable Oil 5 L Nigeria product pack,Pending automated product-image enrichment,Public retail reference — do not treat as wholesale cost,,,Nigeria/Imported,2026-08-10,Public Nigerian retail reference; recheck supplier cost before publishing.,21455,https://www.supermart.ng/collections/groundnut-vegetable-oil,https://www.supermart.ng/products/activa-pure-vegetable-oil-5-l,https://www.supermart.ng/products/activa-pure-vegetable-oil-5-l,verified-current,95,0,pending-image,verified-reference
Laziz Pure Vegetable Oil 1 L,Laziz,oil,Vegetable Oil,BSV-LAZIZ-PURE-VEGETABLE-OIL-1-L-0041,false,,,,1 L,item,,14,5660,0,5,,Laziz Pure Vegetable Oil 1 L Nigeria product pack,Pending automated product-image enrichment,Public retail reference — do not treat as wholesale cost,,,Nigeria/Imported,2026-08-10,Public Nigerian retail reference; recheck supplier cost before publishing.,5660,https://www.supermart.ng/collections/groundnut-vegetable-oil,https://www.supermart.ng/products/laziz-pure-vegetable-oil-1-l,https://www.supermart.ng/products/laziz-pure-vegetable-oil-1-l,verified-current,95,0,pending-image,verified-reference
Golden Penny Pure Vegetable Oil 4 L,Golden Penny,oil,Vegetable Oil,BSV-GOLDEN-PENNY-PURE-VEGETABLE-OIL-4-L-0042,false,,,,4 L,item,,14,16000,0,5,,Golden Penny Pure Vegetable Oil 4 L Nigeria product pack,Pending automated product-image enrichment,Public retail reference — do not treat as wholesale cost,,,Nigeria/Imported,2026-08-10,Public Nigerian retail reference; recheck supplier cost before publishing.,16000,https://www.supermart.ng/collections/groundnut-vegetable-oil,https://www.supermart.ng/products/golden-penny-pure-vegetable-oil-4-l,https://www.supermart.ng/products/golden-penny-pure-vegetable-oil-4-l,verified-current,95,0,pending-image,verified-reference
Laziz Pure Vegetable Oil 750 ml,Laziz,oil,Vegetable Oil,BSV-LAZIZ-PURE-VEGETABLE-OIL-750-ML-0043,false,,,,750 ml,item,,14,4450,0,5,,Laziz Pure Vegetable Oil 750 ml Nigeria product pack,Pending automated product-image enrichment,Public retail reference — do not treat as wholesale cost,,,Nigeria/Imported,2026-08-10,Public Nigerian retail reference; recheck supplier cost before publishing.,4450,https://www.supermart.ng/collections/groundnut-vegetable-oil,https://www.supermart.ng/products/laziz-pure-vegetable-oil-750-ml,https://www.supermart.ng/products/laziz-pure-vegetable-oil-750-ml,verified-current,95,0,pending-image,verified-reference
Activa Pure Vegetable Oil 750 ml,Activa,oil,Vegetable Oil,BSV-ACTIVA-PURE-VEGETABLE-OIL-750-ML-0044,false,,,,750 ml,item,,14,3600,0,5,,Activa Pure Vegetable Oil 750 ml Nigeria product pack,Pending automated product-image enrichment,Public retail reference — do not treat as wholesale cost,,,Nigeria/Imported,2026-08-10,Public Nigerian retail reference; recheck supplier cost before publishing.,3600,https://www.supermart.ng/collections/groundnut-vegetable-oil,https://www.supermart.ng/products/activa-pure-vegetable-oil-750-ml,https://www.supermart.ng/products/activa-pure-vegetable-oil-750-ml,verified-current,95,0,pending-image,verified-reference
Emperor Refined Palm Pure Vegetable Oil 3 L,Emperor,oil,Vegetable Oil,BSV-EMPEROR-REFINED-PALM-PURE-VEGETABLE-OIL--0045,false,,,,3 L,item,,14,14130,0,5,,Emperor Refined Palm Pure Vegetable Oil 3 L Nigeria product pack,Pending automated product-image enrichment,Public retail reference — do not treat as wholesale cost,,,Nigeria/Imported,2026-08-10,Public Nigerian retail reference; recheck supplier cost before publishing.,14130,https://www.supermart.ng/collections/groundnut-vegetable-oil,https://www.supermart.ng/products/emperor-refined-palm-pure-vegetable-oil-3-l,https://www.supermart.ng/products/emperor-refined-palm-pure-vegetable-oil-3-l,verified-current,95,0,pending-image,verified-reference
Dano UHT Full Cream Milk 1 L,Dano,drinks,Milk,BSV-DANO-UHT-FULL-CREAM-MILK-1-L-0046,false,,,,1 L,item,,18,3835,0,5,,Dano UHT Full Cream Milk 1 L Nigeria product pack,Pending automated product-image enrichment,Public retail reference — do not treat as wholesale cost,,,Nigeria/Imported,2026-08-10,Public Nigerian retail reference; recheck supplier cost before publishing.,3835,https://www.supermart.ng/collections/milk,https://www.supermart.ng/products/dano-uht-full-cream-milk-1-l,https://www.supermart.ng/products/dano-uht-full-cream-milk-1-l,verified-current,95,0,pending-image,verified-reference
Cowbell Instant Filled Milk Powder 320 g,Cowbell,drinks,Milk,BSV-COWBELL-INSTANT-FILLED-MILK-POWDER-320-G-0047,false,,,,320 g,item,,18,3480,0,5,,Cowbell Instant Filled Milk Powder 320 g Nigeria product pack,Pending automated product-image enrichment,Public retail reference — do not treat as wholesale cost,,,Nigeria/Imported,2026-08-10,Public Nigerian retail reference; recheck supplier cost before publishing.,3480,https://www.supermart.ng/collections/milk,https://www.supermart.ng/products/cowbell-instant-filled-milk-powder-320-g,https://www.supermart.ng/products/cowbell-instant-filled-milk-powder-320-g,verified-current,95,0,pending-image,verified-reference
Three Crowns Instant Filled Milk 320 g,Three Crowns,drinks,Milk,BSV-THREE-CROWNS-INSTANT-FILLED-MILK-320-G-0048,false,,,,320 g,item,,18,3395,0,5,,Three Crowns Instant Filled Milk 320 g Nigeria product pack,Pending automated product-image enrichment,Public retail reference — do not treat as wholesale cost,,,Nigeria/Imported,2026-08-10,Public Nigerian retail reference; recheck supplier cost before publishing.,3395,https://www.supermart.ng/collections/milk,https://www.supermart.ng/products/three-crowns-instant-filled-milk-320-g,https://www.supermart.ng/products/three-crowns-instant-filled-milk-320-g,verified-current,95,0,pending-image,verified-reference
Dano Full Cream Milk Powder Sachet 350 g,Dano,drinks,Milk,BSV-DANO-FULL-CREAM-MILK-POWDER-SACHET-350-G-0049,false,,,,350 g,item,,18,5770,0,5,,Dano Full Cream Milk Powder Sachet 350 g Nigeria product pack,Pending automated product-image enrichment,Public retail reference — do not treat as wholesale cost,,,Nigeria/Imported,2026-08-10,Public Nigerian retail reference; recheck supplier cost before publishing.,5770,https://www.supermart.ng/collections/milk,https://www.supermart.ng/products/dano-full-cream-milk-powder-sachet-350-g,https://www.supermart.ng/products/dano-full-cream-milk-powder-sachet-350-g,verified-current,95,0,pending-image,verified-reference
Peak Instant Full Cream Milk Powder Sachet 800 g,Peak,drinks,Milk,BSV-PEAK-INSTANT-FULL-CREAM-MILK-POWDER-SACH-0050,false,,,,800 g,item,,18,10730,0,5,,Peak Instant Full Cream Milk Powder Sachet 800 g Nigeria product pack,Pending automated product-image enrichment,Public retail reference — do not treat as wholesale cost,,,Nigeria/Imported,2026-08-10,Public Nigerian retail reference; recheck supplier cost before publishing.,10730,https://www.supermart.ng/collections/milk,https://www.supermart.ng/products/peak-instant-full-cream-milk-powder-sachet-800-g,https://www.supermart.ng/products/peak-instant-full-cream-milk-powder-sachet-800-g,verified-current,95,0,pending-image,verified-reference
Kerrygold Avantage Milk Powder Sachet 320 g,Kerrygold,drinks,Milk,BSV-KERRYGOLD-AVANTAGE-MILK-POWDER-SACHET-32-0051,false,,,,320 g,item,,18,3660,0,5,,Kerrygold Avantage Milk Powder Sachet 320 g Nigeria product pack,Pending automated product-image enrichment,Public retail reference — do not treat as wholesale cost,,,Nigeria/Imported,2026-08-10,Public Nigerian retail reference; recheck supplier cost before publishing.,3660,https://www.supermart.ng/collections/milk,https://www.supermart.ng/products/kerrygold-avantage-milk-powder-sachet-320-g,https://www.supermart.ng/products/kerrygold-avantage-milk-powder-sachet-320-g,verified-current,95,0,pending-image,verified-reference
Hollandia Full Cream Evaporated Milk 50 g x6,Hollandia,drinks,Milk,BSV-HOLLANDIA-FULL-CREAM-EVAPORATED-MILK-50--0052,false,,,,50 g x6,item,,18,1620,0,5,,Hollandia Full Cream Evaporated Milk 50 g x6 Nigeria product pack,Pending automated product-image enrichment,Public retail reference — do not treat as wholesale cost,,,Nigeria/Imported,2026-08-10,Public Nigerian retail reference; recheck supplier cost before publishing.,1620,https://www.supermart.ng/collections/milk,https://www.supermart.ng/products/hollandia-full-cream-evaporated-milk-50-g-x6,https://www.supermart.ng/products/hollandia-full-cream-evaporated-milk-50-g-x6,verified-current,95,0,pending-image,verified-reference
Three Crowns Evaporated Milk 160 g,Three Crowns,drinks,Milk,BSV-THREE-CROWNS-EVAPORATED-MILK-160-G-0053,false,,,,160 g,item,,18,815,0,5,,Three Crowns Evaporated Milk 160 g Nigeria product pack,Pending automated product-image enrichment,Public retail reference — do not treat as wholesale cost,,,Nigeria/Imported,2026-08-10,Public Nigerian retail reference; recheck supplier cost before publishing.,815,https://www.supermart.ng/collections/milk,https://www.supermart.ng/products/three-crowns-evaporated-milk-160-g,https://www.supermart.ng/products/three-crowns-evaporated-milk-160-g,verified-current,95,0,pending-image,verified-reference
Peak Instant Full Cream Milk Powder Tin 400 g,Peak,drinks,Milk,BSV-PEAK-INSTANT-FULL-CREAM-MILK-POWDER-TIN--0054,false,,,,400 g,item,,18,6450,0,5,,Peak Instant Full Cream Milk Powder Tin 400 g Nigeria product pack,Pending automated product-image enrichment,Public retail reference — do not treat as wholesale cost,,,Nigeria/Imported,2026-08-10,Public Nigerian retail reference; recheck supplier cost before publishing.,6450,https://www.supermart.ng/collections/milk,https://www.supermart.ng/products/peak-instant-full-cream-milk-powder-tin-400-g,https://www.supermart.ng/products/peak-instant-full-cream-milk-powder-tin-400-g,verified-current,95,0,pending-image,verified-reference
Dano Cool Cow Instant Filled Milk Powder Sachet 320 g,Dano,drinks,Milk,BSV-DANO-COOL-COW-INSTANT-FILLED-MILK-POWDER-0055,false,,,,320 g,item,,18,3870,0,5,,Dano Cool Cow Instant Filled Milk Powder Sachet 320 g Nigeria product pack,Pending automated product-image enrichment,Public retail reference — do not treat as wholesale cost,,,Nigeria/Imported,2026-08-10,Public Nigerian retail reference; recheck supplier cost before publishing.,3870,https://www.supermart.ng/collections/milk,https://www.supermart.ng/products/dano-cool-cow-instant-filled-milk-powder-sachet-320-g,https://www.supermart.ng/products/dano-cool-cow-instant-filled-milk-powder-sachet-320-g,verified-current,95,0,pending-image,verified-reference
Peak Evaporated Full Cream Milk 150 g (NG),Peak,drinks,Milk,BSV-PEAK-EVAPORATED-FULL-CREAM-MILK-150-G-NG-0056,false,,,,150 g,item,,18,1295,0,5,,Peak Evaporated Full Cream Milk 150 g (NG) Nigeria product pack,Pending automated product-image enrichment,Public retail reference — do not treat as wholesale cost,,,Nigeria/Imported,2026-08-10,Public Nigerian retail reference; recheck supplier cost before publishing.,1295,https://www.supermart.ng/collections/milk,https://www.supermart.ng/products/peak-evaporated-full-cream-milk-150-g-ng,https://www.supermart.ng/products/peak-evaporated-full-cream-milk-150-g-ng,verified-current,95,0,pending-image,verified-reference
Cheerios Honey Cereal 370 g,Cheerios,grains,Breakfast Cereals,BSV-CHEERIOS-HONEY-CEREAL-370-G-0057,false,,,,370 g,item,,16,9200,0,5,,Cheerios Honey Cereal 370 g Nigeria product pack,Pending automated product-image enrichment,Public retail reference — do not treat as wholesale cost,,,Nigeria/Imported,2026-08-10,Public Nigerian retail reference; recheck supplier cost before publishing.,9200,https://www.supermart.ng/collections/breakfast-cereals,https://www.supermart.ng/products/cheerios-honey-cereal-370-g,https://www.supermart.ng/products/cheerios-honey-cereal-370-g,verified-current,95,0,pending-image,verified-reference
Kellogg's Special K 500 g,Kellogg's,grains,Breakfast Cereals,BSV-KELLOGG-S-SPECIAL-K-500-G-0058,false,,,,500 g,item,,16,11770,0,5,,Kellogg's Special K 500 g Nigeria product pack,Pending automated product-image enrichment,Public retail reference — do not treat as wholesale cost,,,Nigeria/Imported,2026-08-10,Public Nigerian retail reference; recheck supplier cost before publishing.,11770,https://www.supermart.ng/collections/breakfast-cereals,https://www.supermart.ng/products/kellogg-s-special-k-500-g,https://www.supermart.ng/products/kellogg-s-special-k-500-g,verified-current,95,0,pending-image,verified-reference
Quaker White Oats Sachet 385 g,Quaker,grains,Breakfast Cereals,BSV-QUAKER-WHITE-OATS-SACHET-385-G-0059,false,,,,385 g,item,,16,3185,0,5,,Quaker White Oats Sachet 385 g Nigeria product pack,Pending automated product-image enrichment,Public retail reference — do not treat as wholesale cost,,,Nigeria/Imported,2026-08-10,Public Nigerian retail reference; recheck supplier cost before publishing.,3185,https://www.supermart.ng/collections/breakfast-cereals,https://www.supermart.ng/products/quaker-white-oats-sachet-385-g,https://www.supermart.ng/products/quaker-white-oats-sachet-385-g,verified-current,95,0,pending-image,verified-reference
Nestle Golden Morn Maize & Soya 800 g,Nestle,grains,Breakfast Cereals,BSV-NESTLE-GOLDEN-MORN-MAIZE-SOYA-800-G-0060,false,,,,800 g,item,,16,5120,0,5,,Nestle Golden Morn Maize & Soya 800 g Nigeria product pack,Pending automated product-image enrichment,Public retail reference — do not treat as wholesale cost,,,Nigeria/Imported,2026-08-10,Public Nigerian retail reference; recheck supplier cost before publishing.,5120,https://www.supermart.ng/collections/breakfast-cereals,https://www.supermart.ng/products/nestle-golden-morn-maize-soya-800-g,https://www.supermart.ng/products/nestle-golden-morn-maize-soya-800-g,verified-current,95,0,pending-image,verified-reference
Weetabix x24,Weetabix,grains,Breakfast Cereals,BSV-WEETABIX-X24-0061,false,,,,x24,item,,16,10950,0,5,,Weetabix x24 Nigeria product pack,Pending automated product-image enrichment,Public retail reference — do not treat as wholesale cost,,,Nigeria/Imported,2026-08-10,Public Nigerian retail reference; recheck supplier cost before publishing.,10950,https://www.supermart.ng/collections/breakfast-cereals,https://www.supermart.ng/products/weetabix-x24,https://www.supermart.ng/products/weetabix-x24,verified-current,95,0,pending-image,verified-reference
Kellogg's Fruit N Fibre 500 g,Kellogg's,grains,Breakfast Cereals,BSV-KELLOGG-S-FRUIT-N-FIBRE-500-G-0062,false,,,,500 g,item,,16,11920,0,5,,Kellogg's Fruit N Fibre 500 g Nigeria product pack,Pending automated product-image enrichment,Public retail reference — do not treat as wholesale cost,,,Nigeria/Imported,2026-08-10,Public Nigerian retail reference; recheck supplier cost before publishing.,11920,https://www.supermart.ng/collections/breakfast-cereals,https://www.supermart.ng/products/kellogg-s-fruit-n-fibre-500-g,https://www.supermart.ng/products/kellogg-s-fruit-n-fibre-500-g,verified-current,95,0,pending-image,verified-reference
Kellogg's Crunchy Nut 500 g (UK),Kellogg's,grains,Breakfast Cereals,BSV-KELLOGG-S-CRUNCHY-NUT-500-G-UK-0063,false,,,,500 g,item,,16,10115,0,5,,Kellogg's Crunchy Nut 500 g (UK) Nigeria product pack,Pending automated product-image enrichment,Public retail reference — do not treat as wholesale cost,,,Nigeria/Imported,2026-08-10,Public Nigerian retail reference; recheck supplier cost before publishing.,10115,https://www.supermart.ng/collections/breakfast-cereals,https://www.supermart.ng/products/kellogg-s-crunchy-nut-500-g-uk,https://www.supermart.ng/products/kellogg-s-crunchy-nut-500-g-uk,verified-current,95,0,pending-image,verified-reference
Checkers Custard Pap Flavour Akamu Ogi Koko Jar 400 g,Checkers,grains,Breakfast Cereals,BSV-CHECKERS-CUSTARD-PAP-FLAVOUR-AKAMU-OGI-K-0064,false,,,,400 g,item,,16,2585,0,5,,Checkers Custard Pap Flavour Akamu Ogi Koko Jar 400 g Nigeria product pack,Pending automated product-image enrichment,Public retail reference — do not treat as wholesale cost,,,Nigeria/Imported,2026-08-10,Public Nigerian retail reference; recheck supplier cost before publishing.,2585,https://www.supermart.ng/collections/breakfast-cereals,https://www.supermart.ng/products/checkers-custard-pap-flavour-akamu-ogi-koko-jar-400-g,https://www.supermart.ng/products/checkers-custard-pap-flavour-akamu-ogi-koko-jar-400-g,verified-current,95,0,pending-image,verified-reference
Crownfield Granola Raisin & Almond 1 kg,Crownfield,grains,Breakfast Cereals,BSV-CROWNFIELD-GRANOLA-RAISIN-ALMOND-1-KG-0065,false,,,,1 kg,item,,16,13080,0,5,,Crownfield Granola Raisin & Almond 1 kg Nigeria product pack,Pending automated product-image enrichment,Public retail reference — do not treat as wholesale cost,,,Nigeria/Imported,2026-08-10,Public Nigerian retail reference; recheck supplier cost before publishing.,13080,https://www.supermart.ng/collections/breakfast-cereals,https://www.supermart.ng/products/crownfield-granola-raisin-almond-1-kg,https://www.supermart.ng/products/crownfield-granola-raisin-almond-1-kg,verified-current,95,0,pending-image,verified-reference
De Rica Tomato Paste Sachet 70 g x10,De Rica,spices,Tomato Paste & Cooking Mix,BSV-DE-RICA-TOMATO-PASTE-SACHET-70-G-X10-0066,false,,,,70 g x10,item,,22,2050,0,5,,De Rica Tomato Paste Sachet 70 g x10 Nigeria product pack,Pending automated product-image enrichment,Public retail reference — do not treat as wholesale cost,,,Nigeria/Imported,2026-08-10,Public Nigerian retail reference; recheck supplier cost before publishing.,2050,https://www.supermart.ng/collections/tomato-paste,https://www.supermart.ng/products/de-rica-tomato-paste-sachet-70-g-x10,https://www.supermart.ng/products/de-rica-tomato-paste-sachet-70-g-x10,verified-current,95,0,pending-image,verified-reference
Tasty Tom Tomato Mix 210 g,Tasty Tom,spices,Tomato Paste & Cooking Mix,BSV-TASTY-TOM-TOMATO-MIX-210-G-0067,false,,,,210 g,item,,22,645,0,5,,Tasty Tom Tomato Mix 210 g Nigeria product pack,Pending automated product-image enrichment,Public retail reference — do not treat as wholesale cost,,,Nigeria/Imported,2026-08-10,Public Nigerian retail reference; recheck supplier cost before publishing.,645,https://www.supermart.ng/collections/tomato-paste,https://www.supermart.ng/products/tasty-tom-tomato-mix-210-g,https://www.supermart.ng/products/tasty-tom-tomato-mix-210-g,verified-current,95,0,pending-image,verified-reference
Gino Magic Peppe & Onion Tomato Mix Sachet 70 g x10,Gino,spices,Tomato Paste & Cooking Mix,BSV-GINO-MAGIC-PEPPE-ONION-TOMATO-MIX-SACHET-0068,false,,,,70 g x10,item,,22,2050,0,5,,Gino Magic Peppe & Onion Tomato Mix Sachet 70 g x10 Nigeria product pack,Pending automated product-image enrichment,Public retail reference — do not treat as wholesale cost,,,Nigeria/Imported,2026-08-10,Public Nigerian retail reference; recheck supplier cost before publishing.,2050,https://www.supermart.ng/collections/tomato-paste,https://www.supermart.ng/products/gino-magic-peppe-onion-tomato-mix-sachet-70-g-x10,https://www.supermart.ng/products/gino-magic-peppe-onion-tomato-mix-sachet-70-g-x10,verified-current,95,0,pending-image,verified-reference
Gino Party Jollof Tomato Seasoning Mix 60 g,Gino,spices,Tomato Paste & Cooking Mix,BSV-GINO-PARTY-JOLLOF-TOMATO-SEASONING-MIX-6-0069,false,,,,60 g,item,,22,245,0,5,,Gino Party Jollof Tomato Seasoning Mix 60 g Nigeria product pack,Pending automated product-image enrichment,Public retail reference — do not treat as wholesale cost,,,Nigeria/Imported,2026-08-10,Public Nigerian retail reference; recheck supplier cost before publishing.,245,https://www.supermart.ng/collections/tomato-paste,https://www.supermart.ng/products/gino-party-jollof-tomato-seasoning-mix-60-g,https://www.supermart.ng/products/gino-party-jollof-tomato-seasoning-mix-60-g,verified-current,95,0,pending-image,verified-reference
Sonia Tomato Paste Tin 400 g,Sonia,spices,Tomato Paste & Cooking Mix,BSV-SONIA-TOMATO-PASTE-TIN-400-G-0070,false,,,,400 g,item,,22,1425,0,5,,Sonia Tomato Paste Tin 400 g Nigeria product pack,Pending automated product-image enrichment,Public retail reference — do not treat as wholesale cost,,,Nigeria/Imported,2026-08-10,Public Nigerian retail reference; recheck supplier cost before publishing.,1425,https://www.supermart.ng/collections/tomato-paste,https://www.supermart.ng/products/sonia-tomato-paste-tin-400-g,https://www.supermart.ng/products/sonia-tomato-paste-tin-400-g,verified-current,95,0,pending-image,verified-reference
Gino Tomato Paste Sachet 70 g x10,Gino,spices,Tomato Paste & Cooking Mix,BSV-GINO-TOMATO-PASTE-SACHET-70-G-X10-0071,false,,,,70 g x10,item,,22,2200,0,5,,Gino Tomato Paste Sachet 70 g x10 Nigeria product pack,Pending automated product-image enrichment,Public retail reference — do not treat as wholesale cost,,,Nigeria/Imported,2026-08-10,Public Nigerian retail reference; recheck supplier cost before publishing.,2200,https://www.supermart.ng/collections/tomato-paste,https://www.supermart.ng/products/gino-tomato-paste-sachet-70-g-x10,https://www.supermart.ng/products/gino-tomato-paste-sachet-70-g-x10,verified-current,95,0,pending-image,verified-reference
Sonia Pepper & Onion Tomato Seasoning Mix 70 g,Sonia,spices,Tomato Paste & Cooking Mix,BSV-SONIA-PEPPER-ONION-TOMATO-SEASONING-MIX--0072,false,,,,70 g,item,,22,185,0,5,,Sonia Pepper & Onion Tomato Seasoning Mix 70 g Nigeria product pack,Pending automated product-image enrichment,Public retail reference — do not treat as wholesale cost,,,Nigeria/Imported,2026-08-10,Public Nigerian retail reference; recheck supplier cost before publishing.,185,https://www.supermart.ng/collections/tomato-paste,https://www.supermart.ng/products/sonia-pepper-onion-tomato-seasoning-mix-70-g,https://www.supermart.ng/products/sonia-pepper-onion-tomato-seasoning-mix-70-g,verified-current,95,0,pending-image,verified-reference
Sonia Tomato Paste Sachet 70 g x10,Sonia,spices,Tomato Paste & Cooking Mix,BSV-SONIA-TOMATO-PASTE-SACHET-70-G-X10-0073,false,,,,70 g x10,item,,22,1850,0,5,,Sonia Tomato Paste Sachet 70 g x10 Nigeria product pack,Pending automated product-image enrichment,Public retail reference — do not treat as wholesale cost,,,Nigeria/Imported,2026-08-10,Public Nigerian retail reference; recheck supplier cost before publishing.,1850,https://www.supermart.ng/collections/tomato-paste,https://www.supermart.ng/products/sonia-tomato-paste-sachet-70-g-x10,https://www.supermart.ng/products/sonia-tomato-paste-sachet-70-g-x10,verified-current,95,0,pending-image,verified-reference
Tasty Tom Tomato Mix Paste 70 g,Tasty Tom,spices,Tomato Paste & Cooking Mix,BSV-TASTY-TOM-TOMATO-MIX-PASTE-70-G-0074,false,,,,70 g,item,,22,200,0,5,,Tasty Tom Tomato Mix Paste 70 g Nigeria product pack,Pending automated product-image enrichment,Public retail reference — do not treat as wholesale cost,,,Nigeria/Imported,2026-08-10,Public Nigerian retail reference; recheck supplier cost before publishing.,200,https://www.supermart.ng/collections/tomato-paste,https://www.supermart.ng/products/tasty-tom-tomato-mix-paste-70-g,https://www.supermart.ng/products/tasty-tom-tomato-mix-paste-70-g,verified-current,95,0,pending-image,verified-reference
Terra Peppe Cooking Paste 180 g,Terra,spices,Tomato Paste & Cooking Mix,BSV-TERRA-PEPPE-COOKING-PASTE-180-G-0075,false,,,,180 g,item,,22,560,0,5,,Terra Peppe Cooking Paste 180 g Nigeria product pack,Pending automated product-image enrichment,Public retail reference — do not treat as wholesale cost,,,Nigeria/Imported,2026-08-10,Public Nigerian retail reference; recheck supplier cost before publishing.,560,https://www.supermart.ng/collections/tomato-paste,https://www.supermart.ng/products/terra-peppe-cooking-paste-180-g,https://www.supermart.ng/products/terra-peppe-cooking-paste-180-g,verified-current,95,0,pending-image,verified-reference
Gino Tomato Paste Tin 400 g,Gino,spices,Tomato Paste & Cooking Mix,BSV-GINO-TOMATO-PASTE-TIN-400-G-0076,false,,,,400 g,item,,22,1935,0,5,,Gino Tomato Paste Tin 400 g Nigeria product pack,Pending automated product-image enrichment,Public retail reference — do not treat as wholesale cost,,,Nigeria/Imported,2026-08-10,Public Nigerian retail reference; recheck supplier cost before publishing.,1935,https://www.supermart.ng/collections/tomato-paste,https://www.supermart.ng/products/gino-tomato-paste-tin-400-g,https://www.supermart.ng/products/gino-tomato-paste-tin-400-g,verified-current,95,0,pending-image,verified-reference
Sonia Tomato Paste Tin 210 g,Sonia,spices,Tomato Paste & Cooking Mix,BSV-SONIA-TOMATO-PASTE-TIN-210-G-0077,false,,,,210 g,item,,22,825,0,5,,Sonia Tomato Paste Tin 210 g Nigeria product pack,Pending automated product-image enrichment,Public retail reference — do not treat as wholesale cost,,,Nigeria/Imported,2026-08-10,Public Nigerian retail reference; recheck supplier cost before publishing.,825,https://www.supermart.ng/collections/tomato-paste,https://www.supermart.ng/products/sonia-tomato-paste-tin-210-g,https://www.supermart.ng/products/sonia-tomato-paste-tin-210-g,verified-current,95,0,pending-image,verified-reference
Vitapepe Tomato Pepper Paste With Onion 70 g,Vitapepe,spices,Tomato Paste & Cooking Mix,BSV-VITAPEPE-TOMATO-PEPPER-PASTE-WITH-ONION--0078,false,,,,70 g,item,,22,175,0,5,,Vitapepe Tomato Pepper Paste With Onion 70 g Nigeria product pack,Pending automated product-image enrichment,Public retail reference — do not treat as wholesale cost,,,Nigeria/Imported,2026-08-10,Public Nigerian retail reference; recheck supplier cost before publishing.,175,https://www.supermart.ng/collections/tomato-paste,https://www.supermart.ng/products/vitapepe-tomato-pepper-paste-with-onion-70-g,https://www.supermart.ng/products/vitapepe-tomato-pepper-paste-with-onion-70-g,verified-current,95,0,pending-image,verified-reference
Tasty Tom Jollof Mix Paste 70 g,Tasty Tom,spices,Tomato Paste & Cooking Mix,BSV-TASTY-TOM-JOLLOF-MIX-PASTE-70-G-0079,false,,,,70 g,item,,22,220,0,5,,Tasty Tom Jollof Mix Paste 70 g Nigeria product pack,Pending automated product-image enrichment,Public retail reference — do not treat as wholesale cost,,,Nigeria/Imported,2026-08-10,Public Nigerian retail reference; recheck supplier cost before publishing.,220,https://www.supermart.ng/collections/tomato-paste,https://www.supermart.ng/products/tasty-tom-jollof-mix-paste-70-g,https://www.supermart.ng/products/tasty-tom-jollof-mix-paste-70-g,verified-current,95,0,pending-image,verified-reference
Erisco Tomato Paste Tin 210 g,Erisco,spices,Tomato Paste & Cooking Mix,BSV-ERISCO-TOMATO-PASTE-TIN-210-G-0080,false,,,,210 g,item,,22,720,0,5,,Erisco Tomato Paste Tin 210 g Nigeria product pack,Pending automated product-image enrichment,Public retail reference — do not treat as wholesale cost,,,Nigeria/Imported,2026-08-10,Public Nigerian retail reference; recheck supplier cost before publishing.,720,https://www.supermart.ng/collections/tomato-paste,https://www.supermart.ng/products/erisco-tomato-paste-tin-210-g,https://www.supermart.ng/products/erisco-tomato-paste-tin-210-g,verified-current,95,0,pending-image,verified-reference
Sonia Tomato Mix Sachet 210 g,Sonia,spices,Tomato Paste & Cooking Mix,BSV-SONIA-TOMATO-MIX-SACHET-210-G-0081,false,,,,210 g,item,,22,725,0,5,,Sonia Tomato Mix Sachet 210 g Nigeria product pack,Pending automated product-image enrichment,Public retail reference — do not treat as wholesale cost,,,Nigeria/Imported,2026-08-10,Public Nigerian retail reference; recheck supplier cost before publishing.,725,https://www.supermart.ng/collections/tomato-paste,https://www.supermart.ng/products/sonia-tomato-mix-sachet-210-g,https://www.supermart.ng/products/sonia-tomato-mix-sachet-210-g,verified-current,95,0,pending-image,verified-reference
Erisco Tomato Paste 65.7 g,Erisco,spices,Tomato Paste & Cooking Mix,BSV-ERISCO-TOMATO-PASTE-65-7-G-0082,false,,,,65.7 g,item,,22,175,0,5,,Erisco Tomato Paste 65.7 g Nigeria product pack,Pending automated product-image enrichment,Public retail reference — do not treat as wholesale cost,,,Nigeria/Imported,2026-08-10,Public Nigerian retail reference; recheck supplier cost before publishing.,175,https://www.supermart.ng/collections/tomato-paste,https://www.supermart.ng/products/erisco-tomato-paste-65-7-g,https://www.supermart.ng/products/erisco-tomato-paste-65-7-g,verified-current,95,0,pending-image,verified-reference
De Rica Tomato Mix 210 g,De Rica,spices,Tomato Paste & Cooking Mix,BSV-DE-RICA-TOMATO-MIX-210-G-0083,false,,,,210 g,item,,22,670,0,5,,De Rica Tomato Mix 210 g Nigeria product pack,Pending automated product-image enrichment,Public retail reference — do not treat as wholesale cost,,,Nigeria/Imported,2026-08-10,Public Nigerian retail reference; recheck supplier cost before publishing.,670,https://www.supermart.ng/collections/tomato-paste,https://www.supermart.ng/products/de-rica-tomato-mix-210-g,https://www.supermart.ng/products/de-rica-tomato-mix-210-g,verified-current,95,0,pending-image,verified-reference
Tasty Tom Tomato Mix 400 g,Tasty Tom,spices,Tomato Paste & Cooking Mix,BSV-TASTY-TOM-TOMATO-MIX-400-G-0084,false,,,,400 g,item,,22,1120,0,5,,Tasty Tom Tomato Mix 400 g Nigeria product pack,Pending automated product-image enrichment,Public retail reference — do not treat as wholesale cost,,,Nigeria/Imported,2026-08-10,Public Nigerian retail reference; recheck supplier cost before publishing.,1120,https://www.supermart.ng/collections/tomato-paste,https://www.supermart.ng/products/tasty-tom-tomato-mix-400-g,https://www.supermart.ng/products/tasty-tom-tomato-mix-400-g,verified-current,95,0,pending-image,verified-reference
Tasty Tom Tomato Mix 1.1 kg,Tasty Tom,spices,Tomato Paste & Cooking Mix,BSV-TASTY-TOM-TOMATO-MIX-1-1-KG-0085,false,,,,1.1 kg,item,,22,2860,0,5,,Tasty Tom Tomato Mix 1.1 kg Nigeria product pack,Pending automated product-image enrichment,Public retail reference — do not treat as wholesale cost,,,Nigeria/Imported,2026-08-10,Public Nigerian retail reference; recheck supplier cost before publishing.,2860,https://www.supermart.ng/collections/tomato-paste,https://www.supermart.ng/products/tasty-tom-tomato-mix-1-1-kg,https://www.supermart.ng/products/tasty-tom-tomato-mix-1-1-kg,verified-current,95,0,pending-image,verified-reference
Sonia Tomato Mix Tin 2.2 kg,Sonia,spices,Tomato Paste & Cooking Mix,BSV-SONIA-TOMATO-MIX-TIN-2-2-KG-0086,false,,,,2.2 kg,item,,22,6775,0,5,,Sonia Tomato Mix Tin 2.2 kg Nigeria product pack,Pending automated product-image enrichment,Public retail reference — do not treat as wholesale cost,,,Nigeria/Imported,2026-08-10,Public Nigerian retail reference; recheck supplier cost before publishing.,6775,https://www.supermart.ng/collections/tomato-paste,https://www.supermart.ng/products/sonia-tomato-mix-tin-2-2-kg,https://www.supermart.ng/products/sonia-tomato-mix-tin-2-2-kg,verified-current,95,0,pending-image,verified-reference
Sonia Tomato Mix 1.1 kg,Sonia,spices,Tomato Paste & Cooking Mix,BSV-SONIA-TOMATO-MIX-1-1-KG-0087,false,,,,1.1 kg,item,,22,3125,0,5,,Sonia Tomato Mix 1.1 kg Nigeria product pack,Pending automated product-image enrichment,Public retail reference — do not treat as wholesale cost,,,Nigeria/Imported,2026-08-10,Public Nigerian retail reference; recheck supplier cost before publishing.,3125,https://www.supermart.ng/collections/tomato-paste,https://www.supermart.ng/products/sonia-tomato-mix-1-1-kg,https://www.supermart.ng/products/sonia-tomato-mix-1-1-kg,verified-current,95,0,pending-image,verified-reference
De Rica Tomato Mix 400 g,De Rica,spices,Tomato Paste & Cooking Mix,BSV-DE-RICA-TOMATO-MIX-400-G-0088,false,,,,400 g,item,,22,1135,0,5,,De Rica Tomato Mix 400 g Nigeria product pack,Pending automated product-image enrichment,Public retail reference — do not treat as wholesale cost,,,Nigeria/Imported,2026-08-10,Public Nigerian retail reference; recheck supplier cost before publishing.,1135,https://www.supermart.ng/collections/tomato-paste,https://www.supermart.ng/products/de-rica-tomato-mix-400-g,https://www.supermart.ng/products/de-rica-tomato-mix-400-g,verified-current,95,0,pending-image,verified-reference
Erisco Tomato Paste Tin 400 g,Erisco,spices,Tomato Paste & Cooking Mix,BSV-ERISCO-TOMATO-PASTE-TIN-400-G-0089,false,,,,400 g,item,,22,1235,0,5,,Erisco Tomato Paste Tin 400 g Nigeria product pack,Pending automated product-image enrichment,Public retail reference — do not treat as wholesale cost,,,Nigeria/Imported,2026-08-10,Public Nigerian retail reference; recheck supplier cost before publishing.,1235,https://www.supermart.ng/collections/tomato-paste,https://www.supermart.ng/products/erisco-tomato-paste-tin-400-g,https://www.supermart.ng/products/erisco-tomato-paste-tin-400-g,verified-current,95,0,pending-image,verified-reference
Tomato Jos Paste 65 g,Tomato Jos,spices,Tomato Paste & Cooking Mix,BSV-TOMATO-JOS-PASTE-65-G-0090,false,,,,65 g,item,,22,180,0,5,,Tomato Jos Paste 65 g Nigeria product pack,Pending automated product-image enrichment,Public retail reference — do not treat as wholesale cost,,,Nigeria/Imported,2026-08-10,Public Nigerian retail reference; recheck supplier cost before publishing.,180,https://www.supermart.ng/collections/tomato-paste,https://www.supermart.ng/products/tomato-jos-paste-65-g,https://www.supermart.ng/products/tomato-jos-paste-65-g,verified-current,95,0,pending-image,verified-reference
Vitali Tomato Mix Paste Sachet 70 g,Vitali,spices,Tomato Paste & Cooking Mix,BSV-VITALI-TOMATO-MIX-PASTE-SACHET-70-G-0091,false,,,,70 g,item,,22,170,0,5,,Vitali Tomato Mix Paste Sachet 70 g Nigeria product pack,Pending automated product-image enrichment,Public retail reference — do not treat as wholesale cost,,,Nigeria/Imported,2026-08-10,Public Nigerian retail reference; recheck supplier cost before publishing.,170,https://www.supermart.ng/collections/tomato-paste,https://www.supermart.ng/products/vitali-tomato-mix-paste-sachet-70-g,https://www.supermart.ng/products/vitali-tomato-mix-paste-sachet-70-g,verified-current,95,0,pending-image,verified-reference
Gino Tomato Paste Tin 210 g,Gino,spices,Tomato Paste & Cooking Mix,BSV-GINO-TOMATO-PASTE-TIN-210-G-0092,false,,,,210 g,item,,22,1020,0,5,,Gino Tomato Paste Tin 210 g Nigeria product pack,Pending automated product-image enrichment,Public retail reference — do not treat as wholesale cost,,,Nigeria/Imported,2026-08-10,Public Nigerian retail reference; recheck supplier cost before publishing.,1020,https://www.supermart.ng/collections/tomato-paste,https://www.supermart.ng/products/gino-tomato-paste-tin-210-g,https://www.supermart.ng/products/gino-tomato-paste-tin-210-g,verified-current,95,0,pending-image,verified-reference
Tasty Tom Jollof Mix Paste 210 g,Tasty Tom,spices,Tomato Paste & Cooking Mix,BSV-TASTY-TOM-JOLLOF-MIX-PASTE-210-G-0093,false,,,,210 g,item,,22,655,0,5,,Tasty Tom Jollof Mix Paste 210 g Nigeria product pack,Pending automated product-image enrichment,Public retail reference — do not treat as wholesale cost,,,Nigeria/Imported,2026-08-10,Public Nigerian retail reference; recheck supplier cost before publishing.,655,https://www.supermart.ng/collections/tomato-paste,https://www.supermart.ng/products/tasty-tom-jollof-mix-paste-210-g,https://www.supermart.ng/products/tasty-tom-jollof-mix-paste-210-g,verified-current,95,0,pending-image,verified-reference
Sonia Tomato Mix Sachet 400 g,Sonia,spices,Tomato Paste & Cooking Mix,BSV-SONIA-TOMATO-MIX-SACHET-400-G-0094,false,,,,400 g,item,,22,1235,0,5,,Sonia Tomato Mix Sachet 400 g Nigeria product pack,Pending automated product-image enrichment,Public retail reference — do not treat as wholesale cost,,,Nigeria/Imported,2026-08-10,Public Nigerian retail reference; recheck supplier cost before publishing.,1235,https://www.supermart.ng/collections/tomato-paste,https://www.supermart.ng/products/sonia-tomato-mix-sachet-400-g,https://www.supermart.ng/products/sonia-tomato-mix-sachet-400-g,verified-current,95,0,pending-image,verified-reference
Titus Sardines 125 g,Titus,grains,Canned Fish & Meat,BSV-TITUS-SARDINES-125-G-0095,false,,,,125 g,item,,16,2185,0,5,,Titus Sardines 125 g Nigeria product pack,Pending automated product-image enrichment,Public retail reference — do not treat as wholesale cost,,,Nigeria/Imported,2026-08-10,Public Nigerian retail reference; recheck supplier cost before publishing.,2185,https://www.supermart.ng/collections/canned-fish-meat,https://www.supermart.ng/products/titus-sardines-125-g,https://www.supermart.ng/products/titus-sardines-125-g,verified-current,95,0,pending-image,verified-reference
Geisha Mackerel In Tomato Sauce 155 g,Geisha,grains,Canned Fish & Meat,BSV-GEISHA-MACKEREL-IN-TOMATO-SAUCE-155-G-0096,false,,,,155 g,item,,16,1350,0,5,,Geisha Mackerel In Tomato Sauce 155 g Nigeria product pack,Pending automated product-image enrichment,Public retail reference — do not treat as wholesale cost,,,Nigeria/Imported,2026-08-10,Public Nigerian retail reference; recheck supplier cost before publishing.,1350,https://www.supermart.ng/collections/canned-fish-meat,https://www.supermart.ng/products/geisha-mackerel-in-tomato-sauce-155-g,https://www.supermart.ng/products/geisha-mackerel-in-tomato-sauce-155-g,verified-current,95,0,pending-image,verified-reference
Napa Valley Flake Tuna Fish N Vegetable Oil 170 g,Napa Valley,grains,Canned Fish & Meat,BSV-NAPA-VALLEY-FLAKE-TUNA-FISH-N-VEGETABLE--0097,false,,,,170 g,item,,16,2150,0,5,,Napa Valley Flake Tuna Fish N Vegetable Oil 170 g Nigeria product pack,Pending automated product-image enrichment,Public retail reference — do not treat as wholesale cost,,,Nigeria/Imported,2026-08-10,Public Nigerian retail reference; recheck supplier cost before publishing.,2150,https://www.supermart.ng/collections/canned-fish-meat,https://www.supermart.ng/products/napa-valley-flake-tuna-fish-n-vegetable-oil-170-g,https://www.supermart.ng/products/napa-valley-flake-tuna-fish-n-vegetable-oil-170-g,verified-current,95,0,pending-image,verified-reference
Estus Sardines 125 g,Estus,grains,Canned Fish & Meat,BSV-ESTUS-SARDINES-125-G-0098,false,,,,125 g,item,,16,1585,0,5,,Estus Sardines 125 g Nigeria product pack,Pending automated product-image enrichment,Public retail reference — do not treat as wholesale cost,,,Nigeria/Imported,2026-08-10,Public Nigerian retail reference; recheck supplier cost before publishing.,1585,https://www.supermart.ng/collections/canned-fish-meat,https://www.supermart.ng/products/estus-sardines-125-g,https://www.supermart.ng/products/estus-sardines-125-g,verified-current,95,0,pending-image,verified-reference
Exeter Corned Beef Product of Brazil 340 g,Exeter,grains,Canned Fish & Meat,BSV-EXETER-CORNED-BEEF-PRODUCT-OF-BRAZIL-340-0099,false,,,,340 g,item,,16,5715,0,5,,Exeter Corned Beef Product of Brazil 340 g Nigeria product pack,Pending automated product-image enrichment,Public retail reference — do not treat as wholesale cost,,,Nigeria/Imported,2026-08-10,Public Nigerian retail reference; recheck supplier cost before publishing.,5715,https://www.supermart.ng/collections/canned-fish-meat,https://www.supermart.ng/products/exeter-corned-beef-product-of-brazil-340-g,https://www.supermart.ng/products/exeter-corned-beef-product-of-brazil-340-g,verified-current,95,0,pending-image,verified-reference
Princes Tuna Chunks In Sunflower Oil 160 g,Princes,grains,Canned Fish & Meat,BSV-PRINCES-TUNA-CHUNKS-IN-SUNFLOWER-OIL-160-0100,false,,,,160 g,item,,16,4765,0,5,,Princes Tuna Chunks In Sunflower Oil 160 g Nigeria product pack,Pending automated product-image enrichment,Public retail reference — do not treat as wholesale cost,,,Nigeria/Imported,2026-08-10,Public Nigerian retail reference; recheck supplier cost before publishing.,4765,https://www.supermart.ng/collections/canned-fish-meat,https://www.supermart.ng/products/princes-tuna-chunks-in-sunflower-oil-160-g,https://www.supermart.ng/products/princes-tuna-chunks-in-sunflower-oil-160-g,verified-current,95,0,pending-image,verified-reference
Napa Valley Sardines 125 g,Napa Valley,grains,Canned Fish & Meat,BSV-NAPA-VALLEY-SARDINES-125-G-0101,false,,,,125 g,item,,16,2140,0,5,,Napa Valley Sardines 125 g Nigeria product pack,Pending automated product-image enrichment,Public retail reference — do not treat as wholesale cost,,,Nigeria/Imported,2026-08-10,Public Nigerian retail reference; recheck supplier cost before publishing.,2140,https://www.supermart.ng/collections/canned-fish-meat,https://www.supermart.ng/products/napa-valley-sardines-125-g,https://www.supermart.ng/products/napa-valley-sardines-125-g,verified-current,95,0,pending-image,verified-reference
Plein Soleil Light Meat Tuna In Oil 170 g,Plein Soleil,grains,Canned Fish & Meat,BSV-PLEIN-SOLEIL-LIGHT-MEAT-TUNA-IN-OIL-170--0102,false,,,,170 g,item,,16,2315,0,5,,Plein Soleil Light Meat Tuna In Oil 170 g Nigeria product pack,Pending automated product-image enrichment,Public retail reference — do not treat as wholesale cost,,,Nigeria/Imported,2026-08-10,Public Nigerian retail reference; recheck supplier cost before publishing.,2315,https://www.supermart.ng/collections/canned-fish-meat,https://www.supermart.ng/products/plein-soleil-light-meat-tuna-in-oil-170-g,https://www.supermart.ng/products/plein-soleil-light-meat-tuna-in-oil-170-g,verified-current,95,0,pending-image,verified-reference
Exeter Corned Beef Product of France 200 g,Exeter,grains,Canned Fish & Meat,BSV-EXETER-CORNED-BEEF-PRODUCT-OF-FRANCE-200-0103,false,,,,200 g,item,,16,4140,0,5,,Exeter Corned Beef Product of France 200 g Nigeria product pack,Pending automated product-image enrichment,Public retail reference — do not treat as wholesale cost,,,Nigeria/Imported,2026-08-10,Public Nigerian retail reference; recheck supplier cost before publishing.,4140,https://www.supermart.ng/collections/canned-fish-meat,https://www.supermart.ng/products/exeter-corned-beef-product-of-france-200-g,https://www.supermart.ng/products/exeter-corned-beef-product-of-france-200-g,verified-current,95,0,pending-image,verified-reference
Estus Sardines 125 g x6,Estus,grains,Canned Fish & Meat,BSV-ESTUS-SARDINES-125-G-X6-0104,false,,,,125 g x6,item,,16,9150,0,5,,Estus Sardines 125 g x6 Nigeria product pack,Pending automated product-image enrichment,Public retail reference — do not treat as wholesale cost,,,Nigeria/Imported,2026-08-10,Public Nigerian retail reference; recheck supplier cost before publishing.,9150,https://www.supermart.ng/collections/canned-fish-meat,https://www.supermart.ng/products/estus-sardines-125-g-x6,https://www.supermart.ng/products/estus-sardines-125-g-x6,verified-current,95,0,pending-image,verified-reference
Milo Food Drink Sachet 400 g,Milo,drinks,Food Drinks,BSV-MILO-FOOD-DRINK-SACHET-400-G-0105,false,,,,400 g,item,,18,4160,0,5,,Milo Food Drink Sachet 400 g Nigeria product pack,Pending automated product-image enrichment,Public retail reference — do not treat as wholesale cost,,,Nigeria/Imported,2026-08-10,Public Nigerian retail reference; recheck supplier cost before publishing.,4160,https://www.supermart.ng/collections/food-drinks,https://www.supermart.ng/products/milo-food-drink-sachet-400-g,https://www.supermart.ng/products/milo-food-drink-sachet-400-g,reference-recheck,75,0,pending-image,verified-reference
Bournvita Sachet 380 g,Bournvita,drinks,Food Drinks,BSV-BOURNVITA-SACHET-380-G-0106,false,,,,380 g,item,,18,4440,0,5,,Bournvita Sachet 380 g Nigeria product pack,Pending automated product-image enrichment,Public retail reference — do not treat as wholesale cost,,,Nigeria/Imported,2026-08-10,Public Nigerian retail reference; recheck supplier cost before publishing.,4440,https://www.supermart.ng/collections/food-drinks,https://www.supermart.ng/products/bournvita-sachet-380-g,https://www.supermart.ng/products/bournvita-sachet-380-g,reference-recheck,75,0,pending-image,verified-reference
Ovaltine Malted Food Drink Sachet 350 g,Ovaltine,drinks,Food Drinks,BSV-OVALTINE-MALTED-FOOD-DRINK-SACHET-350-G-0107,false,,,,350 g,item,,18,4350,0,5,,Ovaltine Malted Food Drink Sachet 350 g Nigeria product pack,Pending automated product-image enrichment,Public retail reference — do not treat as wholesale cost,,,Nigeria/Imported,2026-08-10,Public Nigerian retail reference; recheck supplier cost before publishing.,4350,https://www.supermart.ng/collections/food-drinks,https://www.supermart.ng/products/ovaltine-malted-food-drink-sachet-350-g,https://www.supermart.ng/products/ovaltine-malted-food-drink-sachet-350-g,reference-recheck,75,0,pending-image,verified-reference
Bournvita Jar 450 g,Bournvita,drinks,Food Drinks,BSV-BOURNVITA-JAR-450-G-0108,false,,,,450 g,item,,18,5700,0,5,,Bournvita Jar 450 g Nigeria product pack,Pending automated product-image enrichment,Public retail reference — do not treat as wholesale cost,,,Nigeria/Imported,2026-08-10,Public Nigerian retail reference; recheck supplier cost before publishing.,5700,https://www.supermart.ng/collections/food-drinks,https://www.supermart.ng/products/bournvita-jar-450-g,https://www.supermart.ng/products/bournvita-jar-450-g,reference-recheck,75,0,pending-image,verified-reference
Milo Food Drink Sachet 800 g,Milo,drinks,Food Drinks,BSV-MILO-FOOD-DRINK-SACHET-800-G-0109,false,,,,800 g,item,,18,8210,0,5,,Milo Food Drink Sachet 800 g Nigeria product pack,Pending automated product-image enrichment,Public retail reference — do not treat as wholesale cost,,,Nigeria/Imported,2026-08-10,Public Nigerian retail reference; recheck supplier cost before publishing.,8210,https://www.supermart.ng/collections/food-drinks,https://www.supermart.ng/products/milo-food-drink-sachet-800-g,https://www.supermart.ng/products/milo-food-drink-sachet-800-g,reference-recheck,75,0,pending-image,verified-reference
Milo 3 in 1 30 g x10,Milo,drinks,Food Drinks,BSV-MILO-3-IN-1-30-G-X10-0110,false,,,,30 g x10,item,,18,3190,0,5,,Milo 3 in 1 30 g x10 Nigeria product pack,Pending automated product-image enrichment,Public retail reference — do not treat as wholesale cost,,,Nigeria/Imported,2026-08-10,Public Nigerian retail reference; recheck supplier cost before publishing.,3190,https://www.supermart.ng/collections/food-drinks,https://www.supermart.ng/products/milo-3-in-1-30-g-x10,https://www.supermart.ng/products/milo-3-in-1-30-g-x10,reference-recheck,75,0,pending-image,verified-reference
Cadbury Bournvita Sachet 380 g,Cadbury,drinks,Food Drinks,BSV-CADBURY-BOURNVITA-SACHET-380-G-0111,false,,,,380 g,item,,18,4125,0,5,,Cadbury Bournvita Sachet 380 g Nigeria product pack,Pending automated product-image enrichment,Public retail reference — do not treat as wholesale cost,,,Nigeria/Imported,2026-08-10,Public Nigerian retail reference; recheck supplier cost before publishing.,4125,https://www.supermart.ng/collections/food-drinks,https://www.supermart.ng/products/cadbury-bournvita-sachet-380-g,https://www.supermart.ng/products/cadbury-bournvita-sachet-380-g,reference-recheck,75,0,pending-image,verified-reference
Big Bull Rice 1kg,Big Bull,grains,Rice,BS-BIG-BULL-RICE-1KG-0001,false,,,,1kg,item,650,16.0,750,0,5,,Big Bull Rice 1kg Nigeria product pack,Pending automated product-image enrichment,Estimated staging price — supplier verification required,,,Nigeria/Imported,2026-08-10,"Stage catalogue item; verify exact pack, image and supplier price before live sale.",,,,,unverified,35,0,pending-full,generated-staging
Big Bull Rice 2kg,Big Bull,grains,Rice,BS-BIG-BULL-RICE-2KG-0002,false,,,,2kg,item,1200,16.0,1400,0,5,,Big Bull Rice 2kg Nigeria product pack,Pending automated product-image enrichment,Estimated staging price — supplier verification required,,,Nigeria/Imported,2026-08-10,"Stage catalogue item; verify exact pack, image and supplier price before live sale.",,,,,unverified,35,0,pending-full,generated-staging
Big Bull Rice 5kg,Big Bull,grains,Rice,BS-BIG-BULL-RICE-5KG-0003,false,,,,5kg,item,3150,16.0,3650,0,5,,Big Bull Rice 5kg Nigeria product pack,Pending automated product-image enrichment,Estimated staging price — supplier verification required,,,Nigeria/Imported,2026-08-10,"Stage catalogue item; verify exact pack, image and supplier price before live sale.",,,,,unverified,35,0,pending-full,generated-staging
Big Bull Rice 10kg,Big Bull,grains,Rice,BS-BIG-BULL-RICE-10KG-0004,false,,,,10kg,item,6250,16.0,7250,0,5,,Big Bull Rice 10kg Nigeria product pack,Pending automated product-image enrichment,Estimated staging price — supplier verification required,,,Nigeria/Imported,2026-08-10,"Stage catalogue item; verify exact pack, image and supplier price before live sale.",,,,,unverified,35,0,pending-full,generated-staging
Big Bull Rice 25kg,Big Bull,grains,Rice,BS-BIG-BULL-RICE-25KG-0005,false,,,,25kg,item,17100,16.0,19850,0,5,,Big Bull Rice 25kg Nigeria product pack,Pending automated product-image enrichment,Estimated staging price — supplier verification required,,,Nigeria/Imported,2026-08-10,"Stage catalogue item; verify exact pack, image and supplier price before live sale.",,,,,unverified,35,0,pending-full,generated-staging
Big Bull Rice 50kg,Big Bull,grains,Rice,BS-BIG-BULL-RICE-50KG-0006,false,,,,50kg,item,33850,16.0,39250,0,5,,Big Bull Rice 50kg Nigeria product pack,Pending automated product-image enrichment,Estimated staging price — supplier verification required,,,Nigeria/Imported,2026-08-10,"Stage catalogue item; verify exact pack, image and supplier price before live sale.",,,,,unverified,35,0,pending-full,generated-staging
Mama Gold Rice 1kg,Mama Gold,grains,Rice,BS-MAMA-GOL-RICE-1KG-0007,false,,,,1kg,item,750,16.0,850,0,5,,Mama Gold Rice 1kg Nigeria product pack,Pending automated product-image enrichment,Estimated staging price — supplier verification required,,,Nigeria/Imported,2026-08-10,"Stage catalogue item; verify exact pack, image and supplier price before live sale.",,,,,unverified,35,0,pending-full,generated-staging
Mama Gold Rice 5kg,Mama Gold,grains,Rice,BS-MAMA-GOL-RICE-5KG-0008,false,,,,5kg,item,3250,16.0,3750,0,5,,Mama Gold Rice 5kg Nigeria product pack,Pending automated product-image enrichment,Estimated staging price — supplier verification required,,,Nigeria/Imported,2026-08-10,"Stage catalogue item; verify exact pack, image and supplier price before live sale.",,,,,unverified,35,0,pending-full,generated-staging
Mama Gold Rice 10kg,Mama Gold,grains,Rice,BS-MAMA-GOL-RICE-10KG-0009,false,,,,10kg,item,6950,16.0,8050,0,5,,Mama Gold Rice 10kg Nigeria product pack,Pending automated product-image enrichment,Estimated staging price — supplier verification required,,,Nigeria/Imported,2026-08-10,"Stage catalogue item; verify exact pack, image and supplier price before live sale.",,,,,unverified,35,0,pending-full,generated-staging
Mama Gold Rice 25kg,Mama Gold,grains,Rice,BS-MAMA-GOL-RICE-25KG-0010,false,,,,25kg,item,16200,16.0,18800,0,5,,Mama Gold Rice 25kg Nigeria product pack,Pending automated product-image enrichment,Estimated staging price — supplier verification required,,,Nigeria/Imported,2026-08-10,"Stage catalogue item; verify exact pack, image and supplier price before live sale.",,,,,unverified,35,0,pending-full,generated-staging
Mama Gold Rice 50kg,Mama Gold,grains,Rice,BS-MAMA-GOL-RICE-50KG-0011,false,,,,50kg,item,33600,16.0,39000,0,5,,Mama Gold Rice 50kg Nigeria product pack,Pending automated product-image enrichment,Estimated staging price — supplier verification required,,,Nigeria/Imported,2026-08-10,"Stage catalogue item; verify exact pack, image and supplier price before live sale.",,,,,unverified,35,0,pending-full,generated-staging
Royal Stallion Rice 1kg,Royal Stallion,grains,Rice,BS-ROYAL-ST-RICE-1KG-0012,false,,,,1kg,item,750,16.0,850,0,5,,Royal Stallion Rice 1kg Nigeria product pack,Pending automated product-image enrichment,Estimated staging price — supplier verification required,,,Nigeria/Imported,2026-08-10,"Stage catalogue item; verify exact pack, image and supplier price before live sale.",,,,,unverified,35,0,pending-full,generated-staging
Royal Stallion Rice 5kg,Royal Stallion,grains,Rice,BS-ROYAL-ST-RICE-5KG-0013,false,,,,5kg,item,3350,16.0,3900,0,5,,Royal Stallion Rice 5kg Nigeria product pack,Pending automated product-image enrichment,Estimated staging price — supplier verification required,,,Nigeria/Imported,2026-08-10,"Stage catalogue item; verify exact pack, image and supplier price before live sale.",,,,,unverified,35,0,pending-full,generated-staging
Royal Stallion Rice 10kg,Royal Stallion,grains,Rice,BS-ROYAL-ST-RICE-10KG-0014,false,,,,10kg,item,6900,16.0,8000,0,5,,Royal Stallion Rice 10kg Nigeria product pack,Pending automated product-image enrichment,Estimated staging price — supplier verification required,,,Nigeria/Imported,2026-08-10,"Stage catalogue item; verify exact pack, image and supplier price before live sale.",,,,,unverified,35,0,pending-full,generated-staging
Royal Stallion Rice 25kg,Royal Stallion,grains,Rice,BS-ROYAL-ST-RICE-25KG-0015,false,,,,25kg,item,18650,16.0,21650,0,5,,Royal Stallion Rice 25kg Nigeria product pack,Pending automated product-image enrichment,Estimated staging price — supplier verification required,,,Nigeria/Imported,2026-08-10,"Stage catalogue item; verify exact pack, image and supplier price before live sale.",,,,,unverified,35,0,pending-full,generated-staging
Royal Stallion Rice 50kg,Royal Stallion,grains,Rice,BS-ROYAL-ST-RICE-50KG-0016,false,,,,50kg,item,36650,16.0,42500,0,5,,Royal Stallion Rice 50kg Nigeria product pack,Pending automated product-image enrichment,Estimated staging price — supplier verification required,,,Nigeria/Imported,2026-08-10,"Stage catalogue item; verify exact pack, image and supplier price before live sale.",,,,,unverified,35,0,pending-full,generated-staging
Cap Rice Rice 1kg,Cap Rice,grains,Rice,BS-CAP-RICE-RICE-1KG-0017,false,,,,1kg,item,650,16.0,750,0,5,,Cap Rice Rice 1kg Nigeria product pack,Pending automated product-image enrichment,Estimated staging price — supplier verification required,,,Nigeria/Imported,2026-08-10,"Stage catalogue item; verify exact pack, image and supplier price before live sale.",,,,,unverified,35,0,pending-full,generated-staging
Cap Rice Rice 5kg,Cap Rice,grains,Rice,BS-CAP-RICE-RICE-5KG-0018,false,,,,5kg,item,3500,16.0,4050,0,5,,Cap Rice Rice 5kg Nigeria product pack,Pending automated product-image enrichment,Estimated staging price — supplier verification required,,,Nigeria/Imported,2026-08-10,"Stage catalogue item; verify exact pack, image and supplier price before live sale.",,,,,unverified,35,0,pending-full,generated-staging
Cap Rice Rice 10kg,Cap Rice,grains,Rice,BS-CAP-RICE-RICE-10KG-0019,false,,,,10kg,item,7250,16.0,8400,0,5,,Cap Rice Rice 10kg Nigeria product pack,Pending automated product-image enrichment,Estimated staging price — supplier verification required,,,Nigeria/Imported,2026-08-10,"Stage catalogue item; verify exact pack, image and supplier price before live sale.",,,,,unverified,35,0,pending-full,generated-staging
Cap Rice Rice 25kg,Cap Rice,grains,Rice,BS-CAP-RICE-RICE-25KG-0020,false,,,,25kg,item,15650,16.0,18150,0,5,,Cap Rice Rice 25kg Nigeria product pack,Pending automated product-image enrichment,Estimated staging price — supplier verification required,,,Nigeria/Imported,2026-08-10,"Stage catalogue item; verify exact pack, image and supplier price before live sale.",,,,,unverified,35,0,pending-full,generated-staging
Cap Rice Rice 50kg,Cap Rice,grains,Rice,BS-CAP-RICE-RICE-50KG-0021,false,,,,50kg,item,36200,16.0,42000,0,5,,Cap Rice Rice 50kg Nigeria product pack,Pending automated product-image enrichment,Estimated staging price — supplier verification required,,,Nigeria/Imported,2026-08-10,"Stage catalogue item; verify exact pack, image and supplier price before live sale.",,,,,unverified,35,0,pending-full,generated-staging
Tropical Sun Basmati Rice 1kg,Tropical Sun,grains,Basmati Rice,BS-TROPICAL-BASMATI-RICE-1KG-0022,false,,,,1kg,item,1550,16.0,1800,0,5,,Tropical Sun Basmati Rice 1kg Nigeria product pack,Pending automated product-image enrichment,Estimated staging price — supplier verification required,,,Nigeria/Imported,2026-08-10,"Stage catalogue item; verify exact pack, image and supplier price before live sale.",,,,,unverified,35,0,pending-full,generated-staging
Tropical Sun Basmati Rice 2kg,Tropical Sun,grains,Basmati Rice,BS-TROPICAL-BASMATI-RICE-2KG-0023,false,,,,2kg,item,2950,16.0,3400,0,5,,Tropical Sun Basmati Rice 2kg Nigeria product pack,Pending automated product-image enrichment,Estimated staging price — supplier verification required,,,Nigeria/Imported,2026-08-10,"Stage catalogue item; verify exact pack, image and supplier price before live sale.",,,,,unverified,35,0,pending-full,generated-staging
Tropical Sun Basmati Rice 5kg,Tropical Sun,grains,Basmati Rice,BS-TROPICAL-BASMATI-RICE-5KG-0024,false,,,,5kg,item,7100,16.0,8250,0,5,,Tropical Sun Basmati Rice 5kg Nigeria product pack,Pending automated product-image enrichment,Estimated staging price — supplier verification required,,,Nigeria/Imported,2026-08-10,"Stage catalogue item; verify exact pack, image and supplier price before live sale.",,,,,unverified,35,0,pending-full,generated-staging
Tropical Sun Basmati Rice 10kg,Tropical Sun,grains,Basmati Rice,BS-TROPICAL-BASMATI-RICE-10KG-0025,false,,,,10kg,item,16400,16.0,19000,0,5,,Tropical Sun Basmati Rice 10kg Nigeria product pack,Pending automated product-image enrichment,Estimated staging price — supplier verification required,,,Nigeria/Imported,2026-08-10,"Stage catalogue item; verify exact pack, image and supplier price before live sale.",,,,,unverified,35,0,pending-full,generated-staging
Brown Beans 500g,Generic,grains,Brown Beans,BS-GENERIC-BROWN-BEANS-500G-0026,false,,,,500g,item,400,16.0,450,0,5,,Generic Brown Beans 500g Nigeria product pack,Pending automated product-image enrichment,Estimated staging price — supplier verification required,,,Nigeria/Imported,2026-08-10,"Stage catalogue item; verify exact pack, image and supplier price before live sale.",,,,,unverified,35,0,pending-full,generated-staging
Brown Beans 1kg,Generic,grains,Brown Beans,BS-GENERIC-BROWN-BEANS-1KG-0027,false,,,,1kg,item,800,16.0,950,0,5,,Generic Brown Beans 1kg Nigeria product pack,Pending automated product-image enrichment,Estimated staging price — supplier verification required,,,Nigeria/Imported,2026-08-10,"Stage catalogue item; verify exact pack, image and supplier price before live sale.",,,,,unverified,35,0,pending-full,generated-staging
Brown Beans 2kg,Generic,grains,Brown Beans,BS-GENERIC-BROWN-BEANS-2KG-0028,false,,,,2kg,item,1600,16.0,1850,0,5,,Generic Brown Beans 2kg Nigeria product pack,Pending automated product-image enrichment,Estimated staging price — supplier verification required,,,Nigeria/Imported,2026-08-10,"Stage catalogue item; verify exact pack, image and supplier price before live sale.",,,,,unverified,35,0,pending-full,generated-staging
Brown Beans 5kg,Generic,grains,Brown Beans,BS-GENERIC-BROWN-BEANS-5KG-0029,false,,,,5kg,item,4550,16.0,5300,0,5,,Generic Brown Beans 5kg Nigeria product pack,Pending automated product-image enrichment,Estimated staging price — supplier verification required,,,Nigeria/Imported,2026-08-10,"Stage catalogue item; verify exact pack, image and supplier price before live sale.",,,,,unverified,35,0,pending-full,generated-staging
Brown Beans 10kg,Generic,grains,Brown Beans,BS-GENERIC-BROWN-BEANS-10KG-0030,false,,,,10kg,item,8750,16.0,10150,0,5,,Generic Brown Beans 10kg Nigeria product pack,Pending automated product-image enrichment,Estimated staging price — supplier verification required,,,Nigeria/Imported,2026-08-10,"Stage catalogue item; verify exact pack, image and supplier price before live sale.",,,,,unverified,35,0,pending-full,generated-staging
Brown Beans 25kg,Generic,grains,Brown Beans,BS-GENERIC-BROWN-BEANS-25KG-0031,false,,,,25kg,item,22650,16.0,26250,0,5,,Generic Brown Beans 25kg Nigeria product pack,Pending automated product-image enrichment,Estimated staging price — supplier verification required,,,Nigeria/Imported,2026-08-10,"Stage catalogue item; verify exact pack, image and supplier price before live sale.",,,,,unverified,35,0,pending-full,generated-staging
White Beans 500g,Generic,grains,White Beans,BS-GENERIC-WHITE-BEANS-500G-0032,false,,,,500g,item,450,16.0,500,0,5,,Generic White Beans 500g Nigeria product pack,Pending automated product-image enrichment,Estimated staging price — supplier verification required,,,Nigeria/Imported,2026-08-10,"Stage catalogue item; verify exact pack, image and supplier price before live sale.",,,,,unverified,35,0,pending-full,generated-staging
White Beans 1kg,Generic,grains,White Beans,BS-GENERIC-WHITE-BEANS-1KG-0033,false,,,,1kg,item,900,16.0,1050,0,5,,Generic White Beans 1kg Nigeria product pack,Pending automated product-image enrichment,Estimated staging price — supplier verification required,,,Nigeria/Imported,2026-08-10,"Stage catalogue item; verify exact pack, image and supplier price before live sale.",,,,,unverified,35,0,pending-full,generated-staging
White Beans 2kg,Generic,grains,White Beans,BS-GENERIC-WHITE-BEANS-2KG-0034,false,,,,2kg,item,1950,16.0,2250,0,5,,Generic White Beans 2kg Nigeria product pack,Pending automated product-image enrichment,Estimated staging price — supplier verification required,,,Nigeria/Imported,2026-08-10,"Stage catalogue item; verify exact pack, image and supplier price before live sale.",,,,,unverified,35,0,pending-full,generated-staging
White Beans 5kg,Generic,grains,White Beans,BS-GENERIC-WHITE-BEANS-5KG-0035,false,,,,5kg,item,4450,16.0,5150,0,5,,Generic White Beans 5kg Nigeria product pack,Pending automated product-image enrichment,Estimated staging price — supplier verification required,,,Nigeria/Imported,2026-08-10,"Stage catalogue item; verify exact pack, image and supplier price before live sale.",,,,,unverified,35,0,pending-full,generated-staging
White Beans 10kg,Generic,grains,White Beans,BS-GENERIC-WHITE-BEANS-10KG-0036,false,,,,10kg,item,9150,16.0,10600,0,5,,Generic White Beans 10kg Nigeria product pack,Pending automated product-image enrichment,Estimated staging price — supplier verification required,,,Nigeria/Imported,2026-08-10,"Stage catalogue item; verify exact pack, image and supplier price before live sale.",,,,,unverified,35,0,pending-full,generated-staging
White Beans 25kg,Generic,grains,White Beans,BS-GENERIC-WHITE-BEANS-25KG-0037,false,,,,25kg,item,24050,16.0,27900,0,5,,Generic White Beans 25kg Nigeria product pack,Pending automated product-image enrichment,Estimated staging price — supplier verification required,,,Nigeria/Imported,2026-08-10,"Stage catalogue item; verify exact pack, image and supplier price before live sale.",,,,,unverified,35,0,pending-full,generated-staging
Garri White 500g,Generic,grains,Garri White,BS-GENERIC-GARRI-WHITE-500G-0038,false,,,,500g,item,300,16.0,350,0,5,,Generic Garri White 500g Nigeria product pack,Pending automated product-image enrichment,Estimated staging price — supplier verification required,,,Nigeria/Imported,2026-08-10,"Stage catalogue item; verify exact pack, image and supplier price before live sale.",,,,,unverified,35,0,pending-full,generated-staging
Garri White 1kg,Generic,grains,Garri White,BS-GENERIC-GARRI-WHITE-1KG-0039,false,,,,1kg,item,650,16.0,750,0,5,,Generic Garri White 1kg Nigeria product pack,Pending automated product-image enrichment,Estimated staging price — supplier verification required,,,Nigeria/Imported,2026-08-10,"Stage catalogue item; verify exact pack, image and supplier price before live sale.",,,,,unverified,35,0,pending-full,generated-staging
Garri White 2kg,Generic,grains,Garri White,BS-GENERIC-GARRI-WHITE-2KG-0040,false,,,,2kg,item,1250,16.0,1450,0,5,,Generic Garri White 2kg Nigeria product pack,Pending automated product-image enrichment,Estimated staging price — supplier verification required,,,Nigeria/Imported,2026-08-10,"Stage catalogue item; verify exact pack, image and supplier price before live sale.",,,,,unverified,35,0,pending-full,generated-staging
Garri White 5kg,Generic,grains,Garri White,BS-GENERIC-GARRI-WHITE-5KG-0041,false,,,,5kg,item,3150,16.0,3650,0,5,,Generic Garri White 5kg Nigeria product pack,Pending automated product-image enrichment,Estimated staging price — supplier verification required,,,Nigeria/Imported,2026-08-10,"Stage catalogue item; verify exact pack, image and supplier price before live sale.",,,,,unverified,35,0,pending-full,generated-staging
Garri White 10kg,Generic,grains,Garri White,BS-GENERIC-GARRI-WHITE-10KG-0042,false,,,,10kg,item,5550,16.0,6450,0,5,,Generic Garri White 10kg Nigeria product pack,Pending automated product-image enrichment,Estimated staging price — supplier verification required,,,Nigeria/Imported,2026-08-10,"Stage catalogue item; verify exact pack, image and supplier price before live sale.",,,,,unverified,35,0,pending-full,generated-staging
Garri White 25kg,Generic,grains,Garri White,BS-GENERIC-GARRI-WHITE-25KG-0043,false,,,,25kg,item,14400,16.0,16700,0,5,,Generic Garri White 25kg Nigeria product pack,Pending automated product-image enrichment,Estimated staging price — supplier verification required,,,Nigeria/Imported,2026-08-10,"Stage catalogue item; verify exact pack, image and supplier price before live sale.",,,,,unverified,35,0,pending-full,generated-staging
Garri Yellow 500g,Generic,grains,Garri Yellow,BS-GENERIC-GARRI-YELLOW-500G-0044,false,,,,500g,item,300,16.0,350,0,5,,Generic Garri Yellow 500g Nigeria product pack,Pending automated product-image enrichment,Estimated staging price — supplier verification required,,,Nigeria/Imported,2026-08-10,"Stage catalogue item; verify exact pack, image and supplier price before live sale.",,,,,unverified,35,0,pending-full,generated-staging
Garri Yellow 1kg,Generic,grains,Garri Yellow,BS-GENERIC-GARRI-YELLOW-1KG-0045,false,,,,1kg,item,600,16.0,700,0,5,,Generic Garri Yellow 1kg Nigeria product pack,Pending automated product-image enrichment,Estimated staging price — supplier verification required,,,Nigeria/Imported,2026-08-10,"Stage catalogue item; verify exact pack, image and supplier price before live sale.",,,,,unverified,35,0,pending-full,generated-staging
Garri Yellow 2kg,Generic,grains,Garri Yellow,BS-GENERIC-GARRI-YELLOW-2KG-0046,false,,,,2kg,item,1250,16.0,1450,0,5,,Generic Garri Yellow 2kg Nigeria product pack,Pending automated product-image enrichment,Estimated staging price — supplier verification required,,,Nigeria/Imported,2026-08-10,"Stage catalogue item; verify exact pack, image and supplier price before live sale.",,,,,unverified,35,0,pending-full,generated-staging
Garri Yellow 5kg,Generic,grains,Garri Yellow,BS-GENERIC-GARRI-YELLOW-5KG-0047,false,,,,5kg,item,3050,16.0,3550,0,5,,Generic Garri Yellow 5kg Nigeria product pack,Pending automated product-image enrichment,Estimated staging price — supplier verification required,,,Nigeria/Imported,2026-08-10,"Stage catalogue item; verify exact pack, image and supplier price before live sale.",,,,,unverified,35,0,pending-full,generated-staging
Garri Yellow 10kg,Generic,grains,Garri Yellow,BS-GENERIC-GARRI-YELLOW-10KG-0048,false,,,,10kg,item,6300,16.0,7300,0,5,,Generic Garri Yellow 10kg Nigeria product pack,Pending automated product-image enrichment,Estimated staging price — supplier verification required,,,Nigeria/Imported,2026-08-10,"Stage catalogue item; verify exact pack, image and supplier price before live sale.",,,,,unverified,35,0,pending-full,generated-staging
Garri Yellow 25kg,Generic,grains,Garri Yellow,BS-GENERIC-GARRI-YELLOW-25KG-0049,false,,,,25kg,item,16800,16.0,19500,0,5,,Generic Garri Yellow 25kg Nigeria product pack,Pending automated product-image enrichment,Estimated staging price — supplier verification required,,,Nigeria/Imported,2026-08-10,"Stage catalogue item; verify exact pack, image and supplier price before live sale.",,,,,unverified,35,0,pending-full,generated-staging
Golden Penny Semolina 500g,Golden Penny,grains,Semolina,BS-GOLDEN-P-SEMOLINA-500G-0050,false,,,,500g,item,450,16.0,500,0,5,,Golden Penny Semolina 500g Nigeria product pack,Pending automated product-image enrichment,Estimated staging price — supplier verification required,,,Nigeria/Imported,2026-08-10,"Stage catalogue item; verify exact pack, image and supplier price before live sale.",,,,,unverified,35,0,pending-full,generated-staging
Golden Penny Semolina 1kg,Golden Penny,grains,Semolina,BS-GOLDEN-P-SEMOLINA-1KG-0051,false,,,,1kg,item,900,16.0,1050,0,5,,Golden Penny Semolina 1kg Nigeria product pack,Pending automated product-image enrichment,Estimated staging price — supplier verification required,,,Nigeria/Imported,2026-08-10,"Stage catalogue item; verify exact pack, image and supplier price before live sale.",,,,,unverified,35,0,pending-full,generated-staging
Golden Penny Semolina 2kg,Golden Penny,grains,Semolina,BS-GOLDEN-P-SEMOLINA-2KG-0052,false,,,,2kg,item,1700,16.0,1950,0,5,,Golden Penny Semolina 2kg Nigeria product pack,Pending automated product-image enrichment,Estimated staging price — supplier verification required,,,Nigeria/Imported,2026-08-10,"Stage catalogue item; verify exact pack, image and supplier price before live sale.",,,,,unverified,35,0,pending-full,generated-staging
Golden Penny Semolina 5kg,Golden Penny,grains,Semolina,BS-GOLDEN-P-SEMOLINA-5KG-0053,false,,,,5kg,item,4350,16.0,5050,0,5,,Golden Penny Semolina 5kg Nigeria product pack,Pending automated product-image enrichment,Estimated staging price — supplier verification required,,,Nigeria/Imported,2026-08-10,"Stage catalogue item; verify exact pack, image and supplier price before live sale.",,,,,unverified,35,0,pending-full,generated-staging
Golden Penny Semolina 10kg,Golden Penny,grains,Semolina,BS-GOLDEN-P-SEMOLINA-10KG-0054,false,,,,10kg,item,9800,16.0,11350,0,5,,Golden Penny Semolina 10kg Nigeria product pack,Pending automated product-image enrichment,Estimated staging price — supplier verification required,,,Nigeria/Imported,2026-08-10,"Stage catalogue item; verify exact pack, image and supplier price before live sale.",,,,,unverified,35,0,pending-full,generated-staging
Honeywell Semolina 500g,Honeywell,grains,Semolina,BS-HONEYWEL-SEMOLINA-500G-0055,false,,,,500g,item,500,16.0,600,0,5,,Honeywell Semolina 500g Nigeria product pack,Pending automated product-image enrichment,Estimated staging price — supplier verification required,,,Nigeria/Imported,2026-08-10,"Stage catalogue item; verify exact pack, image and supplier price before live sale.",,,,,unverified,35,0,pending-full,generated-staging
Honeywell Semolina 1kg,Honeywell,grains,Semolina,BS-HONEYWEL-SEMOLINA-1KG-0056,false,,,,1kg,item,950,16.0,1100,0,5,,Honeywell Semolina 1kg Nigeria product pack,Pending automated product-image enrichment,Estimated staging price — supplier verification required,,,Nigeria/Imported,2026-08-10,"Stage catalogue item; verify exact pack, image and supplier price before live sale.",,,,,unverified,35,0,pending-full,generated-staging
Honeywell Semolina 2kg,Honeywell,grains,Semolina,BS-HONEYWEL-SEMOLINA-2KG-0057,false,,,,2kg,item,1750,16.0,2050,0,5,,Honeywell Semolina 2kg Nigeria product pack,Pending automated product-image enrichment,Estimated staging price — supplier verification required,,,Nigeria/Imported,2026-08-10,"Stage catalogue item; verify exact pack, image and supplier price before live sale.",,,,,unverified,35,0,pending-full,generated-staging
Honeywell Semolina 5kg,Honeywell,grains,Semolina,BS-HONEYWEL-SEMOLINA-5KG-0058,false,,,,5kg,item,4850,16.0,5650,0,5,,Honeywell Semolina 5kg Nigeria product pack,Pending automated product-image enrichment,Estimated staging price — supplier verification required,,,Nigeria/Imported,2026-08-10,"Stage catalogue item; verify exact pack, image and supplier price before live sale.",,,,,unverified,35,0,pending-full,generated-staging
Honeywell Semolina 10kg,Honeywell,grains,Semolina,BS-HONEYWEL-SEMOLINA-10KG-0059,false,,,,10kg,item,8750,16.0,10150,0,5,,Honeywell Semolina 10kg Nigeria product pack,Pending automated product-image enrichment,Estimated staging price — supplier verification required,,,Nigeria/Imported,2026-08-10,"Stage catalogue item; verify exact pack, image and supplier price before live sale.",,,,,unverified,35,0,pending-full,generated-staging
Golden Penny Wheat Meal 500g,Golden Penny,grains,Wheat Meal,BS-GOLDEN-P-WHEAT-MEAL-500G-0060,false,,,,500g,item,400,16.0,450,0,5,,Golden Penny Wheat Meal 500g Nigeria product pack,Pending automated product-image enrichment,Estimated staging price — supplier verification required,,,Nigeria/Imported,2026-08-10,"Stage catalogue item; verify exact pack, image and supplier price before live sale.",,,,,unverified,35,0,pending-full,generated-staging
Golden Penny Wheat Meal 1kg,Golden Penny,grains,Wheat Meal,BS-GOLDEN-P-WHEAT-MEAL-1KG-0061,false,,,,1kg,item,950,16.0,1100,0,5,,Golden Penny Wheat Meal 1kg Nigeria product pack,Pending automated product-image enrichment,Estimated staging price — supplier verification required,,,Nigeria/Imported,2026-08-10,"Stage catalogue item; verify exact pack, image and supplier price before live sale.",,,,,unverified,35,0,pending-full,generated-staging
Golden Penny Wheat Meal 2kg,Golden Penny,grains,Wheat Meal,BS-GOLDEN-P-WHEAT-MEAL-2KG-0062,false,,,,2kg,item,1750,16.0,2050,0,5,,Golden Penny Wheat Meal 2kg Nigeria product pack,Pending automated product-image enrichment,Estimated staging price — supplier verification required,,,Nigeria/Imported,2026-08-10,"Stage catalogue item; verify exact pack, image and supplier price before live sale.",,,,,unverified,35,0,pending-full,generated-staging
Golden Penny Wheat Meal 5kg,Golden Penny,grains,Wheat Meal,BS-GOLDEN-P-WHEAT-MEAL-5KG-0063,false,,,,5kg,item,4350,16.0,5050,0,5,,Golden Penny Wheat Meal 5kg Nigeria product pack,Pending automated product-image enrichment,Estimated staging price — supplier verification required,,,Nigeria/Imported,2026-08-10,"Stage catalogue item; verify exact pack, image and supplier price before live sale.",,,,,unverified,35,0,pending-full,generated-staging
Honeywell Wheat Meal 500g,Honeywell,grains,Wheat Meal,BS-HONEYWEL-WHEAT-MEAL-500G-0064,false,,,,500g,item,450,16.0,500,0,5,,Honeywell Wheat Meal 500g Nigeria product pack,Pending automated product-image enrichment,Estimated staging price — supplier verification required,,,Nigeria/Imported,2026-08-10,"Stage catalogue item; verify exact pack, image and supplier price before live sale.",,,,,unverified,35,0,pending-full,generated-staging
Honeywell Wheat Meal 1kg,Honeywell,grains,Wheat Meal,BS-HONEYWEL-WHEAT-MEAL-1KG-0065,false,,,,1kg,item,950,16.0,1100,0,5,,Honeywell Wheat Meal 1kg Nigeria product pack,Pending automated product-image enrichment,Estimated staging price — supplier verification required,,,Nigeria/Imported,2026-08-10,"Stage catalogue item; verify exact pack, image and supplier price before live sale.",,,,,unverified,35,0,pending-full,generated-staging
Honeywell Wheat Meal 2kg,Honeywell,grains,Wheat Meal,BS-HONEYWEL-WHEAT-MEAL-2KG-0066,false,,,,2kg,item,1850,16.0,2150,0,5,,Honeywell Wheat Meal 2kg Nigeria product pack,Pending automated product-image enrichment,Estimated staging price — supplier verification required,,,Nigeria/Imported,2026-08-10,"Stage catalogue item; verify exact pack, image and supplier price before live sale.",,,,,unverified,35,0,pending-full,generated-staging
Honeywell Wheat Meal 5kg,Honeywell,grains,Wheat Meal,BS-HONEYWEL-WHEAT-MEAL-5KG-0067,false,,,,5kg,item,4200,16.0,4850,0,5,,Honeywell Wheat Meal 5kg Nigeria product pack,Pending automated product-image enrichment,Estimated staging price — supplier verification required,,,Nigeria/Imported,2026-08-10,"Stage catalogue item; verify exact pack, image and supplier price before live sale.",,,,,unverified,35,0,pending-full,generated-staging
Golden Penny Spaghetti 500g,Golden Penny,grains,Spaghetti,BS-GOLDEN-P-SPAGHETTI-500G-0068,false,,,,500g,item,400,16.0,450,0,5,,Golden Penny Spaghetti 500g Nigeria product pack,Pending automated product-image enrichment,Estimated staging price — supplier verification required,,,Nigeria/Imported,2026-08-10,"Stage catalogue item; verify exact pack, image and supplier price before live sale.",,,,,unverified,35,0,pending-full,generated-staging
Golden Penny Spaghetti 500g x 20,Golden Penny,grains,Spaghetti,BS-GOLDEN-P-SPAGHETTI-500G-X-20-0069,false,,,,500g x 20,item,8800,16.0,10200,0,5,,Golden Penny Spaghetti 500g x 20 Nigeria product pack,Pending automated product-image enrichment,Estimated staging price — supplier verification required,,,Nigeria/Imported,2026-08-10,"Stage catalogue item; verify exact pack, image and supplier price before live sale.",,,,,unverified,35,0,pending-full,generated-staging
Dangote Spaghetti 500g,Dangote,grains,Spaghetti,BS-DANGOTE-SPAGHETTI-500G-0070,false,,,,500g,item,450,16.0,500,0,5,,Dangote Spaghetti 500g Nigeria product pack,Pending automated product-image enrichment,Estimated staging price — supplier verification required,,,Nigeria/Imported,2026-08-10,"Stage catalogue item; verify exact pack, image and supplier price before live sale.",,,,,unverified,35,0,pending-full,generated-staging
Dangote Spaghetti 500g x 20,Dangote,grains,Spaghetti,BS-DANGOTE-SPAGHETTI-500G-X-20-0071,false,,,,500g x 20,item,8450,16.0,9800,0,5,,Dangote Spaghetti 500g x 20 Nigeria product pack,Pending automated product-image enrichment,Estimated staging price — supplier verification required,,,Nigeria/Imported,2026-08-10,"Stage catalogue item; verify exact pack, image and supplier price before live sale.",,,,,unverified,35,0,pending-full,generated-staging
Honeywell Spaghetti 500g,Honeywell,grains,Spaghetti,BS-HONEYWEL-SPAGHETTI-500G-0072,false,,,,500g,item,500,16.0,600,0,5,,Honeywell Spaghetti 500g Nigeria product pack,Pending automated product-image enrichment,Estimated staging price — supplier verification required,,,Nigeria/Imported,2026-08-10,"Stage catalogue item; verify exact pack, image and supplier price before live sale.",,,,,unverified,35,0,pending-full,generated-staging
Honeywell Spaghetti 500g x 20,Honeywell,grains,Spaghetti,BS-HONEYWEL-SPAGHETTI-500G-X-20-0073,false,,,,500g x 20,item,9700,16.0,11250,0,5,,Honeywell Spaghetti 500g x 20 Nigeria product pack,Pending automated product-image enrichment,Estimated staging price — supplier verification required,,,Nigeria/Imported,2026-08-10,"Stage catalogue item; verify exact pack, image and supplier price before live sale.",,,,,unverified,35,0,pending-full,generated-staging
Golden Penny Macaroni 500g,Golden Penny,grains,Macaroni,BS-GOLDEN-P-MACARONI-500G-0074,false,,,,500g,item,450,16.0,500,0,5,,Golden Penny Macaroni 500g Nigeria product pack,Pending automated product-image enrichment,Estimated staging price — supplier verification required,,,Nigeria/Imported,2026-08-10,"Stage catalogue item; verify exact pack, image and supplier price before live sale.",,,,,unverified,35,0,pending-full,generated-staging
Golden Penny Macaroni 500g x 20,Golden Penny,grains,Macaroni,BS-GOLDEN-P-MACARONI-500G-X-20-0075,false,,,,500g x 20,item,9350,16.0,10850,0,5,,Golden Penny Macaroni 500g x 20 Nigeria product pack,Pending automated product-image enrichment,Estimated staging price — supplier verification required,,,Nigeria/Imported,2026-08-10,"Stage catalogue item; verify exact pack, image and supplier price before live sale.",,,,,unverified,35,0,pending-full,generated-staging
Indomie Noodles Chicken 70g,Indomie,grains,Noodles Chicken,BS-INDOMIE-NOODLES-CHIC-70G-0076,false,,,,70g,item,150,16.0,150,0,5,,Indomie Noodles Chicken 70g Nigeria product pack,Pending automated product-image enrichment,Estimated staging price — supplier verification required,,,Nigeria/Imported,2026-08-10,"Stage catalogue item; verify exact pack, image and supplier price before live sale.",,,,,unverified,35,0,pending-full,generated-staging
Indomie Noodles Chicken 70g x 40,Indomie,grains,Noodles Chicken,BS-INDOMIE-NOODLES-CHIC-70G-X-40-0077,false,,,,70g x 40,item,700,16.0,800,0,5,,Indomie Noodles Chicken 70g x 40 Nigeria product pack,Pending automated product-image enrichment,Estimated staging price — supplier verification required,,,Nigeria/Imported,2026-08-10,"Stage catalogue item; verify exact pack, image and supplier price before live sale.",,,,,unverified,35,0,pending-full,generated-staging
Indomie Noodles Chicken 120g,Indomie,grains,Noodles Chicken,BS-INDOMIE-NOODLES-CHIC-120G-0078,false,,,,120g,item,150,16.0,150,0,5,,Indomie Noodles Chicken 120g Nigeria product pack,Pending automated product-image enrichment,Estimated staging price — supplier verification required,,,Nigeria/Imported,2026-08-10,"Stage catalogue item; verify exact pack, image and supplier price before live sale.",,,,,unverified,35,0,pending-full,generated-staging
Indomie Noodles Chicken 120g x 40,Indomie,grains,Noodles Chicken,BS-INDOMIE-NOODLES-CHIC-120G-X-40-0079,false,,,,120g x 40,item,1050,16.0,1200,0,5,,Indomie Noodles Chicken 120g x 40 Nigeria product pack,Pending automated product-image enrichment,Estimated staging price — supplier verification required,,,Nigeria/Imported,2026-08-10,"Stage catalogue item; verify exact pack, image and supplier price before live sale.",,,,,unverified,35,0,pending-full,generated-staging
Indomie Noodles Onion Chicken 70g,Indomie,grains,Noodles Onion Chicken,BS-INDOMIE-NOODLES-ONIO-70G-0080,false,,,,70g,item,150,16.0,150,0,5,,Indomie Noodles Onion Chicken 70g Nigeria product pack,Pending automated product-image enrichment,Estimated staging price — supplier verification required,,,Nigeria/Imported,2026-08-10,"Stage catalogue item; verify exact pack, image and supplier price before live sale.",,,,,unverified,35,0,pending-full,generated-staging
Indomie Noodles Onion Chicken 70g x 40,Indomie,grains,Noodles Onion Chicken,BS-INDOMIE-NOODLES-ONIO-70G-X-40-0081,false,,,,70g x 40,item,650,16.0,750,0,5,,Indomie Noodles Onion Chicken 70g x 40 Nigeria product pack,Pending automated product-image enrichment,Estimated staging price — supplier verification required,,,Nigeria/Imported,2026-08-10,"Stage catalogue item; verify exact pack, image and supplier price before live sale.",,,,,unverified,35,0,pending-full,generated-staging
Indomie Noodles Oriental 70g,Indomie,grains,Noodles Oriental,BS-INDOMIE-NOODLES-ORIE-70G-0082,false,,,,70g,item,150,16.0,150,0,5,,Indomie Noodles Oriental 70g Nigeria product pack,Pending automated product-image enrichment,Estimated staging price — supplier verification required,,,Nigeria/Imported,2026-08-10,"Stage catalogue item; verify exact pack, image and supplier price before live sale.",,,,,unverified,35,0,pending-full,generated-staging
Indomie Noodles Oriental 70g x 40,Indomie,grains,Noodles Oriental,BS-INDOMIE-NOODLES-ORIE-70G-X-40-0083,false,,,,70g x 40,item,650,16.0,750,0,5,,Indomie Noodles Oriental 70g x 40 Nigeria product pack,Pending automated product-image enrichment,Estimated staging price — supplier verification required,,,Nigeria/Imported,2026-08-10,"Stage catalogue item; verify exact pack, image and supplier price before live sale.",,,,,unverified,35,0,pending-full,generated-staging
Golden Penny Noodles Chicken 70g,Golden Penny,grains,Noodles Chicken,BS-GOLDEN-P-NOODLES-CHIC-70G-0084,false,,,,70g,item,150,16.0,150,0,5,,Golden Penny Noodles Chicken 70g Nigeria product pack,Pending automated product-image enrichment,Estimated staging price — supplier verification required,,,Nigeria/Imported,2026-08-10,"Stage catalogue item; verify exact pack, image and supplier price before live sale.",,,,,unverified,35,0,pending-full,generated-staging
Golden Penny Noodles Chicken 70g x 40,Golden Penny,grains,Noodles Chicken,BS-GOLDEN-P-NOODLES-CHIC-70G-X-40-0085,false,,,,70g x 40,item,550,16.0,650,0,5,,Golden Penny Noodles Chicken 70g x 40 Nigeria product pack,Pending automated product-image enrichment,Estimated staging price — supplier verification required,,,Nigeria/Imported,2026-08-10,"Stage catalogue item; verify exact pack, image and supplier price before live sale.",,,,,unverified,35,0,pending-full,generated-staging
Quaker Oats 500g,Quaker,grains,Oats,BS-QUAKER-OATS-500G-0086,false,,,,500g,item,1050,16.0,1200,0,5,,Quaker Oats 500g Nigeria product pack,Pending automated product-image enrichment,Estimated staging price — supplier verification required,,,Nigeria/Imported,2026-08-10,"Stage catalogue item; verify exact pack, image and supplier price before live sale.",,,,,unverified,35,0,pending-full,generated-staging
Quaker Oats 1kg,Quaker,grains,Oats,BS-QUAKER-OATS-1KG-0087,false,,,,1kg,item,2400,16.0,2800,0,5,,Quaker Oats 1kg Nigeria product pack,Pending automated product-image enrichment,Estimated staging price — supplier verification required,,,Nigeria/Imported,2026-08-10,"Stage catalogue item; verify exact pack, image and supplier price before live sale.",,,,,unverified,35,0,pending-full,generated-staging
Nasco Corn Flakes 350g,Nasco,grains,Corn Flakes,BS-NASCO-CORN-FLAKES-350G-0088,false,,,,350g,item,650,16.0,750,0,5,,Nasco Corn Flakes 350g Nigeria product pack,Pending automated product-image enrichment,Estimated staging price — supplier verification required,,,Nigeria/Imported,2026-08-10,"Stage catalogue item; verify exact pack, image and supplier price before live sale.",,,,,unverified,35,0,pending-full,generated-staging
Nasco Corn Flakes 500g,Nasco,grains,Corn Flakes,BS-NASCO-CORN-FLAKES-500G-0089,false,,,,500g,item,850,16.0,1000,0,5,,Nasco Corn Flakes 500g Nigeria product pack,Pending automated product-image enrichment,Estimated staging price — supplier verification required,,,Nigeria/Imported,2026-08-10,"Stage catalogue item; verify exact pack, image and supplier price before live sale.",,,,,unverified,35,0,pending-full,generated-staging
Nasco Corn Flakes 1kg,Nasco,grains,Corn Flakes,BS-NASCO-CORN-FLAKES-1KG-0090,false,,,,1kg,item,1650,16.0,1900,0,5,,Nasco Corn Flakes 1kg Nigeria product pack,Pending automated product-image enrichment,Estimated staging price — supplier verification required,,,Nigeria/Imported,2026-08-10,"Stage catalogue item; verify exact pack, image and supplier price before live sale.",,,,,unverified,35,0,pending-full,generated-staging
Kellogg's Corn Flakes 350g,Kellogg's,grains,Corn Flakes,BS-KELLOGG--CORN-FLAKES-350G-0091,false,,,,350g,item,850,16.0,1000,0,5,,Kellogg's Corn Flakes 350g Nigeria product pack,Pending automated product-image enrichment,Estimated staging price — supplier verification required,,,Nigeria/Imported,2026-08-10,"Stage catalogue item; verify exact pack, image and supplier price before live sale.",,,,,unverified,35,0,pending-full,generated-staging
Kellogg's Corn Flakes 500g,Kellogg's,grains,Corn Flakes,BS-KELLOGG--CORN-FLAKES-500G-0092,false,,,,500g,item,1350,16.0,1550,0,5,,Kellogg's Corn Flakes 500g Nigeria product pack,Pending automated product-image enrichment,Estimated staging price — supplier verification required,,,Nigeria/Imported,2026-08-10,"Stage catalogue item; verify exact pack, image and supplier price before live sale.",,,,,unverified,35,0,pending-full,generated-staging
Kellogg's Corn Flakes 1kg,Kellogg's,grains,Corn Flakes,BS-KELLOGG--CORN-FLAKES-1KG-0093,false,,,,1kg,item,2750,16.0,3200,0,5,,Kellogg's Corn Flakes 1kg Nigeria product pack,Pending automated product-image enrichment,Estimated staging price — supplier verification required,,,Nigeria/Imported,2026-08-10,"Stage catalogue item; verify exact pack, image and supplier price before live sale.",,,,,unverified,35,0,pending-full,generated-staging
Checkers Custard Vanilla 500g,Checkers,grains,Custard Vanilla,BS-CHECKERS-CUSTARD-VANI-500G-0094,false,,,,500g,item,600,16.0,700,0,5,,Checkers Custard Vanilla 500g Nigeria product pack,Pending automated product-image enrichment,Estimated staging price — supplier verification required,,,Nigeria/Imported,2026-08-10,"Stage catalogue item; verify exact pack, image and supplier price before live sale.",,,,,unverified,35,0,pending-full,generated-staging
Checkers Custard Vanilla 1kg,Checkers,grains,Custard Vanilla,BS-CHECKERS-CUSTARD-VANI-1KG-0095,false,,,,1kg,item,1100,16.0,1300,0,5,,Checkers Custard Vanilla 1kg Nigeria product pack,Pending automated product-image enrichment,Estimated staging price — supplier verification required,,,Nigeria/Imported,2026-08-10,"Stage catalogue item; verify exact pack, image and supplier price before live sale.",,,,,unverified,35,0,pending-full,generated-staging
Checkers Custard Vanilla 2kg,Checkers,grains,Custard Vanilla,BS-CHECKERS-CUSTARD-VANI-2KG-0096,false,,,,2kg,item,2350,16.0,2750,0,5,,Checkers Custard Vanilla 2kg Nigeria product pack,Pending automated product-image enrichment,Estimated staging price — supplier verification required,,,Nigeria/Imported,2026-08-10,"Stage catalogue item; verify exact pack, image and supplier price before live sale.",,,,,unverified,35,0,pending-full,generated-staging
Bird's Custard Vanilla 450g,Bird's,grains,Custard Vanilla,BS-BIRD-S-CUSTARD-VANI-450G-0097,false,,,,450g,item,750,16.0,850,0,5,,Bird's Custard Vanilla 450g Nigeria product pack,Pending automated product-image enrichment,Estimated staging price — supplier verification required,,,Nigeria/Imported,2026-08-10,"Stage catalogue item; verify exact pack, image and supplier price before live sale.",,,,,unverified,35,0,pending-full,generated-staging
Bird's Custard Vanilla 1kg,Bird's,grains,Custard Vanilla,BS-BIRD-S-CUSTARD-VANI-1KG-0098,false,,,,1kg,item,1500,16.0,1750,0,5,,Bird's Custard Vanilla 1kg Nigeria product pack,Pending automated product-image enrichment,Estimated staging price — supplier verification required,,,Nigeria/Imported,2026-08-10,"Stage catalogue item; verify exact pack, image and supplier price before live sale.",,,,,unverified,35,0,pending-full,generated-staging
Golden Penny Flour 1kg,Golden Penny,grains,Flour,BS-GOLDEN-P-FLOUR-1KG-0099,false,,,,1kg,item,950,16.0,1100,0,5,,Golden Penny Flour 1kg Nigeria product pack,Pending automated product-image enrichment,Estimated staging price — supplier verification required,,,Nigeria/Imported,2026-08-10,"Stage catalogue item; verify exact pack, image and supplier price before live sale.",,,,,unverified,35,0,pending-full,generated-staging
Golden Penny Flour 2kg,Golden Penny,grains,Flour,BS-GOLDEN-P-FLOUR-2KG-0100,false,,,,2kg,item,1850,16.0,2150,0,5,,Golden Penny Flour 2kg Nigeria product pack,Pending automated product-image enrichment,Estimated staging price — supplier verification required,,,Nigeria/Imported,2026-08-10,"Stage catalogue item; verify exact pack, image and supplier price before live sale.",,,,,unverified,35,0,pending-full,generated-staging
Golden Penny Flour 5kg,Golden Penny,grains,Flour,BS-GOLDEN-P-FLOUR-5KG-0101,false,,,,5kg,item,3900,16.0,4500,0,5,,Golden Penny Flour 5kg Nigeria product pack,Pending automated product-image enrichment,Estimated staging price — supplier verification required,,,Nigeria/Imported,2026-08-10,"Stage catalogue item; verify exact pack, image and supplier price before live sale.",,,,,unverified,35,0,pending-full,generated-staging
Golden Penny Flour 10kg,Golden Penny,grains,Flour,BS-GOLDEN-P-FLOUR-10KG-0102,false,,,,10kg,item,8900,16.0,10300,0,5,,Golden Penny Flour 10kg Nigeria product pack,Pending automated product-image enrichment,Estimated staging price — supplier verification required,,,Nigeria/Imported,2026-08-10,"Stage catalogue item; verify exact pack, image and supplier price before live sale.",,,,,unverified,35,0,pending-full,generated-staging
Golden Penny Flour 25kg,Golden Penny,grains,Flour,BS-GOLDEN-P-FLOUR-25KG-0103,false,,,,25kg,item,22150,16.0,25700,0,5,,Golden Penny Flour 25kg Nigeria product pack,Pending automated product-image enrichment,Estimated staging price — supplier verification required,,,Nigeria/Imported,2026-08-10,"Stage catalogue item; verify exact pack, image and supplier price before live sale.",,,,,unverified,35,0,pending-full,generated-staging
Golden Penny Flour 50kg,Golden Penny,grains,Flour,BS-GOLDEN-P-FLOUR-50KG-0104,false,,,,50kg,item,43200,16.0,50100,0,5,,Golden Penny Flour 50kg Nigeria product pack,Pending automated product-image enrichment,Estimated staging price — supplier verification required,,,Nigeria/Imported,2026-08-10,"Stage catalogue item; verify exact pack, image and supplier price before live sale.",,,,,unverified,35,0,pending-full,generated-staging
Honeywell Flour 1kg,Honeywell,grains,Flour,BS-HONEYWEL-FLOUR-1KG-0105,false,,,,1kg,item,850,16.0,1000,0,5,,Honeywell Flour 1kg Nigeria product pack,Pending automated product-image enrichment,Estimated staging price — supplier verification required,,,Nigeria/Imported,2026-08-10,"Stage catalogue item; verify exact pack, image and supplier price before live sale.",,,,,unverified,35,0,pending-full,generated-staging
Honeywell Flour 2kg,Honeywell,grains,Flour,BS-HONEYWEL-FLOUR-2KG-0106,false,,,,2kg,item,1800,16.0,2100,0,5,,Honeywell Flour 2kg Nigeria product pack,Pending automated product-image enrichment,Estimated staging price — supplier verification required,,,Nigeria/Imported,2026-08-10,"Stage catalogue item; verify exact pack, image and supplier price before live sale.",,,,,unverified,35,0,pending-full,generated-staging
Honeywell Flour 5kg,Honeywell,grains,Flour,BS-HONEYWEL-FLOUR-5KG-0107,false,,,,5kg,item,4100,16.0,4750,0,5,,Honeywell Flour 5kg Nigeria product pack,Pending automated product-image enrichment,Estimated staging price — supplier verification required,,,Nigeria/Imported,2026-08-10,"Stage catalogue item; verify exact pack, image and supplier price before live sale.",,,,,unverified,35,0,pending-full,generated-staging
Honeywell Flour 10kg,Honeywell,grains,Flour,BS-HONEYWEL-FLOUR-10KG-0108,false,,,,10kg,item,8700,16.0,10100,0,5,,Honeywell Flour 10kg Nigeria product pack,Pending automated product-image enrichment,Estimated staging price — supplier verification required,,,Nigeria/Imported,2026-08-10,"Stage catalogue item; verify exact pack, image and supplier price before live sale.",,,,,unverified,35,0,pending-full,generated-staging
Honeywell Flour 25kg,Honeywell,grains,Flour,BS-HONEYWEL-FLOUR-25KG-0109,false,,,,25kg,item,21800,16.0,25300,0,5,,Honeywell Flour 25kg Nigeria product pack,Pending automated product-image enrichment,Estimated staging price — supplier verification required,,,Nigeria/Imported,2026-08-10,"Stage catalogue item; verify exact pack, image and supplier price before live sale.",,,,,unverified,35,0,pending-full,generated-staging
Honeywell Flour 50kg,Honeywell,grains,Flour,BS-HONEYWEL-FLOUR-50KG-0110,false,,,,50kg,item,47500,16.0,55100,0,5,,Honeywell Flour 50kg Nigeria product pack,Pending automated product-image enrichment,Estimated staging price — supplier verification required,,,Nigeria/Imported,2026-08-10,"Stage catalogue item; verify exact pack, image and supplier price before live sale.",,,,,unverified,35,0,pending-full,generated-staging
Dangote Sugar 500g,Dangote,grains,Sugar,BS-DANGOTE-SUGAR-500G-0111,false,,,,500g,item,500,16.0,600,0,5,,Dangote Sugar 500g Nigeria product pack,Pending automated product-image enrichment,Estimated staging price — supplier verification required,,,Nigeria/Imported,2026-08-10,"Stage catalogue item; verify exact pack, image and supplier price before live sale.",,,,,unverified,35,0,pending-full,generated-staging
Dangote Sugar 1kg,Dangote,grains,Sugar,BS-DANGOTE-SUGAR-1KG-0112,false,,,,1kg,item,900,16.0,1050,0,5,,Dangote Sugar 1kg Nigeria product pack,Pending automated product-image enrichment,Estimated staging price — supplier verification required,,,Nigeria/Imported,2026-08-10,"Stage catalogue item; verify exact pack, image and supplier price before live sale.",,,,,unverified,35,0,pending-full,generated-staging
Dangote Sugar 2kg,Dangote,grains,Sugar,BS-DANGOTE-SUGAR-2KG-0113,false,,,,2kg,item,1900,16.0,2200,0,5,,Dangote Sugar 2kg Nigeria product pack,Pending automated product-image enrichment,Estimated staging price — supplier verification required,,,Nigeria/Imported,2026-08-10,"Stage catalogue item; verify exact pack, image and supplier price before live sale.",,,,,unverified,35,0,pending-full,generated-staging
Dangote Sugar 5kg,Dangote,grains,Sugar,BS-DANGOTE-SUGAR-5KG-0114,false,,,,5kg,item,4500,16.0,5200,0,5,,Dangote Sugar 5kg Nigeria product pack,Pending automated product-image enrichment,Estimated staging price — supplier verification required,,,Nigeria/Imported,2026-08-10,"Stage catalogue item; verify exact pack, image and supplier price before live sale.",,,,,unverified,35,0,pending-full,generated-staging
Dangote Sugar 10kg,Dangote,grains,Sugar,BS-DANGOTE-SUGAR-10KG-0115,false,,,,10kg,item,10300,16.0,11950,0,5,,Dangote Sugar 10kg Nigeria product pack,Pending automated product-image enrichment,Estimated staging price — supplier verification required,,,Nigeria/Imported,2026-08-10,"Stage catalogue item; verify exact pack, image and supplier price before live sale.",,,,,unverified,35,0,pending-full,generated-staging
Dangote Sugar 25kg,Dangote,grains,Sugar,BS-DANGOTE-SUGAR-25KG-0116,false,,,,25kg,item,25550,16.0,29650,0,5,,Dangote Sugar 25kg Nigeria product pack,Pending automated product-image enrichment,Estimated staging price — supplier verification required,,,Nigeria/Imported,2026-08-10,"Stage catalogue item; verify exact pack, image and supplier price before live sale.",,,,,unverified,35,0,pending-full,generated-staging
Dangote Sugar 50kg,Dangote,grains,Sugar,BS-DANGOTE-SUGAR-50KG-0117,false,,,,50kg,item,46250,16.0,53650,0,5,,Dangote Sugar 50kg Nigeria product pack,Pending automated product-image enrichment,Estimated staging price — supplier verification required,,,Nigeria/Imported,2026-08-10,"Stage catalogue item; verify exact pack, image and supplier price before live sale.",,,,,unverified,35,0,pending-full,generated-staging
BUA Sugar 500g,BUA,grains,Sugar,BS-BUA-SUGAR-500G-0118,false,,,,500g,item,500,16.0,600,0,5,,BUA Sugar 500g Nigeria product pack,Pending automated product-image enrichment,Estimated staging price — supplier verification required,,,Nigeria/Imported,2026-08-10,"Stage catalogue item; verify exact pack, image and supplier price before live sale.",,,,,unverified,35,0,pending-full,generated-staging
BUA Sugar 1kg,BUA,grains,Sugar,BS-BUA-SUGAR-1KG-0119,false,,,,1kg,item,950,16.0,1100,0,5,,BUA Sugar 1kg Nigeria product pack,Pending automated product-image enrichment,Estimated staging price — supplier verification required,,,Nigeria/Imported,2026-08-10,"Stage catalogue item; verify exact pack, image and supplier price before live sale.",,,,,unverified,35,0,pending-full,generated-staging
BUA Sugar 2kg,BUA,grains,Sugar,BS-BUA-SUGAR-2KG-0120,false,,,,2kg,item,1750,16.0,2050,0,5,,BUA Sugar 2kg Nigeria product pack,Pending automated product-image enrichment,Estimated staging price — supplier verification required,,,Nigeria/Imported,2026-08-10,"Stage catalogue item; verify exact pack, image and supplier price before live sale.",,,,,unverified,35,0,pending-full,generated-staging
BUA Sugar 5kg,BUA,grains,Sugar,BS-BUA-SUGAR-5KG-0121,false,,,,5kg,item,4900,16.0,5700,0,5,,BUA Sugar 5kg Nigeria product pack,Pending automated product-image enrichment,Estimated staging price — supplier verification required,,,Nigeria/Imported,2026-08-10,"Stage catalogue item; verify exact pack, image and supplier price before live sale.",,,,,unverified,35,0,pending-full,generated-staging
BUA Sugar 10kg,BUA,grains,Sugar,BS-BUA-SUGAR-10KG-0122,false,,,,10kg,item,9450,16.0,10950,0,5,,BUA Sugar 10kg Nigeria product pack,Pending automated product-image enrichment,Estimated staging price — supplier verification required,,,Nigeria/Imported,2026-08-10,"Stage catalogue item; verify exact pack, image and supplier price before live sale.",,,,,unverified,35,0,pending-full,generated-staging
BUA Sugar 25kg,BUA,grains,Sugar,BS-BUA-SUGAR-25KG-0123,false,,,,25kg,item,24650,16.0,28600,0,5,,BUA Sugar 25kg Nigeria product pack,Pending automated product-image enrichment,Estimated staging price — supplier verification required,,,Nigeria/Imported,2026-08-10,"Stage catalogue item; verify exact pack, image and supplier price before live sale.",,,,,unverified,35,0,pending-full,generated-staging
BUA Sugar 50kg,BUA,grains,Sugar,BS-BUA-SUGAR-50KG-0124,false,,,,50kg,item,47200,16.0,54750,0,5,,BUA Sugar 50kg Nigeria product pack,Pending automated product-image enrichment,Estimated staging price — supplier verification required,,,Nigeria/Imported,2026-08-10,"Stage catalogue item; verify exact pack, image and supplier price before live sale.",,,,,unverified,35,0,pending-full,generated-staging
Devon King's Vegetable Oil 500ml,Devon King's,oil,Vegetable Oil,BS-DEVON-KI-VEGETABLE-OI-500ML-0125,false,,,,500ml,item,850,14.0,950,0,5,,Devon King's Vegetable Oil 500ml Nigeria product pack,Pending automated product-image enrichment,Estimated staging price — supplier verification required,,,Nigeria/Imported,2026-08-10,"Stage catalogue item; verify exact pack, image and supplier price before live sale.",,,,,unverified,35,0,pending-full,generated-staging
Devon King's Vegetable Oil 1L,Devon King's,oil,Vegetable Oil,BS-DEVON-KI-VEGETABLE-OI-1L-0126,false,,,,1L,item,1750,14.0,2000,0,5,,Devon King's Vegetable Oil 1L Nigeria product pack,Pending automated product-image enrichment,Estimated staging price — supplier verification required,,,Nigeria/Imported,2026-08-10,"Stage catalogue item; verify exact pack, image and supplier price before live sale.",,,,,unverified,35,0,pending-full,generated-staging
Devon King's Vegetable Oil 2L,Devon King's,oil,Vegetable Oil,BS-DEVON-KI-VEGETABLE-OI-2L-0127,false,,,,2L,item,3300,14.0,3750,0,5,,Devon King's Vegetable Oil 2L Nigeria product pack,Pending automated product-image enrichment,Estimated staging price — supplier verification required,,,Nigeria/Imported,2026-08-10,"Stage catalogue item; verify exact pack, image and supplier price before live sale.",,,,,unverified,35,0,pending-full,generated-staging
Devon King's Vegetable Oil 3L,Devon King's,oil,Vegetable Oil,BS-DEVON-KI-VEGETABLE-OI-3L-0128,false,,,,3L,item,5850,14.0,6650,0,5,,Devon King's Vegetable Oil 3L Nigeria product pack,Pending automated product-image enrichment,Estimated staging price — supplier verification required,,,Nigeria/Imported,2026-08-10,"Stage catalogue item; verify exact pack, image and supplier price before live sale.",,,,,unverified,35,0,pending-full,generated-staging
Devon King's Vegetable Oil 5L,Devon King's,oil,Vegetable Oil,BS-DEVON-KI-VEGETABLE-OI-5L-0129,false,,,,5L,item,9700,14.0,11050,0,5,,Devon King's Vegetable Oil 5L Nigeria product pack,Pending automated product-image enrichment,Estimated staging price — supplier verification required,,,Nigeria/Imported,2026-08-10,"Stage catalogue item; verify exact pack, image and supplier price before live sale.",,,,,unverified,35,0,pending-full,generated-staging
Devon King's Vegetable Oil 25L,Devon King's,oil,Vegetable Oil,BS-DEVON-KI-VEGETABLE-OI-25L-0130,false,,,,25L,item,48150,14.0,54900,0,5,,Devon King's Vegetable Oil 25L Nigeria product pack,Pending automated product-image enrichment,Estimated staging price — supplier verification required,,,Nigeria/Imported,2026-08-10,"Stage catalogue item; verify exact pack, image and supplier price before live sale.",,,,,unverified,35,0,pending-full,generated-staging
Power Oil Vegetable Oil 500ml,Power Oil,oil,Vegetable Oil,BS-POWER-OI-VEGETABLE-OI-500ML-0131,false,,,,500ml,item,950,14.0,1100,0,5,,Power Oil Vegetable Oil 500ml Nigeria product pack,Pending automated product-image enrichment,Estimated staging price — supplier verification required,,,Nigeria/Imported,2026-08-10,"Stage catalogue item; verify exact pack, image and supplier price before live sale.",,,,,unverified,35,0,pending-full,generated-staging
Power Oil Vegetable Oil 750ml,Power Oil,oil,Vegetable Oil,BS-POWER-OI-VEGETABLE-OI-750ML-0132,false,,,,750ml,item,1350,14.0,1550,0,5,,Power Oil Vegetable Oil 750ml Nigeria product pack,Pending automated product-image enrichment,Estimated staging price — supplier verification required,,,Nigeria/Imported,2026-08-10,"Stage catalogue item; verify exact pack, image and supplier price before live sale.",,,,,unverified,35,0,pending-full,generated-staging
Power Oil Vegetable Oil 1L,Power Oil,oil,Vegetable Oil,BS-POWER-OI-VEGETABLE-OI-1L-0133,false,,,,1L,item,2050,14.0,2350,0,5,,Power Oil Vegetable Oil 1L Nigeria product pack,Pending automated product-image enrichment,Estimated staging price — supplier verification required,,,Nigeria/Imported,2026-08-10,"Stage catalogue item; verify exact pack, image and supplier price before live sale.",,,,,unverified,35,0,pending-full,generated-staging
Power Oil Vegetable Oil 2L,Power Oil,oil,Vegetable Oil,BS-POWER-OI-VEGETABLE-OI-2L-0134,false,,,,2L,item,4150,14.0,4750,0,5,,Power Oil Vegetable Oil 2L Nigeria product pack,Pending automated product-image enrichment,Estimated staging price — supplier verification required,,,Nigeria/Imported,2026-08-10,"Stage catalogue item; verify exact pack, image and supplier price before live sale.",,,,,unverified,35,0,pending-full,generated-staging
Power Oil Vegetable Oil 3L,Power Oil,oil,Vegetable Oil,BS-POWER-OI-VEGETABLE-OI-3L-0135,false,,,,3L,item,5350,14.0,6100,0,5,,Power Oil Vegetable Oil 3L Nigeria product pack,Pending automated product-image enrichment,Estimated staging price — supplier verification required,,,Nigeria/Imported,2026-08-10,"Stage catalogue item; verify exact pack, image and supplier price before live sale.",,,,,unverified,35,0,pending-full,generated-staging
Power Oil Vegetable Oil 5L,Power Oil,oil,Vegetable Oil,BS-POWER-OI-VEGETABLE-OI-5L-0136,false,,,,5L,item,9550,14.0,10900,0,5,,Power Oil Vegetable Oil 5L Nigeria product pack,Pending automated product-image enrichment,Estimated staging price — supplier verification required,,,Nigeria/Imported,2026-08-10,"Stage catalogue item; verify exact pack, image and supplier price before live sale.",,,,,unverified,35,0,pending-full,generated-staging
Mamador Vegetable Oil 500ml,Mamador,oil,Vegetable Oil,BS-MAMADOR-VEGETABLE-OI-500ML-0137,false,,,,500ml,item,900,14.0,1050,0,5,,Mamador Vegetable Oil 500ml Nigeria product pack,Pending automated product-image enrichment,Estimated staging price — supplier verification required,,,Nigeria/Imported,2026-08-10,"Stage catalogue item; verify exact pack, image and supplier price before live sale.",,,,,unverified,35,0,pending-full,generated-staging
Mamador Vegetable Oil 1L,Mamador,oil,Vegetable Oil,BS-MAMADOR-VEGETABLE-OI-1L-0138,false,,,,1L,item,2050,14.0,2350,0,5,,Mamador Vegetable Oil 1L Nigeria product pack,Pending automated product-image enrichment,Estimated staging price — supplier verification required,,,Nigeria/Imported,2026-08-10,"Stage catalogue item; verify exact pack, image and supplier price before live sale.",,,,,unverified,35,0,pending-full,generated-staging
Mamador Vegetable Oil 2L,Mamador,oil,Vegetable Oil,BS-MAMADOR-VEGETABLE-OI-2L-0139,false,,,,2L,item,4150,14.0,4750,0,5,,Mamador Vegetable Oil 2L Nigeria product pack,Pending automated product-image enrichment,Estimated staging price — supplier verification required,,,Nigeria/Imported,2026-08-10,"Stage catalogue item; verify exact pack, image and supplier price before live sale.",,,,,unverified,35,0,pending-full,generated-staging
Mamador Vegetable Oil 3L,Mamador,oil,Vegetable Oil,BS-MAMADOR-VEGETABLE-OI-3L-0140,false,,,,3L,item,5500,14.0,6250,0,5,,Mamador Vegetable Oil 3L Nigeria product pack,Pending automated product-image enrichment,Estimated staging price — supplier verification required,,,Nigeria/Imported,2026-08-10,"Stage catalogue item; verify exact pack, image and supplier price before live sale.",,,,,unverified,35,0,pending-full,generated-staging
Mamador Vegetable Oil 4L,Mamador,oil,Vegetable Oil,BS-MAMADOR-VEGETABLE-OI-4L-0141,false,,,,4L,item,7850,14.0,8950,0,5,,Mamador Vegetable Oil 4L Nigeria product pack,Pending automated product-image enrichment,Estimated staging price — supplier verification required,,,Nigeria/Imported,2026-08-10,"Stage catalogue item; verify exact pack, image and supplier price before live sale.",,,,,unverified,35,0,pending-full,generated-staging
Mamador Vegetable Oil 5L,Mamador,oil,Vegetable Oil,BS-MAMADOR-VEGETABLE-OI-5L-0142,false,,,,5L,item,9950,14.0,11350,0,5,,Mamador Vegetable Oil 5L Nigeria product pack,Pending automated product-image enrichment,Estimated staging price — supplier verification required,,,Nigeria/Imported,2026-08-10,"Stage catalogue item; verify exact pack, image and supplier price before live sale.",,,,,unverified,35,0,pending-full,generated-staging
Kings Vegetable Oil 500ml,Kings,oil,Vegetable Oil,BS-KINGS-VEGETABLE-OI-500ML-0143,false,,,,500ml,item,850,14.0,950,0,5,,Kings Vegetable Oil 500ml Nigeria product pack,Pending automated product-image enrichment,Estimated staging price — supplier verification required,,,Nigeria/Imported,2026-08-10,"Stage catalogue item; verify exact pack, image and supplier price before live sale.",,,,,unverified,35,0,pending-full,generated-staging
Kings Vegetable Oil 1L,Kings,oil,Vegetable Oil,BS-KINGS-VEGETABLE-OI-1L-0144,false,,,,1L,item,1900,14.0,2150,0,5,,Kings Vegetable Oil 1L Nigeria product pack,Pending automated product-image enrichment,Estimated staging price — supplier verification required,,,Nigeria/Imported,2026-08-10,"Stage catalogue item; verify exact pack, image and supplier price before live sale.",,,,,unverified,35,0,pending-full,generated-staging
Kings Vegetable Oil 2L,Kings,oil,Vegetable Oil,BS-KINGS-VEGETABLE-OI-2L-0145,false,,,,2L,item,3500,14.0,4000,0,5,,Kings Vegetable Oil 2L Nigeria product pack,Pending automated product-image enrichment,Estimated staging price — supplier verification required,,,Nigeria/Imported,2026-08-10,"Stage catalogue item; verify exact pack, image and supplier price before live sale.",,,,,unverified,35,0,pending-full,generated-staging
Kings Vegetable Oil 3L,Kings,oil,Vegetable Oil,BS-KINGS-VEGETABLE-OI-3L-0146,false,,,,3L,item,5050,14.0,5750,0,5,,Kings Vegetable Oil 3L Nigeria product pack,Pending automated product-image enrichment,Estimated staging price — supplier verification required,,,Nigeria/Imported,2026-08-10,"Stage catalogue item; verify exact pack, image and supplier price before live sale.",,,,,unverified,35,0,pending-full,generated-staging
Kings Vegetable Oil 5L,Kings,oil,Vegetable Oil,BS-KINGS-VEGETABLE-OI-5L-0147,false,,,,5L,item,8900,14.0,10150,0,5,,Kings Vegetable Oil 5L Nigeria product pack,Pending automated product-image enrichment,Estimated staging price — supplier verification required,,,Nigeria/Imported,2026-08-10,"Stage catalogue item; verify exact pack, image and supplier price before live sale.",,,,,unverified,35,0,pending-full,generated-staging
Palm Oil 500ml,Generic,oil,Palm Oil,BS-GENERIC-PALM-OIL-500ML-0148,false,,,,500ml,item,900,14.0,1050,0,5,,Generic Palm Oil 500ml Nigeria product pack,Pending automated product-image enrichment,Estimated staging price — supplier verification required,,,Nigeria/Imported,2026-08-10,"Stage catalogue item; verify exact pack, image and supplier price before live sale.",,,,,unverified,35,0,pending-full,generated-staging
Palm Oil 1L,Generic,oil,Palm Oil,BS-GENERIC-PALM-OIL-1L-0149,false,,,,1L,item,1650,14.0,1900,0,5,,Generic Palm Oil 1L Nigeria product pack,Pending automated product-image enrichment,Estimated staging price — supplier verification required,,,Nigeria/Imported,2026-08-10,"Stage catalogue item; verify exact pack, image and supplier price before live sale.",,,,,unverified,35,0,pending-full,generated-staging
Palm Oil 2L,Generic,oil,Palm Oil,BS-GENERIC-PALM-OIL-2L-0150,false,,,,2L,item,3300,14.0,3750,0,5,,Generic Palm Oil 2L Nigeria product pack,Pending automated product-image enrichment,Estimated staging price — supplier verification required,,,Nigeria/Imported,2026-08-10,"Stage catalogue item; verify exact pack, image and supplier price before live sale.",,,,,unverified,35,0,pending-full,generated-staging
Palm Oil 4L,Generic,oil,Palm Oil,BS-GENERIC-PALM-OIL-4L-0151,false,,,,4L,item,7450,14.0,8500,0,5,,Generic Palm Oil 4L Nigeria product pack,Pending automated product-image enrichment,Estimated staging price — supplier verification required,,,Nigeria/Imported,2026-08-10,"Stage catalogue item; verify exact pack, image and supplier price before live sale.",,,,,unverified,35,0,pending-full,generated-staging
Palm Oil 5L,Generic,oil,Palm Oil,BS-GENERIC-PALM-OIL-5L-0152,false,,,,5L,item,8800,14.0,10050,0,5,,Generic Palm Oil 5L Nigeria product pack,Pending automated product-image enrichment,Estimated staging price — supplier verification required,,,Nigeria/Imported,2026-08-10,"Stage catalogue item; verify exact pack, image and supplier price before live sale.",,,,,unverified,35,0,pending-full,generated-staging
Palm Oil 25L,Generic,oil,Palm Oil,BS-GENERIC-PALM-OIL-25L-0153,false,,,,25L,item,42450,14.0,48400,0,5,,Generic Palm Oil 25L Nigeria product pack,Pending automated product-image enrichment,Estimated staging price — supplier verification required,,,Nigeria/Imported,2026-08-10,"Stage catalogue item; verify exact pack, image and supplier price before live sale.",,,,,unverified,35,0,pending-full,generated-staging
Blue Band Margarine 250g,Blue Band,oil,Margarine,BS-BLUE-BAN-MARGARINE-250G-0154,false,,,,250g,item,400,14.0,450,0,5,,Blue Band Margarine 250g Nigeria product pack,Pending automated product-image enrichment,Estimated staging price — supplier verification required,,,Nigeria/Imported,2026-08-10,"Stage catalogue item; verify exact pack, image and supplier price before live sale.",,,,,unverified,35,0,pending-full,generated-staging
Blue Band Margarine 500g,Blue Band,oil,Margarine,BS-BLUE-BAN-MARGARINE-500G-0155,false,,,,500g,item,750,14.0,850,0,5,,Blue Band Margarine 500g Nigeria product pack,Pending automated product-image enrichment,Estimated staging price — supplier verification required,,,Nigeria/Imported,2026-08-10,"Stage catalogue item; verify exact pack, image and supplier price before live sale.",,,,,unverified,35,0,pending-full,generated-staging
Blue Band Margarine 900g,Blue Band,oil,Margarine,BS-BLUE-BAN-MARGARINE-900G-0156,false,,,,900g,item,1400,14.0,1600,0,5,,Blue Band Margarine 900g Nigeria product pack,Pending automated product-image enrichment,Estimated staging price — supplier verification required,,,Nigeria/Imported,2026-08-10,"Stage catalogue item; verify exact pack, image and supplier price before live sale.",,,,,unverified,35,0,pending-full,generated-staging
President Butter 200g,President,oil,Butter,BS-PRESIDEN-BUTTER-200G-0157,false,,,,200g,item,800,14.0,900,0,5,,President Butter 200g Nigeria product pack,Pending automated product-image enrichment,Estimated staging price — supplier verification required,,,Nigeria/Imported,2026-08-10,"Stage catalogue item; verify exact pack, image and supplier price before live sale.",,,,,unverified,35,0,pending-full,generated-staging
President Butter 250g,President,oil,Butter,BS-PRESIDEN-BUTTER-250G-0158,false,,,,250g,item,1100,14.0,1250,0,5,,President Butter 250g Nigeria product pack,Pending automated product-image enrichment,Estimated staging price — supplier verification required,,,Nigeria/Imported,2026-08-10,"Stage catalogue item; verify exact pack, image and supplier price before live sale.",,,,,unverified,35,0,pending-full,generated-staging
President Butter 500g,President,oil,Butter,BS-PRESIDEN-BUTTER-500G-0159,false,,,,500g,item,2000,14.0,2300,0,5,,President Butter 500g Nigeria product pack,Pending automated product-image enrichment,Estimated staging price — supplier verification required,,,Nigeria/Imported,2026-08-10,"Stage catalogue item; verify exact pack, image and supplier price before live sale.",,,,,unverified,35,0,pending-full,generated-staging
Maggi Seasoning Cubes Chicken 100g,Maggi,spices,Seasoning Cubes Chicken,BS-MAGGI-SEASONING-CU-100G-0160,false,,,,100g,item,150,22.0,200,0,5,,Maggi Seasoning Cubes Chicken 100g Nigeria product pack,Pending automated product-image enrichment,Estimated staging price — supplier verification required,,,Nigeria/Imported,2026-08-10,"Stage catalogue item; verify exact pack, image and supplier price before live sale.",,,,,unverified,35,0,pending-full,generated-staging
Maggi Seasoning Cubes Chicken 400g,Maggi,spices,Seasoning Cubes Chicken,BS-MAGGI-SEASONING-CU-400G-0161,false,,,,400g,item,450,22.0,550,0,5,,Maggi Seasoning Cubes Chicken 400g Nigeria product pack,Pending automated product-image enrichment,Estimated staging price — supplier verification required,,,Nigeria/Imported,2026-08-10,"Stage catalogue item; verify exact pack, image and supplier price before live sale.",,,,,unverified,35,0,pending-full,generated-staging
Maggi Seasoning Cubes Chicken 1kg,Maggi,spices,Seasoning Cubes Chicken,BS-MAGGI-SEASONING-CU-1KG-0162,false,,,,1kg,item,1250,22.0,1500,0,5,,Maggi Seasoning Cubes Chicken 1kg Nigeria product pack,Pending automated product-image enrichment,Estimated staging price — supplier verification required,,,Nigeria/Imported,2026-08-10,"Stage catalogue item; verify exact pack, image and supplier price before live sale.",,,,,unverified,35,0,pending-full,generated-staging
Knorr Seasoning Cubes Chicken 100g,Knorr,spices,Seasoning Cubes Chicken,BS-KNORR-SEASONING-CU-100G-0163,false,,,,100g,item,150,22.0,200,0,5,,Knorr Seasoning Cubes Chicken 100g Nigeria product pack,Pending automated product-image enrichment,Estimated staging price — supplier verification required,,,Nigeria/Imported,2026-08-10,"Stage catalogue item; verify exact pack, image and supplier price before live sale.",,,,,unverified,35,0,pending-full,generated-staging
Knorr Seasoning Cubes Chicken 400g,Knorr,spices,Seasoning Cubes Chicken,BS-KNORR-SEASONING-CU-400G-0164,false,,,,400g,item,550,22.0,650,0,5,,Knorr Seasoning Cubes Chicken 400g Nigeria product pack,Pending automated product-image enrichment,Estimated staging price — supplier verification required,,,Nigeria/Imported,2026-08-10,"Stage catalogue item; verify exact pack, image and supplier price before live sale.",,,,,unverified,35,0,pending-full,generated-staging
Knorr Seasoning Cubes Chicken 1kg,Knorr,spices,Seasoning Cubes Chicken,BS-KNORR-SEASONING-CU-1KG-0165,false,,,,1kg,item,1400,22.0,1700,0,5,,Knorr Seasoning Cubes Chicken 1kg Nigeria product pack,Pending automated product-image enrichment,Estimated staging price — supplier verification required,,,Nigeria/Imported,2026-08-10,"Stage catalogue item; verify exact pack, image and supplier price before live sale.",,,,,unverified,35,0,pending-full,generated-staging
Onga Seasoning Powder 50g,Onga,spices,Seasoning Powder,BS-ONGA-SEASONING-PO-50G-0166,false,,,,50g,item,150,22.0,200,0,5,,Onga Seasoning Powder 50g Nigeria product pack,Pending automated product-image enrichment,Estimated staging price — supplier verification required,,,Nigeria/Imported,2026-08-10,"Stage catalogue item; verify exact pack, image and supplier price before live sale.",,,,,unverified,35,0,pending-full,generated-staging
Onga Seasoning Powder 100g,Onga,spices,Seasoning Powder,BS-ONGA-SEASONING-PO-100G-0167,false,,,,100g,item,150,22.0,200,0,5,,Onga Seasoning Powder 100g Nigeria product pack,Pending automated product-image enrichment,Estimated staging price — supplier verification required,,,Nigeria/Imported,2026-08-10,"Stage catalogue item; verify exact pack, image and supplier price before live sale.",,,,,unverified,35,0,pending-full,generated-staging
Onga Seasoning Powder 400g,Onga,spices,Seasoning Powder,BS-ONGA-SEASONING-PO-400G-0168,false,,,,400g,item,250,22.0,300,0,5,,Onga Seasoning Powder 400g Nigeria product pack,Pending automated product-image enrichment,Estimated staging price — supplier verification required,,,Nigeria/Imported,2026-08-10,"Stage catalogue item; verify exact pack, image and supplier price before live sale.",,,,,unverified,35,0,pending-full,generated-staging
Lion Curry Powder 50g,Lion,spices,Curry Powder,BS-LION-CURRY-POWDER-50G-0169,false,,,,50g,item,150,22.0,200,0,5,,Lion Curry Powder 50g Nigeria product pack,Pending automated product-image enrichment,Estimated staging price — supplier verification required,,,Nigeria/Imported,2026-08-10,"Stage catalogue item; verify exact pack, image and supplier price before live sale.",,,,,unverified,35,0,pending-full,generated-staging
Lion Curry Powder 100g,Lion,spices,Curry Powder,BS-LION-CURRY-POWDER-100G-0170,false,,,,100g,item,150,22.0,200,0,5,,Lion Curry Powder 100g Nigeria product pack,Pending automated product-image enrichment,Estimated staging price — supplier verification required,,,Nigeria/Imported,2026-08-10,"Stage catalogue item; verify exact pack, image and supplier price before live sale.",,,,,unverified,35,0,pending-full,generated-staging
Lion Curry Powder 250g,Lion,spices,Curry Powder,BS-LION-CURRY-POWDER-250G-0171,false,,,,250g,item,150,22.0,200,0,5,,Lion Curry Powder 250g Nigeria product pack,Pending automated product-image enrichment,Estimated staging price — supplier verification required,,,Nigeria/Imported,2026-08-10,"Stage catalogue item; verify exact pack, image and supplier price before live sale.",,,,,unverified,35,0,pending-full,generated-staging
Lion Thyme 20g,Lion,spices,Thyme,BS-LION-THYME-20G-0172,false,,,,20g,item,150,22.0,200,0,5,,Lion Thyme 20g Nigeria product pack,Pending automated product-image enrichment,Estimated staging price — supplier verification required,,,Nigeria/Imported,2026-08-10,"Stage catalogue item; verify exact pack, image and supplier price before live sale.",,,,,unverified,35,0,pending-full,generated-staging
Lion Thyme 50g,Lion,spices,Thyme,BS-LION-THYME-50G-0173,false,,,,50g,item,150,22.0,200,0,5,,Lion Thyme 50g Nigeria product pack,Pending automated product-image enrichment,Estimated staging price — supplier verification required,,,Nigeria/Imported,2026-08-10,"Stage catalogue item; verify exact pack, image and supplier price before live sale.",,,,,unverified,35,0,pending-full,generated-staging
Lion Thyme 100g,Lion,spices,Thyme,BS-LION-THYME-100G-0174,false,,,,100g,item,150,22.0,200,0,5,,Lion Thyme 100g Nigeria product pack,Pending automated product-image enrichment,Estimated staging price — supplier verification required,,,Nigeria/Imported,2026-08-10,"Stage catalogue item; verify exact pack, image and supplier price before live sale.",,,,,unverified,35,0,pending-full,generated-staging
Gino Tomato Paste 70g,Gino,spices,Tomato Paste,BS-GINO-TOMATO-PASTE-70G-0175,false,,,,70g,item,150,22.0,200,0,5,,Gino Tomato Paste 70g Nigeria product pack,Pending automated product-image enrichment,Estimated staging price — supplier verification required,,,Nigeria/Imported,2026-08-10,"Stage catalogue item; verify exact pack, image and supplier price before live sale.",,,,,unverified,35,0,pending-full,generated-staging
Gino Tomato Paste 210g,Gino,spices,Tomato Paste,BS-GINO-TOMATO-PASTE-210G-0176,false,,,,210g,item,150,22.0,200,0,5,,Gino Tomato Paste 210g Nigeria product pack,Pending automated product-image enrichment,Estimated staging price — supplier verification required,,,Nigeria/Imported,2026-08-10,"Stage catalogue item; verify exact pack, image and supplier price before live sale.",,,,,unverified,35,0,pending-full,generated-staging
Gino Tomato Paste 400g,Gino,spices,Tomato Paste,BS-GINO-TOMATO-PASTE-400G-0177,false,,,,400g,item,150,22.0,200,0,5,,Gino Tomato Paste 400g Nigeria product pack,Pending automated product-image enrichment,Estimated staging price — supplier verification required,,,Nigeria/Imported,2026-08-10,"Stage catalogue item; verify exact pack, image and supplier price before live sale.",,,,,unverified,35,0,pending-full,generated-staging
Gino Tomato Paste 850g,Gino,spices,Tomato Paste,BS-GINO-TOMATO-PASTE-850G-0178,false,,,,850g,item,300,22.0,350,0,5,,Gino Tomato Paste 850g Nigeria product pack,Pending automated product-image enrichment,Estimated staging price — supplier verification required,,,Nigeria/Imported,2026-08-10,"Stage catalogue item; verify exact pack, image and supplier price before live sale.",,,,,unverified,35,0,pending-full,generated-staging
Gino Tomato Paste 70g x 50,Gino,spices,Tomato Paste,BS-GINO-TOMATO-PASTE-70G-X-50-0179,false,,,,70g x 50,item,1200,22.0,1450,0,5,,Gino Tomato Paste 70g x 50 Nigeria product pack,Pending automated product-image enrichment,Estimated staging price — supplier verification required,,,Nigeria/Imported,2026-08-10,"Stage catalogue item; verify exact pack, image and supplier price before live sale.",,,,,unverified,35,0,pending-full,generated-staging
Tasty Tom Tomato Paste 70g,Tasty Tom,spices,Tomato Paste,BS-TASTY-TO-TOMATO-PASTE-70G-0180,false,,,,70g,item,150,22.0,200,0,5,,Tasty Tom Tomato Paste 70g Nigeria product pack,Pending automated product-image enrichment,Estimated staging price — supplier verification required,,,Nigeria/Imported,2026-08-10,"Stage catalogue item; verify exact pack, image and supplier price before live sale.",,,,,unverified,35,0,pending-full,generated-staging
Tasty Tom Tomato Paste 210g,Tasty Tom,spices,Tomato Paste,BS-TASTY-TO-TOMATO-PASTE-210G-0181,false,,,,210g,item,150,22.0,200,0,5,,Tasty Tom Tomato Paste 210g Nigeria product pack,Pending automated product-image enrichment,Estimated staging price — supplier verification required,,,Nigeria/Imported,2026-08-10,"Stage catalogue item; verify exact pack, image and supplier price before live sale.",,,,,unverified,35,0,pending-full,generated-staging
Tasty Tom Tomato Paste 400g,Tasty Tom,spices,Tomato Paste,BS-TASTY-TO-TOMATO-PASTE-400G-0182,false,,,,400g,item,150,22.0,200,0,5,,Tasty Tom Tomato Paste 400g Nigeria product pack,Pending automated product-image enrichment,Estimated staging price — supplier verification required,,,Nigeria/Imported,2026-08-10,"Stage catalogue item; verify exact pack, image and supplier price before live sale.",,,,,unverified,35,0,pending-full,generated-staging
Tasty Tom Tomato Paste 850g,Tasty Tom,spices,Tomato Paste,BS-TASTY-TO-TOMATO-PASTE-850G-0183,false,,,,850g,item,350,22.0,450,0,5,,Tasty Tom Tomato Paste 850g Nigeria product pack,Pending automated product-image enrichment,Estimated staging price — supplier verification required,,,Nigeria/Imported,2026-08-10,"Stage catalogue item; verify exact pack, image and supplier price before live sale.",,,,,unverified,35,0,pending-full,generated-staging
Tasty Tom Tomato Paste 70g x 50,Tasty Tom,spices,Tomato Paste,BS-TASTY-TO-TOMATO-PASTE-70G-X-50-0184,false,,,,70g x 50,item,1150,22.0,1400,0,5,,Tasty Tom Tomato Paste 70g x 50 Nigeria product pack,Pending automated product-image enrichment,Estimated staging price — supplier verification required,,,Nigeria/Imported,2026-08-10,"Stage catalogue item; verify exact pack, image and supplier price before live sale.",,,,,unverified,35,0,pending-full,generated-staging
De Rica Tomato Paste 70g,De Rica,spices,Tomato Paste,BS-DE-RICA-TOMATO-PASTE-70G-0185,false,,,,70g,item,150,22.0,200,0,5,,De Rica Tomato Paste 70g Nigeria product pack,Pending automated product-image enrichment,Estimated staging price — supplier verification required,,,Nigeria/Imported,2026-08-10,"Stage catalogue item; verify exact pack, image and supplier price before live sale.",,,,,unverified,35,0,pending-full,generated-staging
De Rica Tomato Paste 210g,De Rica,spices,Tomato Paste,BS-DE-RICA-TOMATO-PASTE-210G-0186,false,,,,210g,item,150,22.0,200,0,5,,De Rica Tomato Paste 210g Nigeria product pack,Pending automated product-image enrichment,Estimated staging price — supplier verification required,,,Nigeria/Imported,2026-08-10,"Stage catalogue item; verify exact pack, image and supplier price before live sale.",,,,,unverified,35,0,pending-full,generated-staging
De Rica Tomato Paste 400g,De Rica,spices,Tomato Paste,BS-DE-RICA-TOMATO-PASTE-400G-0187,false,,,,400g,item,150,22.0,200,0,5,,De Rica Tomato Paste 400g Nigeria product pack,Pending automated product-image enrichment,Estimated staging price — supplier verification required,,,Nigeria/Imported,2026-08-10,"Stage catalogue item; verify exact pack, image and supplier price before live sale.",,,,,unverified,35,0,pending-full,generated-staging
De Rica Tomato Paste 850g,De Rica,spices,Tomato Paste,BS-DE-RICA-TOMATO-PASTE-850G-0188,false,,,,850g,item,300,22.0,350,0,5,,De Rica Tomato Paste 850g Nigeria product pack,Pending automated product-image enrichment,Estimated staging price — supplier verification required,,,Nigeria/Imported,2026-08-10,"Stage catalogue item; verify exact pack, image and supplier price before live sale.",,,,,unverified,35,0,pending-full,generated-staging
Gino Jollof Mix 70g,Gino,spices,Jollof Mix,BS-GINO-JOLLOF-MIX-70G-0189,false,,,,70g,item,150,22.0,200,0,5,,Gino Jollof Mix 70g Nigeria product pack,Pending automated product-image enrichment,Estimated staging price — supplier verification required,,,Nigeria/Imported,2026-08-10,"Stage catalogue item; verify exact pack, image and supplier price before live sale.",,,,,unverified,35,0,pending-full,generated-staging
Gino Jollof Mix 210g,Gino,spices,Jollof Mix,BS-GINO-JOLLOF-MIX-210G-0190,false,,,,210g,item,150,22.0,200,0,5,,Gino Jollof Mix 210g Nigeria product pack,Pending automated product-image enrichment,Estimated staging price — supplier verification required,,,Nigeria/Imported,2026-08-10,"Stage catalogue item; verify exact pack, image and supplier price before live sale.",,,,,unverified,35,0,pending-full,generated-staging
Gino Jollof Mix 400g,Gino,spices,Jollof Mix,BS-GINO-JOLLOF-MIX-400G-0191,false,,,,400g,item,150,22.0,200,0,5,,Gino Jollof Mix 400g Nigeria product pack,Pending automated product-image enrichment,Estimated staging price — supplier verification required,,,Nigeria/Imported,2026-08-10,"Stage catalogue item; verify exact pack, image and supplier price before live sale.",,,,,unverified,35,0,pending-full,generated-staging
Dangote Salt 250g,Dangote,spices,Salt,BS-DANGOTE-SALT-250G-0192,false,,,,250g,item,150,22.0,200,0,5,,Dangote Salt 250g Nigeria product pack,Pending automated product-image enrichment,Estimated staging price — supplier verification required,,,Nigeria/Imported,2026-08-10,"Stage catalogue item; verify exact pack, image and supplier price before live sale.",,,,,unverified,35,0,pending-full,generated-staging
Dangote Salt 500g,Dangote,spices,Salt,BS-DANGOTE-SALT-500G-0193,false,,,,500g,item,150,22.0,200,0,5,,Dangote Salt 500g Nigeria product pack,Pending automated product-image enrichment,Estimated staging price — supplier verification required,,,Nigeria/Imported,2026-08-10,"Stage catalogue item; verify exact pack, image and supplier price before live sale.",,,,,unverified,35,0,pending-full,generated-staging
Dangote Salt 1kg,Dangote,spices,Salt,BS-DANGOTE-SALT-1KG-0194,false,,,,1kg,item,250,22.0,300,0,5,,Dangote Salt 1kg Nigeria product pack,Pending automated product-image enrichment,Estimated staging price — supplier verification required,,,Nigeria/Imported,2026-08-10,"Stage catalogue item; verify exact pack, image and supplier price before live sale.",,,,,unverified,35,0,pending-full,generated-staging
Mr Chef Salt 250g,Mr Chef,spices,Salt,BS-MR-CHEF-SALT-250G-0195,false,,,,250g,item,150,22.0,200,0,5,,Mr Chef Salt 250g Nigeria product pack,Pending automated product-image enrichment,Estimated staging price — supplier verification required,,,Nigeria/Imported,2026-08-10,"Stage catalogue item; verify exact pack, image and supplier price before live sale.",,,,,unverified,35,0,pending-full,generated-staging
Mr Chef Salt 500g,Mr Chef,spices,Salt,BS-MR-CHEF-SALT-500G-0196,false,,,,500g,item,150,22.0,200,0,5,,Mr Chef Salt 500g Nigeria product pack,Pending automated product-image enrichment,Estimated staging price — supplier verification required,,,Nigeria/Imported,2026-08-10,"Stage catalogue item; verify exact pack, image and supplier price before live sale.",,,,,unverified,35,0,pending-full,generated-staging
Mr Chef Salt 1kg,Mr Chef,spices,Salt,BS-MR-CHEF-SALT-1KG-0197,false,,,,1kg,item,250,22.0,300,0,5,,Mr Chef Salt 1kg Nigeria product pack,Pending automated product-image enrichment,Estimated staging price — supplier verification required,,,Nigeria/Imported,2026-08-10,"Stage catalogue item; verify exact pack, image and supplier price before live sale.",,,,,unverified,35,0,pending-full,generated-staging
Ground Pepper 50g,Generic,spices,Ground Pepper,BS-GENERIC-GROUND-PEPPE-50G-0198,false,,,,50g,item,150,22.0,200,0,5,,Generic Ground Pepper 50g Nigeria product pack,Pending automated product-image enrichment,Estimated staging price — supplier verification required,,,Nigeria/Imported,2026-08-10,"Stage catalogue item; verify exact pack, image and supplier price before live sale.",,,,,unverified,35,0,pending-full,generated-staging
Ground Pepper 100g,Generic,spices,Ground Pepper,BS-GENERIC-GROUND-PEPPE-100G-0199,false,,,,100g,item,150,22.0,200,0,5,,Generic Ground Pepper 100g Nigeria product pack,Pending automated product-image enrichment,Estimated staging price — supplier verification required,,,Nigeria/Imported,2026-08-10,"Stage catalogue item; verify exact pack, image and supplier price before live sale.",,,,,unverified,35,0,pending-full,generated-staging
Ground Pepper 250g,Generic,spices,Ground Pepper,BS-GENERIC-GROUND-PEPPE-250G-0200,false,,,,250g,item,250,22.0,300,0,5,,Generic Ground Pepper 250g Nigeria product pack,Pending automated product-image enrichment,Estimated staging price — supplier verification required,,,Nigeria/Imported,2026-08-10,"Stage catalogue item; verify exact pack, image and supplier price before live sale.",,,,,unverified,35,0,pending-full,generated-staging
Ground Pepper 500g,Generic,spices,Ground Pepper,BS-GENERIC-GROUND-PEPPE-500G-0201,false,,,,500g,item,500,22.0,600,0,5,,Generic Ground Pepper 500g Nigeria product pack,Pending automated product-image enrichment,Estimated staging price — supplier verification required,,,Nigeria/Imported,2026-08-10,"Stage catalogue item; verify exact pack, image and supplier price before live sale.",,,,,unverified,35,0,pending-full,generated-staging
Ground Pepper 1kg,Generic,spices,Ground Pepper,BS-GENERIC-GROUND-PEPPE-1KG-0202,false,,,,1kg,item,1000,22.0,1200,0,5,,Generic Ground Pepper 1kg Nigeria product pack,Pending automated product-image enrichment,Estimated staging price — supplier verification required,,,Nigeria/Imported,2026-08-10,"Stage catalogue item; verify exact pack, image and supplier price before live sale.",,,,,unverified,35,0,pending-full,generated-staging
Crayfish 100g,Generic,spices,Crayfish,BS-GENERIC-CRAYFISH-100G-0203,false,,,,100g,item,250,22.0,300,0,5,,Generic Crayfish 100g Nigeria product pack,Pending automated product-image enrichment,Estimated staging price — supplier verification required,,,Nigeria/Imported,2026-08-10,"Stage catalogue item; verify exact pack, image and supplier price before live sale.",,,,,unverified,35,0,pending-full,generated-staging
Crayfish 250g,Generic,spices,Crayfish,BS-GENERIC-CRAYFISH-250G-0204,false,,,,250g,item,500,22.0,600,0,5,,Generic Crayfish 250g Nigeria product pack,Pending automated product-image enrichment,Estimated staging price — supplier verification required,,,Nigeria/Imported,2026-08-10,"Stage catalogue item; verify exact pack, image and supplier price before live sale.",,,,,unverified,35,0,pending-full,generated-staging
Crayfish 500g,Generic,spices,Crayfish,BS-GENERIC-CRAYFISH-500G-0205,false,,,,500g,item,1100,22.0,1350,0,5,,Generic Crayfish 500g Nigeria product pack,Pending automated product-image enrichment,Estimated staging price — supplier verification required,,,Nigeria/Imported,2026-08-10,"Stage catalogue item; verify exact pack, image and supplier price before live sale.",,,,,unverified,35,0,pending-full,generated-staging
Crayfish 1kg,Generic,spices,Crayfish,BS-GENERIC-CRAYFISH-1KG-0206,false,,,,1kg,item,2100,22.0,2550,0,5,,Generic Crayfish 1kg Nigeria product pack,Pending automated product-image enrichment,Estimated staging price — supplier verification required,,,Nigeria/Imported,2026-08-10,"Stage catalogue item; verify exact pack, image and supplier price before live sale.",,,,,unverified,35,0,pending-full,generated-staging
Egusi 250g,Generic,spices,Egusi,BS-GENERIC-EGUSI-250G-0207,false,,,,250g,item,600,22.0,750,0,5,,Generic Egusi 250g Nigeria product pack,Pending automated product-image enrichment,Estimated staging price — supplier verification required,,,Nigeria/Imported,2026-08-10,"Stage catalogue item; verify exact pack, image and supplier price before live sale.",,,,,unverified,35,0,pending-full,generated-staging
Egusi 500g,Generic,spices,Egusi,BS-GENERIC-EGUSI-500G-0208,false,,,,500g,item,1100,22.0,1350,0,5,,Generic Egusi 500g Nigeria product pack,Pending automated product-image enrichment,Estimated staging price — supplier verification required,,,Nigeria/Imported,2026-08-10,"Stage catalogue item; verify exact pack, image and supplier price before live sale.",,,,,unverified,35,0,pending-full,generated-staging
Egusi 1kg,Generic,spices,Egusi,BS-GENERIC-EGUSI-1KG-0209,false,,,,1kg,item,2350,22.0,2850,0,5,,Generic Egusi 1kg Nigeria product pack,Pending automated product-image enrichment,Estimated staging price — supplier verification required,,,Nigeria/Imported,2026-08-10,"Stage catalogue item; verify exact pack, image and supplier price before live sale.",,,,,unverified,35,0,pending-full,generated-staging
Egusi 2kg,Generic,spices,Egusi,BS-GENERIC-EGUSI-2KG-0210,false,,,,2kg,item,5250,22.0,6400,0,5,,Generic Egusi 2kg Nigeria product pack,Pending automated product-image enrichment,Estimated staging price — supplier verification required,,,Nigeria/Imported,2026-08-10,"Stage catalogue item; verify exact pack, image and supplier price before live sale.",,,,,unverified,35,0,pending-full,generated-staging
Ogbono 100g,Generic,spices,Ogbono,BS-GENERIC-OGBONO-100G-0211,false,,,,100g,item,250,22.0,300,0,5,,Generic Ogbono 100g Nigeria product pack,Pending automated product-image enrichment,Estimated staging price — supplier verification required,,,Nigeria/Imported,2026-08-10,"Stage catalogue item; verify exact pack, image and supplier price before live sale.",,,,,unverified,35,0,pending-full,generated-staging
Ogbono 250g,Generic,spices,Ogbono,BS-GENERIC-OGBONO-250G-0212,false,,,,250g,item,650,22.0,800,0,5,,Generic Ogbono 250g Nigeria product pack,Pending automated product-image enrichment,Estimated staging price — supplier verification required,,,Nigeria/Imported,2026-08-10,"Stage catalogue item; verify exact pack, image and supplier price before live sale.",,,,,unverified,35,0,pending-full,generated-staging
Ogbono 500g,Generic,spices,Ogbono,BS-GENERIC-OGBONO-500G-0213,false,,,,500g,item,1250,22.0,1500,0,5,,Generic Ogbono 500g Nigeria product pack,Pending automated product-image enrichment,Estimated staging price — supplier verification required,,,Nigeria/Imported,2026-08-10,"Stage catalogue item; verify exact pack, image and supplier price before live sale.",,,,,unverified,35,0,pending-full,generated-staging
Ogbono 1kg,Generic,spices,Ogbono,BS-GENERIC-OGBONO-1KG-0214,false,,,,1kg,item,2500,22.0,3050,0,5,,Generic Ogbono 1kg Nigeria product pack,Pending automated product-image enrichment,Estimated staging price — supplier verification required,,,Nigeria/Imported,2026-08-10,"Stage catalogue item; verify exact pack, image and supplier price before live sale.",,,,,unverified,35,0,pending-full,generated-staging
Peak Powdered Milk 150g,Peak,drinks,Powdered Milk,BS-PEAK-POWDERED-MIL-150G-0215,false,,,,150g,item,400,18.0,450,0,5,,Peak Powdered Milk 150g Nigeria product pack,Pending automated product-image enrichment,Estimated staging price — supplier verification required,,,Nigeria/Imported,2026-08-10,"Stage catalogue item; verify exact pack, image and supplier price before live sale.",,,,,unverified,35,0,pending-full,generated-staging
Peak Powdered Milk 360g,Peak,drinks,Powdered Milk,BS-PEAK-POWDERED-MIL-360G-0216,false,,,,360g,item,950,18.0,1100,0,5,,Peak Powdered Milk 360g Nigeria product pack,Pending automated product-image enrichment,Estimated staging price — supplier verification required,,,Nigeria/Imported,2026-08-10,"Stage catalogue item; verify exact pack, image and supplier price before live sale.",,,,,unverified,35,0,pending-full,generated-staging
Peak Powdered Milk 400g,Peak,drinks,Powdered Milk,BS-PEAK-POWDERED-MIL-400G-0217,false,,,,400g,item,1000,18.0,1200,0,5,,Peak Powdered Milk 400g Nigeria product pack,Pending automated product-image enrichment,Estimated staging price — supplier verification required,,,Nigeria/Imported,2026-08-10,"Stage catalogue item; verify exact pack, image and supplier price before live sale.",,,,,unverified,35,0,pending-full,generated-staging
Peak Powdered Milk 800g,Peak,drinks,Powdered Milk,BS-PEAK-POWDERED-MIL-800G-0218,false,,,,800g,item,2000,18.0,2350,0,5,,Peak Powdered Milk 800g Nigeria product pack,Pending automated product-image enrichment,Estimated staging price — supplier verification required,,,Nigeria/Imported,2026-08-10,"Stage catalogue item; verify exact pack, image and supplier price before live sale.",,,,,unverified,35,0,pending-full,generated-staging
Peak Powdered Milk 900g,Peak,drinks,Powdered Milk,BS-PEAK-POWDERED-MIL-900G-0219,false,,,,900g,item,2050,18.0,2400,0,5,,Peak Powdered Milk 900g Nigeria product pack,Pending automated product-image enrichment,Estimated staging price — supplier verification required,,,Nigeria/Imported,2026-08-10,"Stage catalogue item; verify exact pack, image and supplier price before live sale.",,,,,unverified,35,0,pending-full,generated-staging
Dano Powdered Milk 150g,Dano,drinks,Powdered Milk,BS-DANO-POWDERED-MIL-150G-0220,false,,,,150g,item,300,18.0,350,0,5,,Dano Powdered Milk 150g Nigeria product pack,Pending automated product-image enrichment,Estimated staging price — supplier verification required,,,Nigeria/Imported,2026-08-10,"Stage catalogue item; verify exact pack, image and supplier price before live sale.",,,,,unverified,35,0,pending-full,generated-staging
Dano Powdered Milk 360g,Dano,drinks,Powdered Milk,BS-DANO-POWDERED-MIL-360G-0221,false,,,,360g,item,850,18.0,1000,0,5,,Dano Powdered Milk 360g Nigeria product pack,Pending automated product-image enrichment,Estimated staging price — supplier verification required,,,Nigeria/Imported,2026-08-10,"Stage catalogue item; verify exact pack, image and supplier price before live sale.",,,,,unverified,35,0,pending-full,generated-staging
Dano Powdered Milk 400g,Dano,drinks,Powdered Milk,BS-DANO-POWDERED-MIL-400G-0222,false,,,,400g,item,900,18.0,1050,0,5,,Dano Powdered Milk 400g Nigeria product pack,Pending automated product-image enrichment,Estimated staging price — supplier verification required,,,Nigeria/Imported,2026-08-10,"Stage catalogue item; verify exact pack, image and supplier price before live sale.",,,,,unverified,35,0,pending-full,generated-staging
Dano Powdered Milk 800g,Dano,drinks,Powdered Milk,BS-DANO-POWDERED-MIL-800G-0223,false,,,,800g,item,1800,18.0,2100,0,5,,Dano Powdered Milk 800g Nigeria product pack,Pending automated product-image enrichment,Estimated staging price — supplier verification required,,,Nigeria/Imported,2026-08-10,"Stage catalogue item; verify exact pack, image and supplier price before live sale.",,,,,unverified,35,0,pending-full,generated-staging
Dano Powdered Milk 900g,Dano,drinks,Powdered Milk,BS-DANO-POWDERED-MIL-900G-0224,false,,,,900g,item,2100,18.0,2500,0,5,,Dano Powdered Milk 900g Nigeria product pack,Pending automated product-image enrichment,Estimated staging price — supplier verification required,,,Nigeria/Imported,2026-08-10,"Stage catalogue item; verify exact pack, image and supplier price before live sale.",,,,,unverified,35,0,pending-full,generated-staging
Peak Evaporated Milk 160g,Peak,drinks,Evaporated Milk,BS-PEAK-EVAPORATED-M-160G-0225,false,,,,160g,item,150,18.0,200,0,5,,Peak Evaporated Milk 160g Nigeria product pack,Pending automated product-image enrichment,Estimated staging price — supplier verification required,,,Nigeria/Imported,2026-08-10,"Stage catalogue item; verify exact pack, image and supplier price before live sale.",,,,,unverified,35,0,pending-full,generated-staging
Peak Evaporated Milk 170g x 24,Peak,drinks,Evaporated Milk,BS-PEAK-EVAPORATED-M-170G-X-24-0226,false,,,,170g x 24,item,2700,18.0,3200,0,5,,Peak Evaporated Milk 170g x 24 Nigeria product pack,Pending automated product-image enrichment,Estimated staging price — supplier verification required,,,Nigeria/Imported,2026-08-10,"Stage catalogue item; verify exact pack, image and supplier price before live sale.",,,,,unverified,35,0,pending-full,generated-staging
Milo Chocolate Drink 200g,Milo,drinks,Chocolate Drink,BS-MILO-CHOCOLATE-DR-200G-0227,false,,,,200g,item,500,18.0,600,0,5,,Milo Chocolate Drink 200g Nigeria product pack,Pending automated product-image enrichment,Estimated staging price — supplier verification required,,,Nigeria/Imported,2026-08-10,"Stage catalogue item; verify exact pack, image and supplier price before live sale.",,,,,unverified,35,0,pending-full,generated-staging
Milo Chocolate Drink 400g,Milo,drinks,Chocolate Drink,BS-MILO-CHOCOLATE-DR-400G-0228,false,,,,400g,item,1050,18.0,1250,0,5,,Milo Chocolate Drink 400g Nigeria product pack,Pending automated product-image enrichment,Estimated staging price — supplier verification required,,,Nigeria/Imported,2026-08-10,"Stage catalogue item; verify exact pack, image and supplier price before live sale.",,,,,unverified,35,0,pending-full,generated-staging
Milo Chocolate Drink 800g,Milo,drinks,Chocolate Drink,BS-MILO-CHOCOLATE-DR-800G-0229,false,,,,800g,item,1900,18.0,2250,0,5,,Milo Chocolate Drink 800g Nigeria product pack,Pending automated product-image enrichment,Estimated staging price — supplier verification required,,,Nigeria/Imported,2026-08-10,"Stage catalogue item; verify exact pack, image and supplier price before live sale.",,,,,unverified,35,0,pending-full,generated-staging
Milo Chocolate Drink 1kg,Milo,drinks,Chocolate Drink,BS-MILO-CHOCOLATE-DR-1KG-0230,false,,,,1kg,item,2750,18.0,3250,0,5,,Milo Chocolate Drink 1kg Nigeria product pack,Pending automated product-image enrichment,Estimated staging price — supplier verification required,,,Nigeria/Imported,2026-08-10,"Stage catalogue item; verify exact pack, image and supplier price before live sale.",,,,,unverified,35,0,pending-full,generated-staging
Bournvita Chocolate Drink 200g,Bournvita,drinks,Chocolate Drink,BS-BOURNVIT-CHOCOLATE-DR-200G-0231,false,,,,200g,item,450,18.0,550,0,5,,Bournvita Chocolate Drink 200g Nigeria product pack,Pending automated product-image enrichment,Estimated staging price — supplier verification required,,,Nigeria/Imported,2026-08-10,"Stage catalogue item; verify exact pack, image and supplier price before live sale.",,,,,unverified,35,0,pending-full,generated-staging
Bournvita Chocolate Drink 500g,Bournvita,drinks,Chocolate Drink,BS-BOURNVIT-CHOCOLATE-DR-500G-0232,false,,,,500g,item,1200,18.0,1400,0,5,,Bournvita Chocolate Drink 500g Nigeria product pack,Pending automated product-image enrichment,Estimated staging price — supplier verification required,,,Nigeria/Imported,2026-08-10,"Stage catalogue item; verify exact pack, image and supplier price before live sale.",,,,,unverified,35,0,pending-full,generated-staging
Bournvita Chocolate Drink 900g,Bournvita,drinks,Chocolate Drink,BS-BOURNVIT-CHOCOLATE-DR-900G-0233,false,,,,900g,item,2300,18.0,2700,0,5,,Bournvita Chocolate Drink 900g Nigeria product pack,Pending automated product-image enrichment,Estimated staging price — supplier verification required,,,Nigeria/Imported,2026-08-10,"Stage catalogue item; verify exact pack, image and supplier price before live sale.",,,,,unverified,35,0,pending-full,generated-staging
Lipton Tea 25 bags,Lipton,drinks,Tea,BS-LIPTON-TEA-25-BAGS-0234,false,,,,25 bags,item,4350,18.0,5150,0,5,,Lipton Tea 25 bags Nigeria product pack,Pending automated product-image enrichment,Estimated staging price — supplier verification required,,,Nigeria/Imported,2026-08-10,"Stage catalogue item; verify exact pack, image and supplier price before live sale.",,,,,unverified,35,0,pending-full,generated-staging
Lipton Tea 50 bags,Lipton,drinks,Tea,BS-LIPTON-TEA-50-BAGS-0235,false,,,,50 bags,item,8000,18.0,9450,0,5,,Lipton Tea 50 bags Nigeria product pack,Pending automated product-image enrichment,Estimated staging price — supplier verification required,,,Nigeria/Imported,2026-08-10,"Stage catalogue item; verify exact pack, image and supplier price before live sale.",,,,,unverified,35,0,pending-full,generated-staging
Lipton Tea 100 bags,Lipton,drinks,Tea,BS-LIPTON-TEA-100-BAGS-0236,false,,,,100 bags,item,15700,18.0,18550,0,5,,Lipton Tea 100 bags Nigeria product pack,Pending automated product-image enrichment,Estimated staging price — supplier verification required,,,Nigeria/Imported,2026-08-10,"Stage catalogue item; verify exact pack, image and supplier price before live sale.",,,,,unverified,35,0,pending-full,generated-staging
Nescafe Coffee 50g,Nescafe,drinks,Coffee,BS-NESCAFE-COFFEE-50G-0237,false,,,,50g,item,150,18.0,200,0,5,,Nescafe Coffee 50g Nigeria product pack,Pending automated product-image enrichment,Estimated staging price — supplier verification required,,,Nigeria/Imported,2026-08-10,"Stage catalogue item; verify exact pack, image and supplier price before live sale.",,,,,unverified,35,0,pending-full,generated-staging
Nescafe Coffee 100g,Nescafe,drinks,Coffee,BS-NESCAFE-COFFEE-100G-0238,false,,,,100g,item,150,18.0,200,0,5,,Nescafe Coffee 100g Nigeria product pack,Pending automated product-image enrichment,Estimated staging price — supplier verification required,,,Nigeria/Imported,2026-08-10,"Stage catalogue item; verify exact pack, image and supplier price before live sale.",,,,,unverified,35,0,pending-full,generated-staging
Nescafe Coffee 200g,Nescafe,drinks,Coffee,BS-NESCAFE-COFFEE-200G-0239,false,,,,200g,item,350,18.0,400,0,5,,Nescafe Coffee 200g Nigeria product pack,Pending automated product-image enrichment,Estimated staging price — supplier verification required,,,Nigeria/Imported,2026-08-10,"Stage catalogue item; verify exact pack, image and supplier price before live sale.",,,,,unverified,35,0,pending-full,generated-staging
Maltina Malt Drink 330ml,Maltina,drinks,Malt Drink,BS-MALTINA-MALT-DRINK-330ML-0240,false,,,,330ml,item,150,18.0,200,0,5,,Maltina Malt Drink 330ml Nigeria product pack,Pending automated product-image enrichment,Estimated staging price — supplier verification required,,,Nigeria/Imported,2026-08-10,"Stage catalogue item; verify exact pack, image and supplier price before live sale.",,,,,unverified,35,0,pending-full,generated-staging
Maltina Malt Drink 330ml x 24,Maltina,drinks,Malt Drink,BS-MALTINA-MALT-DRINK-330ML-X-24-0241,false,,,,330ml x 24,item,3950,18.0,4650,0,5,,Maltina Malt Drink 330ml x 24 Nigeria product pack,Pending automated product-image enrichment,Estimated staging price — supplier verification required,,,Nigeria/Imported,2026-08-10,"Stage catalogue item; verify exact pack, image and supplier price before live sale.",,,,,unverified,35,0,pending-full,generated-staging
Malta Guinness Malt Drink 330ml,Malta Guinness,drinks,Malt Drink,BS-MALTA-GU-MALT-DRINK-330ML-0242,false,,,,330ml,item,200,18.0,250,0,5,,Malta Guinness Malt Drink 330ml Nigeria product pack,Pending automated product-image enrichment,Estimated staging price — supplier verification required,,,Nigeria/Imported,2026-08-10,"Stage catalogue item; verify exact pack, image and supplier price before live sale.",,,,,unverified,35,0,pending-full,generated-staging
Malta Guinness Malt Drink 330ml x 24,Malta Guinness,drinks,Malt Drink,BS-MALTA-GU-MALT-DRINK-330ML-X-24-0243,false,,,,330ml x 24,item,4400,18.0,5200,0,5,,Malta Guinness Malt Drink 330ml x 24 Nigeria product pack,Pending automated product-image enrichment,Estimated staging price — supplier verification required,,,Nigeria/Imported,2026-08-10,"Stage catalogue item; verify exact pack, image and supplier price before live sale.",,,,,unverified,35,0,pending-full,generated-staging
Coca-Cola Soft Drink Cola 35cl,Coca-Cola,drinks,Soft Drink Cola,BS-COCA-COL-SOFT-DRINK-C-35CL-0244,false,,,,35cl,item,150,18.0,200,0,5,,Coca-Cola Soft Drink Cola 35cl Nigeria product pack,Pending automated product-image enrichment,Estimated staging price — supplier verification required,,,Nigeria/Imported,2026-08-10,"Stage catalogue item; verify exact pack, image and supplier price before live sale.",,,,,unverified,35,0,pending-full,generated-staging
Coca-Cola Soft Drink Cola 50cl,Coca-Cola,drinks,Soft Drink Cola,BS-COCA-COL-SOFT-DRINK-C-50CL-0245,false,,,,50cl,item,200,18.0,250,0,5,,Coca-Cola Soft Drink Cola 50cl Nigeria product pack,Pending automated product-image enrichment,Estimated staging price — supplier verification required,,,Nigeria/Imported,2026-08-10,"Stage catalogue item; verify exact pack, image and supplier price before live sale.",,,,,unverified,35,0,pending-full,generated-staging
Coca-Cola Soft Drink Cola 1L,Coca-Cola,drinks,Soft Drink Cola,BS-COCA-COL-SOFT-DRINK-C-1L-0246,false,,,,1L,item,400,18.0,450,0,5,,Coca-Cola Soft Drink Cola 1L Nigeria product pack,Pending automated product-image enrichment,Estimated staging price — supplier verification required,,,Nigeria/Imported,2026-08-10,"Stage catalogue item; verify exact pack, image and supplier price before live sale.",,,,,unverified,35,0,pending-full,generated-staging
Coca-Cola Soft Drink Cola 1.5L,Coca-Cola,drinks,Soft Drink Cola,BS-COCA-COL-SOFT-DRINK-C-1-5L-0247,false,,,,1.5L,item,600,18.0,700,0,5,,Coca-Cola Soft Drink Cola 1.5L Nigeria product pack,Pending automated product-image enrichment,Estimated staging price — supplier verification required,,,Nigeria/Imported,2026-08-10,"Stage catalogue item; verify exact pack, image and supplier price before live sale.",,,,,unverified,35,0,pending-full,generated-staging
Coca-Cola Soft Drink Cola 50cl x 12,Coca-Cola,drinks,Soft Drink Cola,BS-COCA-COL-SOFT-DRINK-C-50CL-X-12-0248,false,,,,50cl x 12,item,2400,18.0,2850,0,5,,Coca-Cola Soft Drink Cola 50cl x 12 Nigeria product pack,Pending automated product-image enrichment,Estimated staging price — supplier verification required,,,Nigeria/Imported,2026-08-10,"Stage catalogue item; verify exact pack, image and supplier price before live sale.",,,,,unverified,35,0,pending-full,generated-staging
Fanta Soft Drink Orange 35cl,Fanta,drinks,Soft Drink Orange,BS-FANTA-SOFT-DRINK-O-35CL-0249,false,,,,35cl,item,150,18.0,200,0,5,,Fanta Soft Drink Orange 35cl Nigeria product pack,Pending automated product-image enrichment,Estimated staging price — supplier verification required,,,Nigeria/Imported,2026-08-10,"Stage catalogue item; verify exact pack, image and supplier price before live sale.",,,,,unverified,35,0,pending-full,generated-staging
Fanta Soft Drink Orange 50cl,Fanta,drinks,Soft Drink Orange,BS-FANTA-SOFT-DRINK-O-50CL-0250,false,,,,50cl,item,200,18.0,250,0,5,,Fanta Soft Drink Orange 50cl Nigeria product pack,Pending automated product-image enrichment,Estimated staging price — supplier verification required,,,Nigeria/Imported,2026-08-10,"Stage catalogue item; verify exact pack, image and supplier price before live sale.",,,,,unverified,35,0,pending-full,generated-staging
Fanta Soft Drink Orange 1L,Fanta,drinks,Soft Drink Orange,BS-FANTA-SOFT-DRINK-O-1L-0251,false,,,,1L,item,400,18.0,450,0,5,,Fanta Soft Drink Orange 1L Nigeria product pack,Pending automated product-image enrichment,Estimated staging price — supplier verification required,,,Nigeria/Imported,2026-08-10,"Stage catalogue item; verify exact pack, image and supplier price before live sale.",,,,,unverified,35,0,pending-full,generated-staging
Fanta Soft Drink Orange 1.5L,Fanta,drinks,Soft Drink Orange,BS-FANTA-SOFT-DRINK-O-1-5L-0252,false,,,,1.5L,item,650,18.0,750,0,5,,Fanta Soft Drink Orange 1.5L Nigeria product pack,Pending automated product-image enrichment,Estimated staging price — supplier verification required,,,Nigeria/Imported,2026-08-10,"Stage catalogue item; verify exact pack, image and supplier price before live sale.",,,,,unverified,35,0,pending-full,generated-staging
Fanta Soft Drink Orange 50cl x 12,Fanta,drinks,Soft Drink Orange,BS-FANTA-SOFT-DRINK-O-50CL-X-12-0253,false,,,,50cl x 12,item,2250,18.0,2650,0,5,,Fanta Soft Drink Orange 50cl x 12 Nigeria product pack,Pending automated product-image enrichment,Estimated staging price — supplier verification required,,,Nigeria/Imported,2026-08-10,"Stage catalogue item; verify exact pack, image and supplier price before live sale.",,,,,unverified,35,0,pending-full,generated-staging
Sprite Soft Drink Lemon-Lime 35cl,Sprite,drinks,Soft Drink Lemon-Lime,BS-SPRITE-SOFT-DRINK-L-35CL-0254,false,,,,35cl,item,150,18.0,200,0,5,,Sprite Soft Drink Lemon-Lime 35cl Nigeria product pack,Pending automated product-image enrichment,Estimated staging price — supplier verification required,,,Nigeria/Imported,2026-08-10,"Stage catalogue item; verify exact pack, image and supplier price before live sale.",,,,,unverified,35,0,pending-full,generated-staging
Sprite Soft Drink Lemon-Lime 50cl,Sprite,drinks,Soft Drink Lemon-Lime,BS-SPRITE-SOFT-DRINK-L-50CL-0255,false,,,,50cl,item,200,18.0,250,0,5,,Sprite Soft Drink Lemon-Lime 50cl Nigeria product pack,Pending automated product-image enrichment,Estimated staging price — supplier verification required,,,Nigeria/Imported,2026-08-10,"Stage catalogue item; verify exact pack, image and supplier price before live sale.",,,,,unverified,35,0,pending-full,generated-staging
Sprite Soft Drink Lemon-Lime 1L,Sprite,drinks,Soft Drink Lemon-Lime,BS-SPRITE-SOFT-DRINK-L-1L-0256,false,,,,1L,item,450,18.0,550,0,5,,Sprite Soft Drink Lemon-Lime 1L Nigeria product pack,Pending automated product-image enrichment,Estimated staging price — supplier verification required,,,Nigeria/Imported,2026-08-10,"Stage catalogue item; verify exact pack, image and supplier price before live sale.",,,,,unverified,35,0,pending-full,generated-staging
Sprite Soft Drink Lemon-Lime 1.5L,Sprite,drinks,Soft Drink Lemon-Lime,BS-SPRITE-SOFT-DRINK-L-1-5L-0257,false,,,,1.5L,item,550,18.0,650,0,5,,Sprite Soft Drink Lemon-Lime 1.5L Nigeria product pack,Pending automated product-image enrichment,Estimated staging price — supplier verification required,,,Nigeria/Imported,2026-08-10,"Stage catalogue item; verify exact pack, image and supplier price before live sale.",,,,,unverified,35,0,pending-full,generated-staging
Sprite Soft Drink Lemon-Lime 50cl x 12,Sprite,drinks,Soft Drink Lemon-Lime,BS-SPRITE-SOFT-DRINK-L-50CL-X-12-0258,false,,,,50cl x 12,item,2300,18.0,2700,0,5,,Sprite Soft Drink Lemon-Lime 50cl x 12 Nigeria product pack,Pending automated product-image enrichment,Estimated staging price — supplier verification required,,,Nigeria/Imported,2026-08-10,"Stage catalogue item; verify exact pack, image and supplier price before live sale.",,,,,unverified,35,0,pending-full,generated-staging
Chivita Fruit Juice 315ml,Chivita,drinks,Fruit Juice,BS-CHIVITA-FRUIT-JUICE-315ML-0259,false,,,,315ml,item,250,18.0,300,0,5,,Chivita Fruit Juice 315ml Nigeria product pack,Pending automated product-image enrichment,Estimated staging price — supplier verification required,,,Nigeria/Imported,2026-08-10,"Stage catalogue item; verify exact pack, image and supplier price before live sale.",,,,,unverified,35,0,pending-full,generated-staging
Chivita Fruit Juice 1L,Chivita,drinks,Fruit Juice,BS-CHIVITA-FRUIT-JUICE-1L-0260,false,,,,1L,item,1000,18.0,1200,0,5,,Chivita Fruit Juice 1L Nigeria product pack,Pending automated product-image enrichment,Estimated staging price — supplier verification required,,,Nigeria/Imported,2026-08-10,"Stage catalogue item; verify exact pack, image and supplier price before live sale.",,,,,unverified,35,0,pending-full,generated-staging
Five Alive Fruit Juice 350ml,Five Alive,drinks,Fruit Juice,BS-FIVE-ALI-FRUIT-JUICE-350ML-0261,false,,,,350ml,item,300,18.0,350,0,5,,Five Alive Fruit Juice 350ml Nigeria product pack,Pending automated product-image enrichment,Estimated staging price — supplier verification required,,,Nigeria/Imported,2026-08-10,"Stage catalogue item; verify exact pack, image and supplier price before live sale.",,,,,unverified,35,0,pending-full,generated-staging
Five Alive Fruit Juice 1L,Five Alive,drinks,Fruit Juice,BS-FIVE-ALI-FRUIT-JUICE-1L-0262,false,,,,1L,item,900,18.0,1050,0,5,,Five Alive Fruit Juice 1L Nigeria product pack,Pending automated product-image enrichment,Estimated staging price — supplier verification required,,,Nigeria/Imported,2026-08-10,"Stage catalogue item; verify exact pack, image and supplier price before live sale.",,,,,unverified,35,0,pending-full,generated-staging
Eva Bottled Water 75cl,Eva,drinks,Bottled Water,BS-EVA-BOTTLED-WATE-75CL-0263,false,,,,75cl,item,200,18.0,250,0,5,,Eva Bottled Water 75cl Nigeria product pack,Pending automated product-image enrichment,Estimated staging price — supplier verification required,,,Nigeria/Imported,2026-08-10,"Stage catalogue item; verify exact pack, image and supplier price before live sale.",,,,,unverified,35,0,pending-full,generated-staging
Eva Bottled Water 1.5L,Eva,drinks,Bottled Water,BS-EVA-BOTTLED-WATE-1-5L-0264,false,,,,1.5L,item,450,18.0,550,0,5,,Eva Bottled Water 1.5L Nigeria product pack,Pending automated product-image enrichment,Estimated staging price — supplier verification required,,,Nigeria/Imported,2026-08-10,"Stage catalogue item; verify exact pack, image and supplier price before live sale.",,,,,unverified,35,0,pending-full,generated-staging
Eva Bottled Water 75cl x 12,Eva,drinks,Bottled Water,BS-EVA-BOTTLED-WATE-75CL-X-12-0265,false,,,,75cl x 12,item,2900,18.0,3400,0,5,,Eva Bottled Water 75cl x 12 Nigeria product pack,Pending automated product-image enrichment,Estimated staging price — supplier verification required,,,Nigeria/Imported,2026-08-10,"Stage catalogue item; verify exact pack, image and supplier price before live sale.",,,,,unverified,35,0,pending-full,generated-staging
Nestlé Pure Life Bottled Water 60cl,Nestlé Pure Life,drinks,Bottled Water,BS-NESTL-PU-BOTTLED-WATE-60CL-0266,false,,,,60cl,item,200,18.0,250,0,5,,Nestlé Pure Life Bottled Water 60cl Nigeria product pack,Pending automated product-image enrichment,Estimated staging price — supplier verification required,,,Nigeria/Imported,2026-08-10,"Stage catalogue item; verify exact pack, image and supplier price before live sale.",,,,,unverified,35,0,pending-full,generated-staging
Nestlé Pure Life Bottled Water 1.5L,Nestlé Pure Life,drinks,Bottled Water,BS-NESTL-PU-BOTTLED-WATE-1-5L-0267,false,,,,1.5L,item,450,18.0,550,0,5,,Nestlé Pure Life Bottled Water 1.5L Nigeria product pack,Pending automated product-image enrichment,Estimated staging price — supplier verification required,,,Nigeria/Imported,2026-08-10,"Stage catalogue item; verify exact pack, image and supplier price before live sale.",,,,,unverified,35,0,pending-full,generated-staging
Nestlé Pure Life Bottled Water 60cl x 12,Nestlé Pure Life,drinks,Bottled Water,BS-NESTL-PU-BOTTLED-WATE-60CL-X-12-0268,false,,,,60cl x 12,item,2200,18.0,2600,0,5,,Nestlé Pure Life Bottled Water 60cl x 12 Nigeria product pack,Pending automated product-image enrichment,Estimated staging price — supplier verification required,,,Nigeria/Imported,2026-08-10,"Stage catalogue item; verify exact pack, image and supplier price before live sale.",,,,,unverified,35,0,pending-full,generated-staging
Eggs 6 pcs,Farm Fresh,fresh,Eggs,BS-FARM-FRE-EGGS-6-PCS-0269,false,,,,6 pcs,item,1250,24.0,1550,0,5,,Farm Fresh Eggs 6 pcs Nigeria product pack,Pending automated product-image enrichment,Estimated staging price — supplier verification required,,,Nigeria/Imported,2026-08-10,"Stage catalogue item; verify exact pack, image and supplier price before live sale.",,,,,unverified,35,0,pending-full,generated-staging
Eggs 12 pcs,Farm Fresh,fresh,Eggs,BS-FARM-FRE-EGGS-12-PCS-0270,false,,,,12 pcs,item,2200,24.0,2750,0,5,,Farm Fresh Eggs 12 pcs Nigeria product pack,Pending automated product-image enrichment,Estimated staging price — supplier verification required,,,Nigeria/Imported,2026-08-10,"Stage catalogue item; verify exact pack, image and supplier price before live sale.",,,,,unverified,35,0,pending-full,generated-staging
Eggs 30 pcs,Farm Fresh,fresh,Eggs,BS-FARM-FRE-EGGS-30-PCS-0271,false,,,,30 pcs,item,6400,24.0,7950,0,5,,Farm Fresh Eggs 30 pcs Nigeria product pack,Pending automated product-image enrichment,Estimated staging price — supplier verification required,,,Nigeria/Imported,2026-08-10,"Stage catalogue item; verify exact pack, image and supplier price before live sale.",,,,,unverified,35,0,pending-full,generated-staging
Tomatoes 500g,Fresh,fresh,Tomatoes,BS-FRESH-TOMATOES-500G-0272,false,,,,500g,item,600,24.0,750,0,5,,Fresh Tomatoes 500g Nigeria product pack,Pending automated product-image enrichment,Estimated staging price — supplier verification required,,,Nigeria/Imported,2026-08-10,"Stage catalogue item; verify exact pack, image and supplier price before live sale.",,,,,unverified,35,0,pending-full,generated-staging
Tomatoes 1kg,Fresh,fresh,Tomatoes,BS-FRESH-TOMATOES-1KG-0273,false,,,,1kg,item,1250,24.0,1550,0,5,,Fresh Tomatoes 1kg Nigeria product pack,Pending automated product-image enrichment,Estimated staging price — supplier verification required,,,Nigeria/Imported,2026-08-10,"Stage catalogue item; verify exact pack, image and supplier price before live sale.",,,,,unverified,35,0,pending-full,generated-staging
Tomatoes 2kg,Fresh,fresh,Tomatoes,BS-FRESH-TOMATOES-2KG-0274,false,,,,2kg,item,2600,24.0,3200,0,5,,Fresh Tomatoes 2kg Nigeria product pack,Pending automated product-image enrichment,Estimated staging price — supplier verification required,,,Nigeria/Imported,2026-08-10,"Stage catalogue item; verify exact pack, image and supplier price before live sale.",,,,,unverified,35,0,pending-full,generated-staging
Tomatoes 5kg,Fresh,fresh,Tomatoes,BS-FRESH-TOMATOES-5KG-0275,false,,,,5kg,item,5650,24.0,7000,0,5,,Fresh Tomatoes 5kg Nigeria product pack,Pending automated product-image enrichment,Estimated staging price — supplier verification required,,,Nigeria/Imported,2026-08-10,"Stage catalogue item; verify exact pack, image and supplier price before live sale.",,,,,unverified,35,0,pending-full,generated-staging
Red Onion 500g,Fresh,fresh,Red Onion,BS-FRESH-RED-ONION-500G-0276,false,,,,500g,item,450,24.0,550,0,5,,Fresh Red Onion 500g Nigeria product pack,Pending automated product-image enrichment,Estimated staging price — supplier verification required,,,Nigeria/Imported,2026-08-10,"Stage catalogue item; verify exact pack, image and supplier price before live sale.",,,,,unverified,35,0,pending-full,generated-staging
Red Onion 1kg,Fresh,fresh,Red Onion,BS-FRESH-RED-ONION-1KG-0277,false,,,,1kg,item,950,24.0,1200,0,5,,Fresh Red Onion 1kg Nigeria product pack,Pending automated product-image enrichment,Estimated staging price — supplier verification required,,,Nigeria/Imported,2026-08-10,"Stage catalogue item; verify exact pack, image and supplier price before live sale.",,,,,unverified,35,0,pending-full,generated-staging
Red Onion 2kg,Fresh,fresh,Red Onion,BS-FRESH-RED-ONION-2KG-0278,false,,,,2kg,item,2050,24.0,2550,0,5,,Fresh Red Onion 2kg Nigeria product pack,Pending automated product-image enrichment,Estimated staging price — supplier verification required,,,Nigeria/Imported,2026-08-10,"Stage catalogue item; verify exact pack, image and supplier price before live sale.",,,,,unverified,35,0,pending-full,generated-staging
Red Onion 5kg,Fresh,fresh,Red Onion,BS-FRESH-RED-ONION-5KG-0279,false,,,,5kg,item,4850,24.0,6000,0,5,,Fresh Red Onion 5kg Nigeria product pack,Pending automated product-image enrichment,Estimated staging price — supplier verification required,,,Nigeria/Imported,2026-08-10,"Stage catalogue item; verify exact pack, image and supplier price before live sale.",,,,,unverified,35,0,pending-full,generated-staging
Pepper 250g,Fresh,fresh,Pepper,BS-FRESH-PEPPER-250G-0280,false,,,,250g,item,350,24.0,450,0,5,,Fresh Pepper 250g Nigeria product pack,Pending automated product-image enrichment,Estimated staging price — supplier verification required,,,Nigeria/Imported,2026-08-10,"Stage catalogue item; verify exact pack, image and supplier price before live sale.",,,,,unverified,35,0,pending-full,generated-staging
Pepper 500g,Fresh,fresh,Pepper,BS-FRESH-PEPPER-500G-0281,false,,,,500g,item,750,24.0,950,0,5,,Fresh Pepper 500g Nigeria product pack,Pending automated product-image enrichment,Estimated staging price — supplier verification required,,,Nigeria/Imported,2026-08-10,"Stage catalogue item; verify exact pack, image and supplier price before live sale.",,,,,unverified,35,0,pending-full,generated-staging
Pepper 1kg,Fresh,fresh,Pepper,BS-FRESH-PEPPER-1KG-0282,false,,,,1kg,item,1350,24.0,1650,0,5,,Fresh Pepper 1kg Nigeria product pack,Pending automated product-image enrichment,Estimated staging price — supplier verification required,,,Nigeria/Imported,2026-08-10,"Stage catalogue item; verify exact pack, image and supplier price before live sale.",,,,,unverified,35,0,pending-full,generated-staging
Pepper 2kg,Fresh,fresh,Pepper,BS-FRESH-PEPPER-2KG-0283,false,,,,2kg,item,2900,24.0,3600,0,5,,Fresh Pepper 2kg Nigeria product pack,Pending automated product-image enrichment,Estimated staging price — supplier verification required,,,Nigeria/Imported,2026-08-10,"Stage catalogue item; verify exact pack, image and supplier price before live sale.",,,,,unverified,35,0,pending-full,generated-staging
Plantain 1kg,Fresh,fresh,Plantain,BS-FRESH-PLANTAIN-1KG-0284,false,,,,1kg,item,1150,24.0,1450,0,5,,Fresh Plantain 1kg Nigeria product pack,Pending automated product-image enrichment,Estimated staging price — supplier verification required,,,Nigeria/Imported,2026-08-10,"Stage catalogue item; verify exact pack, image and supplier price before live sale.",,,,,unverified,35,0,pending-full,generated-staging
Plantain 2kg,Fresh,fresh,Plantain,BS-FRESH-PLANTAIN-2KG-0285,false,,,,2kg,item,2400,24.0,3000,0,5,,Fresh Plantain 2kg Nigeria product pack,Pending automated product-image enrichment,Estimated staging price — supplier verification required,,,Nigeria/Imported,2026-08-10,"Stage catalogue item; verify exact pack, image and supplier price before live sale.",,,,,unverified,35,0,pending-full,generated-staging
Plantain 5kg,Fresh,fresh,Plantain,BS-FRESH-PLANTAIN-5KG-0286,false,,,,5kg,item,6500,24.0,8050,0,5,,Fresh Plantain 5kg Nigeria product pack,Pending automated product-image enrichment,Estimated staging price — supplier verification required,,,Nigeria/Imported,2026-08-10,"Stage catalogue item; verify exact pack, image and supplier price before live sale.",,,,,unverified,35,0,pending-full,generated-staging
Yam Tuber 1 medium,Fresh,fresh,Yam Tuber,BS-FRESH-YAM-TUBER-1-MEDIUM-0287,false,,,,1 medium,item,2700,24.0,3350,0,5,,Fresh Yam Tuber 1 medium Nigeria product pack,Pending automated product-image enrichment,Estimated staging price — supplier verification required,,,Nigeria/Imported,2026-08-10,"Stage catalogue item; verify exact pack, image and supplier price before live sale.",,,,,unverified,35,0,pending-full,generated-staging
Yam Tuber 1 large,Fresh,fresh,Yam Tuber,BS-FRESH-YAM-TUBER-1-LARGE-0288,false,,,,1 large,item,2350,24.0,2900,0,5,,Fresh Yam Tuber 1 large Nigeria product pack,Pending automated product-image enrichment,Estimated staging price — supplier verification required,,,Nigeria/Imported,2026-08-10,"Stage catalogue item; verify exact pack, image and supplier price before live sale.",,,,,unverified,35,0,pending-full,generated-staging
Yam Tuber 5 tubers,Fresh,fresh,Yam Tuber,BS-FRESH-YAM-TUBER-5-TUBERS-0289,false,,,,5 tubers,item,2500,24.0,3100,0,5,,Fresh Yam Tuber 5 tubers Nigeria product pack,Pending automated product-image enrichment,Estimated staging price — supplier verification required,,,Nigeria/Imported,2026-08-10,"Stage catalogue item; verify exact pack, image and supplier price before live sale.",,,,,unverified,35,0,pending-full,generated-staging
Irish Potato 1kg,Fresh,fresh,Irish Potato,BS-FRESH-IRISH-POTATO-1KG-0290,false,,,,1kg,item,1550,24.0,1900,0,5,,Fresh Irish Potato 1kg Nigeria product pack,Pending automated product-image enrichment,Estimated staging price — supplier verification required,,,Nigeria/Imported,2026-08-10,"Stage catalogue item; verify exact pack, image and supplier price before live sale.",,,,,unverified,35,0,pending-full,generated-staging
Irish Potato 2kg,Fresh,fresh,Irish Potato,BS-FRESH-IRISH-POTATO-2KG-0291,false,,,,2kg,item,2950,24.0,3650,0,5,,Fresh Irish Potato 2kg Nigeria product pack,Pending automated product-image enrichment,Estimated staging price — supplier verification required,,,Nigeria/Imported,2026-08-10,"Stage catalogue item; verify exact pack, image and supplier price before live sale.",,,,,unverified,35,0,pending-full,generated-staging
Irish Potato 5kg,Fresh,fresh,Irish Potato,BS-FRESH-IRISH-POTATO-5KG-0292,false,,,,5kg,item,8450,24.0,10500,0,5,,Fresh Irish Potato 5kg Nigeria product pack,Pending automated product-image enrichment,Estimated staging price — supplier verification required,,,Nigeria/Imported,2026-08-10,"Stage catalogue item; verify exact pack, image and supplier price before live sale.",,,,,unverified,35,0,pending-full,generated-staging
Sweet Potato 1kg,Fresh,fresh,Sweet Potato,BS-FRESH-SWEET-POTATO-1KG-0293,false,,,,1kg,item,1350,24.0,1650,0,5,,Fresh Sweet Potato 1kg Nigeria product pack,Pending automated product-image enrichment,Estimated staging price — supplier verification required,,,Nigeria/Imported,2026-08-10,"Stage catalogue item; verify exact pack, image and supplier price before live sale.",,,,,unverified,35,0,pending-full,generated-staging
Sweet Potato 2kg,Fresh,fresh,Sweet Potato,BS-FRESH-SWEET-POTATO-2KG-0294,false,,,,2kg,item,2500,24.0,3100,0,5,,Fresh Sweet Potato 2kg Nigeria product pack,Pending automated product-image enrichment,Estimated staging price — supplier verification required,,,Nigeria/Imported,2026-08-10,"Stage catalogue item; verify exact pack, image and supplier price before live sale.",,,,,unverified,35,0,pending-full,generated-staging
Sweet Potato 5kg,Fresh,fresh,Sweet Potato,BS-FRESH-SWEET-POTATO-5KG-0295,false,,,,5kg,item,6850,24.0,8500,0,5,,Fresh Sweet Potato 5kg Nigeria product pack,Pending automated product-image enrichment,Estimated staging price — supplier verification required,,,Nigeria/Imported,2026-08-10,"Stage catalogue item; verify exact pack, image and supplier price before live sale.",,,,,unverified,35,0,pending-full,generated-staging
Banana 1kg,Fresh,fresh,Banana,BS-FRESH-BANANA-1KG-0296,false,,,,1kg,item,1450,24.0,1800,0,5,,Fresh Banana 1kg Nigeria product pack,Pending automated product-image enrichment,Estimated staging price — supplier verification required,,,Nigeria/Imported,2026-08-10,"Stage catalogue item; verify exact pack, image and supplier price before live sale.",,,,,unverified,35,0,pending-full,generated-staging
Banana 2kg,Fresh,fresh,Banana,BS-FRESH-BANANA-2KG-0297,false,,,,2kg,item,2800,24.0,3450,0,5,,Fresh Banana 2kg Nigeria product pack,Pending automated product-image enrichment,Estimated staging price — supplier verification required,,,Nigeria/Imported,2026-08-10,"Stage catalogue item; verify exact pack, image and supplier price before live sale.",,,,,unverified,35,0,pending-full,generated-staging
Orange 1kg,Fresh,fresh,Orange,BS-FRESH-ORANGE-1KG-0298,false,,,,1kg,item,1100,24.0,1350,0,5,,Fresh Orange 1kg Nigeria product pack,Pending automated product-image enrichment,Estimated staging price — supplier verification required,,,Nigeria/Imported,2026-08-10,"Stage catalogue item; verify exact pack, image and supplier price before live sale.",,,,,unverified,35,0,pending-full,generated-staging
Orange 2kg,Fresh,fresh,Orange,BS-FRESH-ORANGE-2KG-0299,false,,,,2kg,item,2250,24.0,2800,0,5,,Fresh Orange 2kg Nigeria product pack,Pending automated product-image enrichment,Estimated staging price — supplier verification required,,,Nigeria/Imported,2026-08-10,"Stage catalogue item; verify exact pack, image and supplier price before live sale.",,,,,unverified,35,0,pending-full,generated-staging
Orange 5kg,Fresh,fresh,Orange,BS-FRESH-ORANGE-5KG-0300,false,,,,5kg,item,6450,24.0,8000,0,5,,Fresh Orange 5kg Nigeria product pack,Pending automated product-image enrichment,Estimated staging price — supplier verification required,,,Nigeria/Imported,2026-08-10,"Stage catalogue item; verify exact pack, image and supplier price before live sale.",,,,,unverified,35,0,pending-full,generated-staging
Pineapple 1 piece,Fresh,fresh,Pineapple,BS-FRESH-PINEAPPLE-1-PIECE-0301,false,,,,1 piece,item,1950,24.0,2400,0,5,,Fresh Pineapple 1 piece Nigeria product pack,Pending automated product-image enrichment,Estimated staging price — supplier verification required,,,Nigeria/Imported,2026-08-10,"Stage catalogue item; verify exact pack, image and supplier price before live sale.",,,,,unverified,35,0,pending-full,generated-staging
Pineapple 3 pieces,Fresh,fresh,Pineapple,BS-FRESH-PINEAPPLE-3-PIECES-0302,false,,,,3 pieces,item,1850,24.0,2300,0,5,,Fresh Pineapple 3 pieces Nigeria product pack,Pending automated product-image enrichment,Estimated staging price — supplier verification required,,,Nigeria/Imported,2026-08-10,"Stage catalogue item; verify exact pack, image and supplier price before live sale.",,,,,unverified,35,0,pending-full,generated-staging
Chicken Whole 1kg,Frozen,fresh,Chicken Whole,BS-FROZEN-CHICKEN-WHOL-1KG-0303,false,,,,1kg,item,3750,24.0,4650,0,5,,Frozen Chicken Whole 1kg Nigeria product pack,Pending automated product-image enrichment,Estimated staging price — supplier verification required,,,Nigeria/Imported,2026-08-10,"Stage catalogue item; verify exact pack, image and supplier price before live sale.",,,,,unverified,35,0,pending-full,generated-staging
Chicken Whole 2kg,Frozen,fresh,Chicken Whole,BS-FROZEN-CHICKEN-WHOL-2KG-0304,false,,,,2kg,item,7150,24.0,8850,0,5,,Frozen Chicken Whole 2kg Nigeria product pack,Pending automated product-image enrichment,Estimated staging price — supplier verification required,,,Nigeria/Imported,2026-08-10,"Stage catalogue item; verify exact pack, image and supplier price before live sale.",,,,,unverified,35,0,pending-full,generated-staging
Chicken Whole 5kg,Frozen,fresh,Chicken Whole,BS-FROZEN-CHICKEN-WHOL-5KG-0305,false,,,,5kg,item,16550,24.0,20500,0,5,,Frozen Chicken Whole 5kg Nigeria product pack,Pending automated product-image enrichment,Estimated staging price — supplier verification required,,,Nigeria/Imported,2026-08-10,"Stage catalogue item; verify exact pack, image and supplier price before live sale.",,,,,unverified,35,0,pending-full,generated-staging
Chicken Whole 10kg,Frozen,fresh,Chicken Whole,BS-FROZEN-CHICKEN-WHOL-10KG-0306,false,,,,10kg,item,33000,24.0,40900,0,5,,Frozen Chicken Whole 10kg Nigeria product pack,Pending automated product-image enrichment,Estimated staging price — supplier verification required,,,Nigeria/Imported,2026-08-10,"Stage catalogue item; verify exact pack, image and supplier price before live sale.",,,,,unverified,35,0,pending-full,generated-staging
Turkey 1kg,Frozen,fresh,Turkey,BS-FROZEN-TURKEY-1KG-0307,false,,,,1kg,item,4900,24.0,6100,0,5,,Frozen Turkey 1kg Nigeria product pack,Pending automated product-image enrichment,Estimated staging price — supplier verification required,,,Nigeria/Imported,2026-08-10,"Stage catalogue item; verify exact pack, image and supplier price before live sale.",,,,,unverified,35,0,pending-full,generated-staging
Turkey 2kg,Frozen,fresh,Turkey,BS-FROZEN-TURKEY-2KG-0308,false,,,,2kg,item,10800,24.0,13400,0,5,,Frozen Turkey 2kg Nigeria product pack,Pending automated product-image enrichment,Estimated staging price — supplier verification required,,,Nigeria/Imported,2026-08-10,"Stage catalogue item; verify exact pack, image and supplier price before live sale.",,,,,unverified,35,0,pending-full,generated-staging
Turkey 5kg,Frozen,fresh,Turkey,BS-FROZEN-TURKEY-5KG-0309,false,,,,5kg,item,26600,24.0,33000,0,5,,Frozen Turkey 5kg Nigeria product pack,Pending automated product-image enrichment,Estimated staging price — supplier verification required,,,Nigeria/Imported,2026-08-10,"Stage catalogue item; verify exact pack, image and supplier price before live sale.",,,,,unverified,35,0,pending-full,generated-staging
Turkey 10kg,Frozen,fresh,Turkey,BS-FROZEN-TURKEY-10KG-0310,false,,,,10kg,item,53750,24.0,66650,0,5,,Frozen Turkey 10kg Nigeria product pack,Pending automated product-image enrichment,Estimated staging price — supplier verification required,,,Nigeria/Imported,2026-08-10,"Stage catalogue item; verify exact pack, image and supplier price before live sale.",,,,,unverified,35,0,pending-full,generated-staging
Beef 500g,Fresh,fresh,Beef,BS-FRESH-BEEF-500G-0311,false,,,,500g,item,2250,24.0,2800,0,5,,Fresh Beef 500g Nigeria product pack,Pending automated product-image enrichment,Estimated staging price — supplier verification required,,,Nigeria/Imported,2026-08-10,"Stage catalogue item; verify exact pack, image and supplier price before live sale.",,,,,unverified,35,0,pending-full,generated-staging
Beef 1kg,Fresh,fresh,Beef,BS-FRESH-BEEF-1KG-0312,false,,,,1kg,item,4000,24.0,4950,0,5,,Fresh Beef 1kg Nigeria product pack,Pending automated product-image enrichment,Estimated staging price — supplier verification required,,,Nigeria/Imported,2026-08-10,"Stage catalogue item; verify exact pack, image and supplier price before live sale.",,,,,unverified,35,0,pending-full,generated-staging
Beef 2kg,Fresh,fresh,Beef,BS-FRESH-BEEF-2KG-0313,false,,,,2kg,item,8100,24.0,10050,0,5,,Fresh Beef 2kg Nigeria product pack,Pending automated product-image enrichment,Estimated staging price — supplier verification required,,,Nigeria/Imported,2026-08-10,"Stage catalogue item; verify exact pack, image and supplier price before live sale.",,,,,unverified,35,0,pending-full,generated-staging
Beef 5kg,Fresh,fresh,Beef,BS-FRESH-BEEF-5KG-0314,false,,,,5kg,item,19700,24.0,24450,0,5,,Fresh Beef 5kg Nigeria product pack,Pending automated product-image enrichment,Estimated staging price — supplier verification required,,,Nigeria/Imported,2026-08-10,"Stage catalogue item; verify exact pack, image and supplier price before live sale.",,,,,unverified,35,0,pending-full,generated-staging
Mackerel Fish 1kg,Frozen,fresh,Mackerel Fish,BS-FROZEN-MACKEREL-FIS-1KG-0315,false,,,,1kg,item,4250,24.0,5250,0,5,,Frozen Mackerel Fish 1kg Nigeria product pack,Pending automated product-image enrichment,Estimated staging price — supplier verification required,,,Nigeria/Imported,2026-08-10,"Stage catalogue item; verify exact pack, image and supplier price before live sale.",,,,,unverified,35,0,pending-full,generated-staging
Mackerel Fish 2kg,Frozen,fresh,Mackerel Fish,BS-FROZEN-MACKEREL-FIS-2KG-0316,false,,,,2kg,item,8650,24.0,10750,0,5,,Frozen Mackerel Fish 2kg Nigeria product pack,Pending automated product-image enrichment,Estimated staging price — supplier verification required,,,Nigeria/Imported,2026-08-10,"Stage catalogue item; verify exact pack, image and supplier price before live sale.",,,,,unverified,35,0,pending-full,generated-staging
Mackerel Fish 5kg,Frozen,fresh,Mackerel Fish,BS-FROZEN-MACKEREL-FIS-5KG-0317,false,,,,5kg,item,19850,24.0,24600,0,5,,Frozen Mackerel Fish 5kg Nigeria product pack,Pending automated product-image enrichment,Estimated staging price — supplier verification required,,,Nigeria/Imported,2026-08-10,"Stage catalogue item; verify exact pack, image and supplier price before live sale.",,,,,unverified,35,0,pending-full,generated-staging
Ariel Laundry Detergent 200g,Ariel,household,Laundry Detergent,BS-ARIEL-LAUNDRY-DETE-200G-0318,false,,,,200g,item,350,22.0,450,0,5,,Ariel Laundry Detergent 200g Nigeria product pack,Pending automated product-image enrichment,Estimated staging price — supplier verification required,,,Nigeria/Imported,2026-08-10,"Stage catalogue item; verify exact pack, image and supplier price before live sale.",,,,,unverified,35,0,pending-full,generated-staging
Ariel Laundry Detergent 500g,Ariel,household,Laundry Detergent,BS-ARIEL-LAUNDRY-DETE-500G-0319,false,,,,500g,item,800,22.0,1000,0,5,,Ariel Laundry Detergent 500g Nigeria product pack,Pending automated product-image enrichment,Estimated staging price — supplier verification required,,,Nigeria/Imported,2026-08-10,"Stage catalogue item; verify exact pack, image and supplier price before live sale.",,,,,unverified,35,0,pending-full,generated-staging
Ariel Laundry Detergent 1kg,Ariel,household,Laundry Detergent,BS-ARIEL-LAUNDRY-DETE-1KG-0320,false,,,,1kg,item,1850,22.0,2250,0,5,,Ariel Laundry Detergent 1kg Nigeria product pack,Pending automated product-image enrichment,Estimated staging price — supplier verification required,,,Nigeria/Imported,2026-08-10,"Stage catalogue item; verify exact pack, image and supplier price before live sale.",,,,,unverified,35,0,pending-full,generated-staging
Ariel Laundry Detergent 2kg,Ariel,household,Laundry Detergent,BS-ARIEL-LAUNDRY-DETE-2KG-0321,false,,,,2kg,item,3650,22.0,4450,0,5,,Ariel Laundry Detergent 2kg Nigeria product pack,Pending automated product-image enrichment,Estimated staging price — supplier verification required,,,Nigeria/Imported,2026-08-10,"Stage catalogue item; verify exact pack, image and supplier price before live sale.",,,,,unverified,35,0,pending-full,generated-staging
Omo Laundry Detergent 200g,Omo,household,Laundry Detergent,BS-OMO-LAUNDRY-DETE-200G-0322,false,,,,200g,item,350,22.0,450,0,5,,Omo Laundry Detergent 200g Nigeria product pack,Pending automated product-image enrichment,Estimated staging price — supplier verification required,,,Nigeria/Imported,2026-08-10,"Stage catalogue item; verify exact pack, image and supplier price before live sale.",,,,,unverified,35,0,pending-full,generated-staging
Omo Laundry Detergent 500g,Omo,household,Laundry Detergent,BS-OMO-LAUNDRY-DETE-500G-0323,false,,,,500g,item,900,22.0,1100,0,5,,Omo Laundry Detergent 500g Nigeria product pack,Pending automated product-image enrichment,Estimated staging price — supplier verification required,,,Nigeria/Imported,2026-08-10,"Stage catalogue item; verify exact pack, image and supplier price before live sale.",,,,,unverified,35,0,pending-full,generated-staging
Omo Laundry Detergent 1kg,Omo,household,Laundry Detergent,BS-OMO-LAUNDRY-DETE-1KG-0324,false,,,,1kg,item,1800,22.0,2200,0,5,,Omo Laundry Detergent 1kg Nigeria product pack,Pending automated product-image enrichment,Estimated staging price — supplier verification required,,,Nigeria/Imported,2026-08-10,"Stage catalogue item; verify exact pack, image and supplier price before live sale.",,,,,unverified,35,0,pending-full,generated-staging
Omo Laundry Detergent 2kg,Omo,household,Laundry Detergent,BS-OMO-LAUNDRY-DETE-2KG-0325,false,,,,2kg,item,3050,22.0,3700,0,5,,Omo Laundry Detergent 2kg Nigeria product pack,Pending automated product-image enrichment,Estimated staging price — supplier verification required,,,Nigeria/Imported,2026-08-10,"Stage catalogue item; verify exact pack, image and supplier price before live sale.",,,,,unverified,35,0,pending-full,generated-staging
Sunlight Laundry Detergent 200g,Sunlight,household,Laundry Detergent,BS-SUNLIGHT-LAUNDRY-DETE-200G-0326,false,,,,200g,item,300,22.0,350,0,5,,Sunlight Laundry Detergent 200g Nigeria product pack,Pending automated product-image enrichment,Estimated staging price — supplier verification required,,,Nigeria/Imported,2026-08-10,"Stage catalogue item; verify exact pack, image and supplier price before live sale.",,,,,unverified,35,0,pending-full,generated-staging
Sunlight Laundry Detergent 500g,Sunlight,household,Laundry Detergent,BS-SUNLIGHT-LAUNDRY-DETE-500G-0327,false,,,,500g,item,750,22.0,900,0,5,,Sunlight Laundry Detergent 500g Nigeria product pack,Pending automated product-image enrichment,Estimated staging price — supplier verification required,,,Nigeria/Imported,2026-08-10,"Stage catalogue item; verify exact pack, image and supplier price before live sale.",,,,,unverified,35,0,pending-full,generated-staging
Sunlight Laundry Detergent 1kg,Sunlight,household,Laundry Detergent,BS-SUNLIGHT-LAUNDRY-DETE-1KG-0328,false,,,,1kg,item,1650,22.0,2000,0,5,,Sunlight Laundry Detergent 1kg Nigeria product pack,Pending automated product-image enrichment,Estimated staging price — supplier verification required,,,Nigeria/Imported,2026-08-10,"Stage catalogue item; verify exact pack, image and supplier price before live sale.",,,,,unverified,35,0,pending-full,generated-staging
Sunlight Laundry Detergent 2kg,Sunlight,household,Laundry Detergent,BS-SUNLIGHT-LAUNDRY-DETE-2KG-0329,false,,,,2kg,item,3200,22.0,3900,0,5,,Sunlight Laundry Detergent 2kg Nigeria product pack,Pending automated product-image enrichment,Estimated staging price — supplier verification required,,,Nigeria/Imported,2026-08-10,"Stage catalogue item; verify exact pack, image and supplier price before live sale.",,,,,unverified,35,0,pending-full,generated-staging
Morning Fresh Dishwashing Liquid 250ml,Morning Fresh,household,Dishwashing Liquid,BS-MORNING--DISHWASHING--250ML-0330,false,,,,250ml,item,300,22.0,350,0,5,,Morning Fresh Dishwashing Liquid 250ml Nigeria product pack,Pending automated product-image enrichment,Estimated staging price — supplier verification required,,,Nigeria/Imported,2026-08-10,"Stage catalogue item; verify exact pack, image and supplier price before live sale.",,,,,unverified,35,0,pending-full,generated-staging
Morning Fresh Dishwashing Liquid 500ml,Morning Fresh,household,Dishwashing Liquid,BS-MORNING--DISHWASHING--500ML-0331,false,,,,500ml,item,650,22.0,800,0,5,,Morning Fresh Dishwashing Liquid 500ml Nigeria product pack,Pending automated product-image enrichment,Estimated staging price — supplier verification required,,,Nigeria/Imported,2026-08-10,"Stage catalogue item; verify exact pack, image and supplier price before live sale.",,,,,unverified,35,0,pending-full,generated-staging
Morning Fresh Dishwashing Liquid 1L,Morning Fresh,household,Dishwashing Liquid,BS-MORNING--DISHWASHING--1L-0332,false,,,,1L,item,1150,22.0,1400,0,5,,Morning Fresh Dishwashing Liquid 1L Nigeria product pack,Pending automated product-image enrichment,Estimated staging price — supplier verification required,,,Nigeria/Imported,2026-08-10,"Stage catalogue item; verify exact pack, image and supplier price before live sale.",,,,,unverified,35,0,pending-full,generated-staging
Hypo Bleach 250ml,Hypo,household,Bleach,BS-HYPO-BLEACH-250ML-0333,false,,,,250ml,item,200,22.0,250,0,5,,Hypo Bleach 250ml Nigeria product pack,Pending automated product-image enrichment,Estimated staging price — supplier verification required,,,Nigeria/Imported,2026-08-10,"Stage catalogue item; verify exact pack, image and supplier price before live sale.",,,,,unverified,35,0,pending-full,generated-staging
Hypo Bleach 500ml,Hypo,household,Bleach,BS-HYPO-BLEACH-500ML-0334,false,,,,500ml,item,400,22.0,500,0,5,,Hypo Bleach 500ml Nigeria product pack,Pending automated product-image enrichment,Estimated staging price — supplier verification required,,,Nigeria/Imported,2026-08-10,"Stage catalogue item; verify exact pack, image and supplier price before live sale.",,,,,unverified,35,0,pending-full,generated-staging
Hypo Bleach 1L,Hypo,household,Bleach,BS-HYPO-BLEACH-1L-0335,false,,,,1L,item,850,22.0,1050,0,5,,Hypo Bleach 1L Nigeria product pack,Pending automated product-image enrichment,Estimated staging price — supplier verification required,,,Nigeria/Imported,2026-08-10,"Stage catalogue item; verify exact pack, image and supplier price before live sale.",,,,,unverified,35,0,pending-full,generated-staging
Dettol Toilet Soap 70g,Dettol,household,Toilet Soap,BS-DETTOL-TOILET-SOAP-70G-0336,false,,,,70g,item,150,22.0,200,0,5,,Dettol Toilet Soap 70g Nigeria product pack,Pending automated product-image enrichment,Estimated staging price — supplier verification required,,,Nigeria/Imported,2026-08-10,"Stage catalogue item; verify exact pack, image and supplier price before live sale.",,,,,unverified,35,0,pending-full,generated-staging
Dettol Toilet Soap 110g,Dettol,household,Toilet Soap,BS-DETTOL-TOILET-SOAP-110G-0337,false,,,,110g,item,150,22.0,200,0,5,,Dettol Toilet Soap 110g Nigeria product pack,Pending automated product-image enrichment,Estimated staging price — supplier verification required,,,Nigeria/Imported,2026-08-10,"Stage catalogue item; verify exact pack, image and supplier price before live sale.",,,,,unverified,35,0,pending-full,generated-staging
Dettol Toilet Soap 110g x 6,Dettol,household,Toilet Soap,BS-DETTOL-TOILET-SOAP-110G-X-6-0338,false,,,,110g x 6,item,700,22.0,850,0,5,,Dettol Toilet Soap 110g x 6 Nigeria product pack,Pending automated product-image enrichment,Estimated staging price — supplier verification required,,,Nigeria/Imported,2026-08-10,"Stage catalogue item; verify exact pack, image and supplier price before live sale.",,,,,unverified,35,0,pending-full,generated-staging
Premier Cool Toilet Soap 70g,Premier Cool,household,Toilet Soap,BS-PREMIER--TOILET-SOAP-70G-0339,false,,,,70g,item,150,22.0,200,0,5,,Premier Cool Toilet Soap 70g Nigeria product pack,Pending automated product-image enrichment,Estimated staging price — supplier verification required,,,Nigeria/Imported,2026-08-10,"Stage catalogue item; verify exact pack, image and supplier price before live sale.",,,,,unverified,35,0,pending-full,generated-staging
Premier Cool Toilet Soap 110g,Premier Cool,household,Toilet Soap,BS-PREMIER--TOILET-SOAP-110G-0340,false,,,,110g,item,150,22.0,200,0,5,,Premier Cool Toilet Soap 110g Nigeria product pack,Pending automated product-image enrichment,Estimated staging price — supplier verification required,,,Nigeria/Imported,2026-08-10,"Stage catalogue item; verify exact pack, image and supplier price before live sale.",,,,,unverified,35,0,pending-full,generated-staging
Premier Cool Toilet Soap 110g x 6,Premier Cool,household,Toilet Soap,BS-PREMIER--TOILET-SOAP-110G-X-6-0341,false,,,,110g x 6,item,550,22.0,650,0,5,,Premier Cool Toilet Soap 110g x 6 Nigeria product pack,Pending automated product-image enrichment,Estimated staging price — supplier verification required,,,Nigeria/Imported,2026-08-10,"Stage catalogue item; verify exact pack, image and supplier price before live sale.",,,,,unverified,35,0,pending-full,generated-staging
Lux Bath Soap 80g,Lux,household,Bath Soap,BS-LUX-BATH-SOAP-80G-0342,false,,,,80g,item,150,22.0,200,0,5,,Lux Bath Soap 80g Nigeria product pack,Pending automated product-image enrichment,Estimated staging price — supplier verification required,,,Nigeria/Imported,2026-08-10,"Stage catalogue item; verify exact pack, image and supplier price before live sale.",,,,,unverified,35,0,pending-full,generated-staging
Lux Bath Soap 120g,Lux,household,Bath Soap,BS-LUX-BATH-SOAP-120G-0343,false,,,,120g,item,150,22.0,200,0,5,,Lux Bath Soap 120g Nigeria product pack,Pending automated product-image enrichment,Estimated staging price — supplier verification required,,,Nigeria/Imported,2026-08-10,"Stage catalogue item; verify exact pack, image and supplier price before live sale.",,,,,unverified,35,0,pending-full,generated-staging
Lux Bath Soap 120g x 6,Lux,household,Bath Soap,BS-LUX-BATH-SOAP-120G-X-6-0344,false,,,,120g x 6,item,600,22.0,750,0,5,,Lux Bath Soap 120g x 6 Nigeria product pack,Pending automated product-image enrichment,Estimated staging price — supplier verification required,,,Nigeria/Imported,2026-08-10,"Stage catalogue item; verify exact pack, image and supplier price before live sale.",,,,,unverified,35,0,pending-full,generated-staging
Closeup Toothpaste 100ml,Closeup,household,Toothpaste,BS-CLOSEUP-TOOTHPASTE-100ML-0345,false,,,,100ml,item,150,22.0,200,0,5,,Closeup Toothpaste 100ml Nigeria product pack,Pending automated product-image enrichment,Estimated staging price — supplier verification required,,,Nigeria/Imported,2026-08-10,"Stage catalogue item; verify exact pack, image and supplier price before live sale.",,,,,unverified,35,0,pending-full,generated-staging
Closeup Toothpaste 140ml,Closeup,household,Toothpaste,BS-CLOSEUP-TOOTHPASTE-140ML-0346,false,,,,140ml,item,250,22.0,300,0,5,,Closeup Toothpaste 140ml Nigeria product pack,Pending automated product-image enrichment,Estimated staging price — supplier verification required,,,Nigeria/Imported,2026-08-10,"Stage catalogue item; verify exact pack, image and supplier price before live sale.",,,,,unverified,35,0,pending-full,generated-staging
Closeup Toothpaste 200ml,Closeup,household,Toothpaste,BS-CLOSEUP-TOOTHPASTE-200ML-0347,false,,,,200ml,item,350,22.0,450,0,5,,Closeup Toothpaste 200ml Nigeria product pack,Pending automated product-image enrichment,Estimated staging price — supplier verification required,,,Nigeria/Imported,2026-08-10,"Stage catalogue item; verify exact pack, image and supplier price before live sale.",,,,,unverified,35,0,pending-full,generated-staging
Pepsodent Toothpaste 100ml,Pepsodent,household,Toothpaste,BS-PEPSODEN-TOOTHPASTE-100ML-0348,false,,,,100ml,item,150,22.0,200,0,5,,Pepsodent Toothpaste 100ml Nigeria product pack,Pending automated product-image enrichment,Estimated staging price — supplier verification required,,,Nigeria/Imported,2026-08-10,"Stage catalogue item; verify exact pack, image and supplier price before live sale.",,,,,unverified,35,0,pending-full,generated-staging
Pepsodent Toothpaste 140ml,Pepsodent,household,Toothpaste,BS-PEPSODEN-TOOTHPASTE-140ML-0349,false,,,,140ml,item,200,22.0,250,0,5,,Pepsodent Toothpaste 140ml Nigeria product pack,Pending automated product-image enrichment,Estimated staging price — supplier verification required,,,Nigeria/Imported,2026-08-10,"Stage catalogue item; verify exact pack, image and supplier price before live sale.",,,,,unverified,35,0,pending-full,generated-staging
Pepsodent Toothpaste 200ml,Pepsodent,household,Toothpaste,BS-PEPSODEN-TOOTHPASTE-200ML-0350,false,,,,200ml,item,300,22.0,350,0,5,,Pepsodent Toothpaste 200ml Nigeria product pack,Pending automated product-image enrichment,Estimated staging price — supplier verification required,,,Nigeria/Imported,2026-08-10,"Stage catalogue item; verify exact pack, image and supplier price before live sale.",,,,,unverified,35,0,pending-full,generated-staging
Rose Carla Tissue Paper 4 rolls,Rose Carla,household,Tissue Paper,BS-ROSE-CAR-TISSUE-PAPER-4-ROLLS-0351,false,,,,4 rolls,item,1650,22.0,2000,0,5,,Rose Carla Tissue Paper 4 rolls Nigeria product pack,Pending automated product-image enrichment,Estimated staging price — supplier verification required,,,Nigeria/Imported,2026-08-10,"Stage catalogue item; verify exact pack, image and supplier price before live sale.",,,,,unverified,35,0,pending-full,generated-staging
Rose Carla Tissue Paper 10 rolls,Rose Carla,household,Tissue Paper,BS-ROSE-CAR-TISSUE-PAPER-10-ROLLS-0352,false,,,,10 rolls,item,2550,22.0,3100,0,5,,Rose Carla Tissue Paper 10 rolls Nigeria product pack,Pending automated product-image enrichment,Estimated staging price — supplier verification required,,,Nigeria/Imported,2026-08-10,"Stage catalogue item; verify exact pack, image and supplier price before live sale.",,,,,unverified,35,0,pending-full,generated-staging
Rose Carla Tissue Paper 24 rolls,Rose Carla,household,Tissue Paper,BS-ROSE-CAR-TISSUE-PAPER-24-ROLLS-0353,false,,,,24 rolls,item,6550,22.0,8000,0,5,,Rose Carla Tissue Paper 24 rolls Nigeria product pack,Pending automated product-image enrichment,Estimated staging price — supplier verification required,,,Nigeria/Imported,2026-08-10,"Stage catalogue item; verify exact pack, image and supplier price before live sale.",,,,,unverified,35,0,pending-full,generated-staging
Familia Tissue Paper 4 rolls,Familia,household,Tissue Paper,BS-FAMILIA-TISSUE-PAPER-4-ROLLS-0354,false,,,,4 rolls,item,1600,22.0,1950,0,5,,Familia Tissue Paper 4 rolls Nigeria product pack,Pending automated product-image enrichment,Estimated staging price — supplier verification required,,,Nigeria/Imported,2026-08-10,"Stage catalogue item; verify exact pack, image and supplier price before live sale.",,,,,unverified,35,0,pending-full,generated-staging
Familia Tissue Paper 10 rolls,Familia,household,Tissue Paper,BS-FAMILIA-TISSUE-PAPER-10-ROLLS-0355,false,,,,10 rolls,item,3100,22.0,3800,0,5,,Familia Tissue Paper 10 rolls Nigeria product pack,Pending automated product-image enrichment,Estimated staging price — supplier verification required,,,Nigeria/Imported,2026-08-10,"Stage catalogue item; verify exact pack, image and supplier price before live sale.",,,,,unverified,35,0,pending-full,generated-staging
Familia Tissue Paper 24 rolls,Familia,household,Tissue Paper,BS-FAMILIA-TISSUE-PAPER-24-ROLLS-0356,false,,,,24 rolls,item,6450,22.0,7850,0,5,,Familia Tissue Paper 24 rolls Nigeria product pack,Pending automated product-image enrichment,Estimated staging price — supplier verification required,,,Nigeria/Imported,2026-08-10,"Stage catalogue item; verify exact pack, image and supplier price before live sale.",,,,,unverified,35,0,pending-full,generated-staging
Raid Insecticide 300ml,Raid,household,Insecticide,BS-RAID-INSECTICIDE-300ML-0357,false,,,,300ml,item,800,22.0,1000,0,5,,Raid Insecticide 300ml Nigeria product pack,Pending automated product-image enrichment,Estimated staging price — supplier verification required,,,Nigeria/Imported,2026-08-10,"Stage catalogue item; verify exact pack, image and supplier price before live sale.",,,,,unverified,35,0,pending-full,generated-staging
Raid Insecticide 500ml,Raid,household,Insecticide,BS-RAID-INSECTICIDE-500ML-0358,false,,,,500ml,item,1200,22.0,1450,0,5,,Raid Insecticide 500ml Nigeria product pack,Pending automated product-image enrichment,Estimated staging price — supplier verification required,,,Nigeria/Imported,2026-08-10,"Stage catalogue item; verify exact pack, image and supplier price before live sale.",,,,,unverified,35,0,pending-full,generated-staging
Mortein Insecticide 300ml,Mortein,household,Insecticide,BS-MORTEIN-INSECTICIDE-300ML-0359,false,,,,300ml,item,700,22.0,850,0,5,,Mortein Insecticide 300ml Nigeria product pack,Pending automated product-image enrichment,Estimated staging price — supplier verification required,,,Nigeria/Imported,2026-08-10,"Stage catalogue item; verify exact pack, image and supplier price before live sale.",,,,,unverified,35,0,pending-full,generated-staging
Mortein Insecticide 500ml,Mortein,household,Insecticide,BS-MORTEIN-INSECTICIDE-500ML-0360,false,,,,500ml,item,1250,22.0,1500,0,5,,Mortein Insecticide 500ml Nigeria product pack,Pending automated product-image enrichment,Estimated staging price — supplier verification required,,,Nigeria/Imported,2026-08-10,"Stage catalogue item; verify exact pack, image and supplier price before live sale.",,,,,unverified,35,0,pending-full,generated-staging
Air Wick Air Freshener 250ml,Air Wick,household,Air Freshener,BS-AIR-WICK-AIR-FRESHENE-250ML-0361,false,,,,250ml,item,900,22.0,1100,0,5,,Air Wick Air Freshener 250ml Nigeria product pack,Pending automated product-image enrichment,Estimated staging price — supplier verification required,,,Nigeria/Imported,2026-08-10,"Stage catalogue item; verify exact pack, image and supplier price before live sale.",,,,,unverified,35,0,pending-full,generated-staging
Air Wick Air Freshener 300ml,Air Wick,household,Air Freshener,BS-AIR-WICK-AIR-FRESHENE-300ML-0362,false,,,,300ml,item,1050,22.0,1300,0,5,,Air Wick Air Freshener 300ml Nigeria product pack,Pending automated product-image enrichment,Estimated staging price — supplier verification required,,,Nigeria/Imported,2026-08-10,"Stage catalogue item; verify exact pack, image and supplier price before live sale.",,,,,unverified,35,0,pending-full,generated-staging
Always Sanitary Pads 8 pads,Always,household,Sanitary Pads,BS-ALWAYS-SANITARY-PAD-8-PADS-0363,false,,,,8 pads,item,2450,22.0,3000,0,5,,Always Sanitary Pads 8 pads Nigeria product pack,Pending automated product-image enrichment,Estimated staging price — supplier verification required,,,Nigeria/Imported,2026-08-10,"Stage catalogue item; verify exact pack, image and supplier price before live sale.",,,,,unverified,35,0,pending-full,generated-staging
Always Sanitary Pads 16 pads,Always,household,Sanitary Pads,BS-ALWAYS-SANITARY-PAD-16-PADS-0364,false,,,,16 pads,item,4850,22.0,5900,0,5,,Always Sanitary Pads 16 pads Nigeria product pack,Pending automated product-image enrichment,Estimated staging price — supplier verification required,,,Nigeria/Imported,2026-08-10,"Stage catalogue item; verify exact pack, image and supplier price before live sale.",,,,,unverified,35,0,pending-full,generated-staging
Always Sanitary Pads 32 pads,Always,household,Sanitary Pads,BS-ALWAYS-SANITARY-PAD-32-PADS-0365,false,,,,32 pads,item,9500,22.0,11600,0,5,,Always Sanitary Pads 32 pads Nigeria product pack,Pending automated product-image enrichment,Estimated staging price — supplier verification required,,,Nigeria/Imported,2026-08-10,"Stage catalogue item; verify exact pack, image and supplier price before live sale.",,,,,unverified,35,0,pending-full,generated-staging
Pampers Baby Diapers Small 20,Pampers,household,Baby Diapers,BS-PAMPERS-BABY-DIAPERS-SMALL-20-0366,false,,,,Small 20,item,4600,22.0,5600,0,5,,Pampers Baby Diapers Small 20 Nigeria product pack,Pending automated product-image enrichment,Estimated staging price — supplier verification required,,,Nigeria/Imported,2026-08-10,"Stage catalogue item; verify exact pack, image and supplier price before live sale.",,,,,unverified,35,0,pending-full,generated-staging
Pampers Baby Diapers Medium 20,Pampers,household,Baby Diapers,BS-PAMPERS-BABY-DIAPERS-MEDIUM-20-0367,false,,,,Medium 20,item,4350,22.0,5300,0,5,,Pampers Baby Diapers Medium 20 Nigeria product pack,Pending automated product-image enrichment,Estimated staging price — supplier verification required,,,Nigeria/Imported,2026-08-10,"Stage catalogue item; verify exact pack, image and supplier price before live sale.",,,,,unverified,35,0,pending-full,generated-staging
Pampers Baby Diapers Large 20,Pampers,household,Baby Diapers,BS-PAMPERS-BABY-DIAPERS-LARGE-20-0368,false,,,,Large 20,item,6600,22.0,8050,0,5,,Pampers Baby Diapers Large 20 Nigeria product pack,Pending automated product-image enrichment,Estimated staging price — supplier verification required,,,Nigeria/Imported,2026-08-10,"Stage catalogue item; verify exact pack, image and supplier price before live sale.",,,,,unverified,35,0,pending-full,generated-staging
Pampers Baby Diapers XL 20,Pampers,household,Baby Diapers,BS-PAMPERS-BABY-DIAPERS-XL-20-0369,false,,,,XL 20,item,4150,22.0,5050,0,5,,Pampers Baby Diapers XL 20 Nigeria product pack,Pending automated product-image enrichment,Estimated staging price — supplier verification required,,,Nigeria/Imported,2026-08-10,"Stage catalogue item; verify exact pack, image and supplier price before live sale.",,,,,unverified,35,0,pending-full,generated-staging
Big Bull Rice 1kg - Bundle of 2,Big Bull,grains,Rice,BS-BIG-BULL-RICE-1KG-0001-B2,false,,,,1kg x 2,item,1250,16.0,1450,0,5,,Big Bull Rice 1kg Nigeria product pack bundle 2,Pending automated product-image enrichment,Estimated staging price — supplier verification required,,,Nigeria/Imported,2026-08-10,"Stage catalogue item; verify exact pack, image and supplier price before live sale.",,,,,unverified,35,0,pending-full,generated-staging
Big Bull Rice 2kg - Bundle of 2,Big Bull,grains,Rice,BS-BIG-BULL-RICE-2KG-0002-B2,false,,,,2kg x 2,item,2350,16.0,2750,0,5,,Big Bull Rice 2kg Nigeria product pack bundle 2,Pending automated product-image enrichment,Estimated staging price — supplier verification required,,,Nigeria/Imported,2026-08-10,"Stage catalogue item; verify exact pack, image and supplier price before live sale.",,,,,unverified,35,0,pending-full,generated-staging
Big Bull Rice 5kg - Bundle of 2,Big Bull,grains,Rice,BS-BIG-BULL-RICE-5KG-0003-B2,false,,,,5kg x 2,item,6100,16.0,7100,0,5,,Big Bull Rice 5kg Nigeria product pack bundle 2,Pending automated product-image enrichment,Estimated staging price — supplier verification required,,,Nigeria/Imported,2026-08-10,"Stage catalogue item; verify exact pack, image and supplier price before live sale.",,,,,unverified,35,0,pending-full,generated-staging
Big Bull Rice 10kg - Bundle of 2,Big Bull,grains,Rice,BS-BIG-BULL-RICE-10KG-0004-B2,false,,,,10kg x 2,item,12100,16.0,14050,0,5,,Big Bull Rice 10kg Nigeria product pack bundle 2,Pending automated product-image enrichment,Estimated staging price — supplier verification required,,,Nigeria/Imported,2026-08-10,"Stage catalogue item; verify exact pack, image and supplier price before live sale.",,,,,unverified,35,0,pending-full,generated-staging
Big Bull Rice 25kg - Bundle of 2,Big Bull,grains,Rice,BS-BIG-BULL-RICE-25KG-0005-B2,false,,,,25kg x 2,item,33150,16.0,38450,0,5,,Big Bull Rice 25kg Nigeria product pack bundle 2,Pending automated product-image enrichment,Estimated staging price — supplier verification required,,,Nigeria/Imported,2026-08-10,"Stage catalogue item; verify exact pack, image and supplier price before live sale.",,,,,unverified,35,0,pending-full,generated-staging
Big Bull Rice 50kg - Bundle of 2,Big Bull,grains,Rice,BS-BIG-BULL-RICE-50KG-0006-B2,false,,,,50kg x 2,item,65650,16.0,76150,0,5,,Big Bull Rice 50kg Nigeria product pack bundle 2,Pending automated product-image enrichment,Estimated staging price — supplier verification required,,,Nigeria/Imported,2026-08-10,"Stage catalogue item; verify exact pack, image and supplier price before live sale.",,,,,unverified,35,0,pending-full,generated-staging
Mama Gold Rice 1kg - Bundle of 2,Mama Gold,grains,Rice,BS-MAMA-GOL-RICE-1KG-0007-B2,false,,,,1kg x 2,item,1450,16.0,1700,0,5,,Mama Gold Rice 1kg Nigeria product pack bundle 2,Pending automated product-image enrichment,Estimated staging price — supplier verification required,,,Nigeria/Imported,2026-08-10,"Stage catalogue item; verify exact pack, image and supplier price before live sale.",,,,,unverified,35,0,pending-full,generated-staging
Mama Gold Rice 5kg - Bundle of 2,Mama Gold,grains,Rice,BS-MAMA-GOL-RICE-5KG-0008-B2,false,,,,5kg x 2,item,6300,16.0,7300,0,5,,Mama Gold Rice 5kg Nigeria product pack bundle 2,Pending automated product-image enrichment,Estimated staging price — supplier verification required,,,Nigeria/Imported,2026-08-10,"Stage catalogue item; verify exact pack, image and supplier price before live sale.",,,,,unverified,35,0,pending-full,generated-staging
Mama Gold Rice 10kg - Bundle of 2,Mama Gold,grains,Rice,BS-MAMA-GOL-RICE-10KG-0009-B2,false,,,,10kg x 2,item,13500,16.0,15650,0,5,,Mama Gold Rice 10kg Nigeria product pack bundle 2,Pending automated product-image enrichment,Estimated staging price — supplier verification required,,,Nigeria/Imported,2026-08-10,"Stage catalogue item; verify exact pack, image and supplier price before live sale.",,,,,unverified,35,0,pending-full,generated-staging
Mama Gold Rice 25kg - Bundle of 2,Mama Gold,grains,Rice,BS-MAMA-GOL-RICE-25KG-0010-B2,false,,,,25kg x 2,item,31450,16.0,36500,0,5,,Mama Gold Rice 25kg Nigeria product pack bundle 2,Pending automated product-image enrichment,Estimated staging price — supplier verification required,,,Nigeria/Imported,2026-08-10,"Stage catalogue item; verify exact pack, image and supplier price before live sale.",,,,,unverified,35,0,pending-full,generated-staging
Mama Gold Rice 50kg - Bundle of 2,Mama Gold,grains,Rice,BS-MAMA-GOL-RICE-50KG-0011-B2,false,,,,50kg x 2,item,65200,16.0,75650,0,5,,Mama Gold Rice 50kg Nigeria product pack bundle 2,Pending automated product-image enrichment,Estimated staging price — supplier verification required,,,Nigeria/Imported,2026-08-10,"Stage catalogue item; verify exact pack, image and supplier price before live sale.",,,,,unverified,35,0,pending-full,generated-staging
Royal Stallion Rice 1kg - Bundle of 2,Royal Stallion,grains,Rice,BS-ROYAL-ST-RICE-1KG-0012-B2,false,,,,1kg x 2,item,1450,16.0,1700,0,5,,Royal Stallion Rice 1kg Nigeria product pack bundle 2,Pending automated product-image enrichment,Estimated staging price — supplier verification required,,,Nigeria/Imported,2026-08-10,"Stage catalogue item; verify exact pack, image and supplier price before live sale.",,,,,unverified,35,0,pending-full,generated-staging
Royal Stallion Rice 5kg - Bundle of 2,Royal Stallion,grains,Rice,BS-ROYAL-ST-RICE-5KG-0013-B2,false,,,,5kg x 2,item,6500,16.0,7550,0,5,,Royal Stallion Rice 5kg Nigeria product pack bundle 2,Pending automated product-image enrichment,Estimated staging price — supplier verification required,,,Nigeria/Imported,2026-08-10,"Stage catalogue item; verify exact pack, image and supplier price before live sale.",,,,,unverified,35,0,pending-full,generated-staging
Royal Stallion Rice 10kg - Bundle of 2,Royal Stallion,grains,Rice,BS-ROYAL-ST-RICE-10KG-0014-B2,false,,,,10kg x 2,item,13400,16.0,15550,0,5,,Royal Stallion Rice 10kg Nigeria product pack bundle 2,Pending automated product-image enrichment,Estimated staging price — supplier verification required,,,Nigeria/Imported,2026-08-10,"Stage catalogue item; verify exact pack, image and supplier price before live sale.",,,,,unverified,35,0,pending-full,generated-staging
Royal Stallion Rice 25kg - Bundle of 2,Royal Stallion,grains,Rice,BS-ROYAL-ST-RICE-25KG-0015-B2,false,,,,25kg x 2,item,36200,16.0,42000,0,5,,Royal Stallion Rice 25kg Nigeria product pack bundle 2,Pending automated product-image enrichment,Estimated staging price — supplier verification required,,,Nigeria/Imported,2026-08-10,"Stage catalogue item; verify exact pack, image and supplier price before live sale.",,,,,unverified,35,0,pending-full,generated-staging
Royal Stallion Rice 50kg - Bundle of 2,Royal Stallion,grains,Rice,BS-ROYAL-ST-RICE-50KG-0016-B2,false,,,,50kg x 2,item,71100,16.0,82500,0,5,,Royal Stallion Rice 50kg Nigeria product pack bundle 2,Pending automated product-image enrichment,Estimated staging price — supplier verification required,,,Nigeria/Imported,2026-08-10,"Stage catalogue item; verify exact pack, image and supplier price before live sale.",,,,,unverified,35,0,pending-full,generated-staging
Cap Rice Rice 1kg - Bundle of 2,Cap Rice,grains,Rice,BS-CAP-RICE-RICE-1KG-0017-B2,false,,,,1kg x 2,item,1250,16.0,1450,0,5,,Cap Rice Rice 1kg Nigeria product pack bundle 2,Pending automated product-image enrichment,Estimated staging price — supplier verification required,,,Nigeria/Imported,2026-08-10,"Stage catalogue item; verify exact pack, image and supplier price before live sale.",,,,,unverified,35,0,pending-full,generated-staging
Cap Rice Rice 5kg - Bundle of 2,Cap Rice,grains,Rice,BS-CAP-RICE-RICE-5KG-0018-B2,false,,,,5kg x 2,item,6800,16.0,7900,0,5,,Cap Rice Rice 5kg Nigeria product pack bundle 2,Pending automated product-image enrichment,Estimated staging price — supplier verification required,,,Nigeria/Imported,2026-08-10,"Stage catalogue item; verify exact pack, image and supplier price before live sale.",,,,,unverified,35,0,pending-full,generated-staging
Cap Rice Rice 10kg - Bundle of 2,Cap Rice,grains,Rice,BS-CAP-RICE-RICE-10KG-0019-B2,false,,,,10kg x 2,item,14050,16.0,16300,0,5,,Cap Rice Rice 10kg Nigeria product pack bundle 2,Pending automated product-image enrichment,Estimated staging price — supplier verification required,,,Nigeria/Imported,2026-08-10,"Stage catalogue item; verify exact pack, image and supplier price before live sale.",,,,,unverified,35,0,pending-full,generated-staging
Cap Rice Rice 25kg - Bundle of 2,Cap Rice,grains,Rice,BS-CAP-RICE-RICE-25KG-0020-B2,false,,,,25kg x 2,item,30350,16.0,35200,0,5,,Cap Rice Rice 25kg Nigeria product pack bundle 2,Pending automated product-image enrichment,Estimated staging price — supplier verification required,,,Nigeria/Imported,2026-08-10,"Stage catalogue item; verify exact pack, image and supplier price before live sale.",,,,,unverified,35,0,pending-full,generated-staging
Cap Rice Rice 50kg - Bundle of 2,Cap Rice,grains,Rice,BS-CAP-RICE-RICE-50KG-0021-B2,false,,,,50kg x 2,item,70250,16.0,81500,0,5,,Cap Rice Rice 50kg Nigeria product pack bundle 2,Pending automated product-image enrichment,Estimated staging price — supplier verification required,,,Nigeria/Imported,2026-08-10,"Stage catalogue item; verify exact pack, image and supplier price before live sale.",,,,,unverified,35,0,pending-full,generated-staging
Tropical Sun Basmati Rice 1kg - Bundle of 2,Tropical Sun,grains,Basmati Rice,BS-TROPICAL-BASMATI-RICE-1KG-0022-B2,false,,,,1kg x 2,item,3000,16.0,3500,0,5,,Tropical Sun Basmati Rice 1kg Nigeria product pack bundle 2,Pending automated product-image enrichment,Estimated staging price — supplier verification required,,,Nigeria/Imported,2026-08-10,"Stage catalogue item; verify exact pack, image and supplier price before live sale.",,,,,unverified,35,0,pending-full,generated-staging
Tropical Sun Basmati Rice 2kg - Bundle of 2,Tropical Sun,grains,Basmati Rice,BS-TROPICAL-BASMATI-RICE-2KG-0023-B2,false,,,,2kg x 2,item,5700,16.0,6600,0,5,,Tropical Sun Basmati Rice 2kg Nigeria product pack bundle 2,Pending automated product-image enrichment,Estimated staging price — supplier verification required,,,Nigeria/Imported,2026-08-10,"Stage catalogue item; verify exact pack, image and supplier price before live sale.",,,,,unverified,35,0,pending-full,generated-staging
Tropical Sun Basmati Rice 5kg - Bundle of 2,Tropical Sun,grains,Basmati Rice,BS-TROPICAL-BASMATI-RICE-5KG-0024-B2,false,,,,5kg x 2,item,13750,16.0,15950,0,5,,Tropical Sun Basmati Rice 5kg Nigeria product pack bundle 2,Pending automated product-image enrichment,Estimated staging price — supplier verification required,,,Nigeria/Imported,2026-08-10,"Stage catalogue item; verify exact pack, image and supplier price before live sale.",,,,,unverified,35,0,pending-full,generated-staging
Tropical Sun Basmati Rice 10kg - Bundle of 2,Tropical Sun,grains,Basmati Rice,BS-TROPICAL-BASMATI-RICE-10KG-0025-B2,false,,,,10kg x 2,item,31800,16.0,36900,0,5,,Tropical Sun Basmati Rice 10kg Nigeria product pack bundle 2,Pending automated product-image enrichment,Estimated staging price — supplier verification required,,,Nigeria/Imported,2026-08-10,"Stage catalogue item; verify exact pack, image and supplier price before live sale.",,,,,unverified,35,0,pending-full,generated-staging
Brown Beans 500g - Bundle of 2,Generic,grains,Brown Beans,BS-GENERIC-BROWN-BEANS-500G-0026-B2,false,,,,500g x 2,item,800,16.0,950,0,5,,Generic Brown Beans 500g Nigeria product pack bundle 2,Pending automated product-image enrichment,Estimated staging price — supplier verification required,,,Nigeria/Imported,2026-08-10,"Stage catalogue item; verify exact pack, image and supplier price before live sale.",,,,,unverified,35,0,pending-full,generated-staging
Brown Beans 1kg - Bundle of 2,Generic,grains,Brown Beans,BS-GENERIC-BROWN-BEANS-1KG-0027-B2,false,,,,1kg x 2,item,1550,16.0,1800,0,5,,Generic Brown Beans 1kg Nigeria product pack bundle 2,Pending automated product-image enrichment,Estimated staging price — supplier verification required,,,Nigeria/Imported,2026-08-10,"Stage catalogue item; verify exact pack, image and supplier price before live sale.",,,,,unverified,35,0,pending-full,generated-staging
Brown Beans 2kg - Bundle of 2,Generic,grains,Brown Beans,BS-GENERIC-BROWN-BEANS-2KG-0028-B2,false,,,,2kg x 2,item,3100,16.0,3600,0,5,,Generic Brown Beans 2kg Nigeria product pack bundle 2,Pending automated product-image enrichment,Estimated staging price — supplier verification required,,,Nigeria/Imported,2026-08-10,"Stage catalogue item; verify exact pack, image and supplier price before live sale.",,,,,unverified,35,0,pending-full,generated-staging
Brown Beans 5kg - Bundle of 2,Generic,grains,Brown Beans,BS-GENERIC-BROWN-BEANS-5KG-0029-B2,false,,,,5kg x 2,item,8850,16.0,10250,0,5,,Generic Brown Beans 5kg Nigeria product pack bundle 2,Pending automated product-image enrichment,Estimated staging price — supplier verification required,,,Nigeria/Imported,2026-08-10,"Stage catalogue item; verify exact pack, image and supplier price before live sale.",,,,,unverified,35,0,pending-full,generated-staging
Brown Beans 10kg - Bundle of 2,Generic,grains,Brown Beans,BS-GENERIC-BROWN-BEANS-10KG-0030-B2,false,,,,10kg x 2,item,17000,16.0,19700,0,5,,Generic Brown Beans 10kg Nigeria product pack bundle 2,Pending automated product-image enrichment,Estimated staging price — supplier verification required,,,Nigeria/Imported,2026-08-10,"Stage catalogue item; verify exact pack, image and supplier price before live sale.",,,,,unverified,35,0,pending-full,generated-staging
Brown Beans 25kg - Bundle of 2,Generic,grains,Brown Beans,BS-GENERIC-BROWN-BEANS-25KG-0031-B2,false,,,,25kg x 2,item,43950,16.0,51000,0,5,,Generic Brown Beans 25kg Nigeria product pack bundle 2,Pending automated product-image enrichment,Estimated staging price — supplier verification required,,,Nigeria/Imported,2026-08-10,"Stage catalogue item; verify exact pack, image and supplier price before live sale.",,,,,unverified,35,0,pending-full,generated-staging
White Beans 500g - Bundle of 2,Generic,grains,White Beans,BS-GENERIC-WHITE-BEANS-500G-0032-B2,false,,,,500g x 2,item,850,16.0,1000,0,5,,Generic White Beans 500g Nigeria product pack bundle 2,Pending automated product-image enrichment,Estimated staging price — supplier verification required,,,Nigeria/Imported,2026-08-10,"Stage catalogue item; verify exact pack, image and supplier price before live sale.",,,,,unverified,35,0,pending-full,generated-staging
White Beans 1kg - Bundle of 2,Generic,grains,White Beans,BS-GENERIC-WHITE-BEANS-1KG-0033-B2,false,,,,1kg x 2,item,1750,16.0,2050,0,5,,Generic White Beans 1kg Nigeria product pack bundle 2,Pending automated product-image enrichment,Estimated staging price — supplier verification required,,,Nigeria/Imported,2026-08-10,"Stage catalogue item; verify exact pack, image and supplier price before live sale.",,,,,unverified,35,0,pending-full,generated-staging
White Beans 2kg - Bundle of 2,Generic,grains,White Beans,BS-GENERIC-WHITE-BEANS-2KG-0034-B2,false,,,,2kg x 2,item,3800,16.0,4400,0,5,,Generic White Beans 2kg Nigeria product pack bundle 2,Pending automated product-image enrichment,Estimated staging price — supplier verification required,,,Nigeria/Imported,2026-08-10,"Stage catalogue item; verify exact pack, image and supplier price before live sale.",,,,,unverified,35,0,pending-full,generated-staging
White Beans 5kg - Bundle of 2,Generic,grains,White Beans,BS-GENERIC-WHITE-BEANS-5KG-0035-B2,false,,,,5kg x 2,item,8650,16.0,10050,0,5,,Generic White Beans 5kg Nigeria product pack bundle 2,Pending automated product-image enrichment,Estimated staging price — supplier verification required,,,Nigeria/Imported,2026-08-10,"Stage catalogue item; verify exact pack, image and supplier price before live sale.",,,,,unverified,35,0,pending-full,generated-staging
White Beans 10kg - Bundle of 2,Generic,grains,White Beans,BS-GENERIC-WHITE-BEANS-10KG-0036-B2,false,,,,10kg x 2,item,17750,16.0,20600,0,5,,Generic White Beans 10kg Nigeria product pack bundle 2,Pending automated product-image enrichment,Estimated staging price — supplier verification required,,,Nigeria/Imported,2026-08-10,"Stage catalogue item; verify exact pack, image and supplier price before live sale.",,,,,unverified,35,0,pending-full,generated-staging
White Beans 25kg - Bundle of 2,Generic,grains,White Beans,BS-GENERIC-WHITE-BEANS-25KG-0037-B2,false,,,,25kg x 2,item,46650,16.0,54100,0,5,,Generic White Beans 25kg Nigeria product pack bundle 2,Pending automated product-image enrichment,Estimated staging price — supplier verification required,,,Nigeria/Imported,2026-08-10,"Stage catalogue item; verify exact pack, image and supplier price before live sale.",,,,,unverified,35,0,pending-full,generated-staging
Garri White 500g - Bundle of 2,Generic,grains,Garri White,BS-GENERIC-GARRI-WHITE-500G-0038-B2,false,,,,500g x 2,item,600,16.0,700,0,5,,Generic Garri White 500g Nigeria product pack bundle 2,Pending automated product-image enrichment,Estimated staging price — supplier verification required,,,Nigeria/Imported,2026-08-10,"Stage catalogue item; verify exact pack, image and supplier price before live sale.",,,,,unverified,35,0,pending-full,generated-staging
Garri White 1kg - Bundle of 2,Generic,grains,Garri White,BS-GENERIC-GARRI-WHITE-1KG-0039-B2,false,,,,1kg x 2,item,1250,16.0,1450,0,5,,Generic Garri White 1kg Nigeria product pack bundle 2,Pending automated product-image enrichment,Estimated staging price — supplier verification required,,,Nigeria/Imported,2026-08-10,"Stage catalogue item; verify exact pack, image and supplier price before live sale.",,,,,unverified,35,0,pending-full,generated-staging
Garri White 2kg - Bundle of 2,Generic,grains,Garri White,BS-GENERIC-GARRI-WHITE-2KG-0040-B2,false,,,,2kg x 2,item,2400,16.0,2800,0,5,,Generic Garri White 2kg Nigeria product pack bundle 2,Pending automated product-image enrichment,Estimated staging price — supplier verification required,,,Nigeria/Imported,2026-08-10,"Stage catalogue item; verify exact pack, image and supplier price before live sale.",,,,,unverified,35,0,pending-full,generated-staging
Garri White 5kg - Bundle of 2,Generic,grains,Garri White,BS-GENERIC-GARRI-WHITE-5KG-0041-B2,false,,,,5kg x 2,item,6100,16.0,7100,0,5,,Generic Garri White 5kg Nigeria product pack bundle 2,Pending automated product-image enrichment,Estimated staging price — supplier verification required,,,Nigeria/Imported,2026-08-10,"Stage catalogue item; verify exact pack, image and supplier price before live sale.",,,,,unverified,35,0,pending-full,generated-staging
Garri White 10kg - Bundle of 2,Generic,grains,Garri White,BS-GENERIC-GARRI-WHITE-10KG-0042-B2,false,,,,10kg x 2,item,10750,16.0,12450,0,5,,Generic Garri White 10kg Nigeria product pack bundle 2,Pending automated product-image enrichment,Estimated staging price — supplier verification required,,,Nigeria/Imported,2026-08-10,"Stage catalogue item; verify exact pack, image and supplier price before live sale.",,,,,unverified,35,0,pending-full,generated-staging
Garri White 25kg - Bundle of 2,Generic,grains,Garri White,BS-GENERIC-GARRI-WHITE-25KG-0043-B2,false,,,,25kg x 2,item,27950,16.0,32400,0,5,,Generic Garri White 25kg Nigeria product pack bundle 2,Pending automated product-image enrichment,Estimated staging price — supplier verification required,,,Nigeria/Imported,2026-08-10,"Stage catalogue item; verify exact pack, image and supplier price before live sale.",,,,,unverified,35,0,pending-full,generated-staging
Garri Yellow 500g - Bundle of 2,Generic,grains,Garri Yellow,BS-GENERIC-GARRI-YELLOW-500G-0044-B2,false,,,,500g x 2,item,600,16.0,700,0,5,,Generic Garri Yellow 500g Nigeria product pack bundle 2,Pending automated product-image enrichment,Estimated staging price — supplier verification required,,,Nigeria/Imported,2026-08-10,"Stage catalogue item; verify exact pack, image and supplier price before live sale.",,,,,unverified,35,0,pending-full,generated-staging
Garri Yellow 1kg - Bundle of 2,Generic,grains,Garri Yellow,BS-GENERIC-GARRI-YELLOW-1KG-0045-B2,false,,,,1kg x 2,item,1150,16.0,1350,0,5,,Generic Garri Yellow 1kg Nigeria product pack bundle 2,Pending automated product-image enrichment,Estimated staging price — supplier verification required,,,Nigeria/Imported,2026-08-10,"Stage catalogue item; verify exact pack, image and supplier price before live sale.",,,,,unverified,35,0,pending-full,generated-staging
Garri Yellow 2kg - Bundle of 2,Generic,grains,Garri Yellow,BS-GENERIC-GARRI-YELLOW-2KG-0046-B2,false,,,,2kg x 2,item,2400,16.0,2800,0,5,,Generic Garri Yellow 2kg Nigeria product pack bundle 2,Pending automated product-image enrichment,Estimated staging price — supplier verification required,,,Nigeria/Imported,2026-08-10,"Stage catalogue item; verify exact pack, image and supplier price before live sale.",,,,,unverified,35,0,pending-full,generated-staging
Garri Yellow 5kg - Bundle of 2,Generic,grains,Garri Yellow,BS-GENERIC-GARRI-YELLOW-5KG-0047-B2,false,,,,5kg x 2,item,5900,16.0,6850,0,5,,Generic Garri Yellow 5kg Nigeria product pack bundle 2,Pending automated product-image enrichment,Estimated staging price — supplier verification required,,,Nigeria/Imported,2026-08-10,"Stage catalogue item; verify exact pack, image and supplier price before live sale.",,,,,unverified,35,0,pending-full,generated-staging
Garri Yellow 10kg - Bundle of 2,Generic,grains,Garri Yellow,BS-GENERIC-GARRI-YELLOW-10KG-0048-B2,false,,,,10kg x 2,item,12200,16.0,14150,0,5,,Generic Garri Yellow 10kg Nigeria product pack bundle 2,Pending automated product-image enrichment,Estimated staging price — supplier verification required,,,Nigeria/Imported,2026-08-10,"Stage catalogue item; verify exact pack, image and supplier price before live sale.",,,,,unverified,35,0,pending-full,generated-staging
Garri Yellow 25kg - Bundle of 2,Generic,grains,Garri Yellow,BS-GENERIC-GARRI-YELLOW-25KG-0049-B2,false,,,,25kg x 2,item,32600,16.0,37800,0,5,,Generic Garri Yellow 25kg Nigeria product pack bundle 2,Pending automated product-image enrichment,Estimated staging price — supplier verification required,,,Nigeria/Imported,2026-08-10,"Stage catalogue item; verify exact pack, image and supplier price before live sale.",,,,,unverified,35,0,pending-full,generated-staging
Golden Penny Semolina 500g - Bundle of 2,Golden Penny,grains,Semolina,BS-GOLDEN-P-SEMOLINA-500G-0050-B2,false,,,,500g x 2,item,850,16.0,1000,0,5,,Golden Penny Semolina 500g Nigeria product pack bundle 2,Pending automated product-image enrichment,Estimated staging price — supplier verification required,,,Nigeria/Imported,2026-08-10,"Stage catalogue item; verify exact pack, image and supplier price before live sale.",,,,,unverified,35,0,pending-full,generated-staging
Golden Penny Semolina 1kg - Bundle of 2,Golden Penny,grains,Semolina,BS-GOLDEN-P-SEMOLINA-1KG-0051-B2,false,,,,1kg x 2,item,1750,16.0,2050,0,5,,Golden Penny Semolina 1kg Nigeria product pack bundle 2,Pending automated product-image enrichment,Estimated staging price — supplier verification required,,,Nigeria/Imported,2026-08-10,"Stage catalogue item; verify exact pack, image and supplier price before live sale.",,,,,unverified,35,0,pending-full,generated-staging
Golden Penny Semolina 2kg - Bundle of 2,Golden Penny,grains,Semolina,BS-GOLDEN-P-SEMOLINA-2KG-0052-B2,false,,,,2kg x 2,item,3300,16.0,3850,0,5,,Golden Penny Semolina 2kg Nigeria product pack bundle 2,Pending automated product-image enrichment,Estimated staging price — supplier verification required,,,Nigeria/Imported,2026-08-10,"Stage catalogue item; verify exact pack, image and supplier price before live sale.",,,,,unverified,35,0,pending-full,generated-staging
Golden Penny Semolina 5kg - Bundle of 2,Golden Penny,grains,Semolina,BS-GOLDEN-P-SEMOLINA-5KG-0053-B2,false,,,,5kg x 2,item,8450,16.0,9800,0,5,,Golden Penny Semolina 5kg Nigeria product pack bundle 2,Pending automated product-image enrichment,Estimated staging price — supplier verification required,,,Nigeria/Imported,2026-08-10,"Stage catalogue item; verify exact pack, image and supplier price before live sale.",,,,,unverified,35,0,pending-full,generated-staging
Golden Penny Semolina 10kg - Bundle of 2,Golden Penny,grains,Semolina,BS-GOLDEN-P-SEMOLINA-10KG-0054-B2,false,,,,10kg x 2,item,19000,16.0,22050,0,5,,Golden Penny Semolina 10kg Nigeria product pack bundle 2,Pending automated product-image enrichment,Estimated staging price — supplier verification required,,,Nigeria/Imported,2026-08-10,"Stage catalogue item; verify exact pack, image and supplier price before live sale.",,,,,unverified,35,0,pending-full,generated-staging
Honeywell Semolina 500g - Bundle of 2,Honeywell,grains,Semolina,BS-HONEYWEL-SEMOLINA-500G-0055-B2,false,,,,500g x 2,item,950,16.0,1100,0,5,,Honeywell Semolina 500g Nigeria product pack bundle 2,Pending automated product-image enrichment,Estimated staging price — supplier verification required,,,Nigeria/Imported,2026-08-10,"Stage catalogue item; verify exact pack, image and supplier price before live sale.",,,,,unverified,35,0,pending-full,generated-staging
Honeywell Semolina 1kg - Bundle of 2,Honeywell,grains,Semolina,BS-HONEYWEL-SEMOLINA-1KG-0056-B2,false,,,,1kg x 2,item,1850,16.0,2150,0,5,,Honeywell Semolina 1kg Nigeria product pack bundle 2,Pending automated product-image enrichment,Estimated staging price — supplier verification required,,,Nigeria/Imported,2026-08-10,"Stage catalogue item; verify exact pack, image and supplier price before live sale.",,,,,unverified,35,0,pending-full,generated-staging
Honeywell Semolina 2kg - Bundle of 2,Honeywell,grains,Semolina,BS-HONEYWEL-SEMOLINA-2KG-0057-B2,false,,,,2kg x 2,item,3400,16.0,3950,0,5,,Honeywell Semolina 2kg Nigeria product pack bundle 2,Pending automated product-image enrichment,Estimated staging price — supplier verification required,,,Nigeria/Imported,2026-08-10,"Stage catalogue item; verify exact pack, image and supplier price before live sale.",,,,,unverified,35,0,pending-full,generated-staging
Honeywell Semolina 5kg - Bundle of 2,Honeywell,grains,Semolina,BS-HONEYWEL-SEMOLINA-5KG-0058-B2,false,,,,5kg x 2,item,9400,16.0,10900,0,5,,Honeywell Semolina 5kg Nigeria product pack bundle 2,Pending automated product-image enrichment,Estimated staging price — supplier verification required,,,Nigeria/Imported,2026-08-10,"Stage catalogue item; verify exact pack, image and supplier price before live sale.",,,,,unverified,35,0,pending-full,generated-staging
Honeywell Semolina 10kg - Bundle of 2,Honeywell,grains,Semolina,BS-HONEYWEL-SEMOLINA-10KG-0059-B2,false,,,,10kg x 2,item,17000,16.0,19700,0,5,,Honeywell Semolina 10kg Nigeria product pack bundle 2,Pending automated product-image enrichment,Estimated staging price — supplier verification required,,,Nigeria/Imported,2026-08-10,"Stage catalogue item; verify exact pack, image and supplier price before live sale.",,,,,unverified,35,0,pending-full,generated-staging
Golden Penny Wheat Meal 500g - Bundle of 2,Golden Penny,grains,Wheat Meal,BS-GOLDEN-P-WHEAT-MEAL-500G-0060-B2,false,,,,500g x 2,item,800,16.0,950,0,5,,Golden Penny Wheat Meal 500g Nigeria product pack bundle 2,Pending automated product-image enrichment,Estimated staging price — supplier verification required,,,Nigeria/Imported,2026-08-10,"Stage catalogue item; verify exact pack, image and supplier price before live sale.",,,,,unverified,35,0,pending-full,generated-staging
Golden Penny Wheat Meal 1kg - Bundle of 2,Golden Penny,grains,Wheat Meal,BS-GOLDEN-P-WHEAT-MEAL-1KG-0061-B2,false,,,,1kg x 2,item,1850,16.0,2150,0,5,,Golden Penny Wheat Meal 1kg Nigeria product pack bundle 2,Pending automated product-image enrichment,Estimated staging price — supplier verification required,,,Nigeria/Imported,2026-08-10,"Stage catalogue item; verify exact pack, image and supplier price before live sale.",,,,,unverified,35,0,pending-full,generated-staging
Golden Penny Wheat Meal 2kg - Bundle of 2,Golden Penny,grains,Wheat Meal,BS-GOLDEN-P-WHEAT-MEAL-2KG-0062-B2,false,,,,2kg x 2,item,3400,16.0,3950,0,5,,Golden Penny Wheat Meal 2kg Nigeria product pack bundle 2,Pending automated product-image enrichment,Estimated staging price — supplier verification required,,,Nigeria/Imported,2026-08-10,"Stage catalogue item; verify exact pack, image and supplier price before live sale.",,,,,unverified,35,0,pending-full,generated-staging
Golden Penny Wheat Meal 5kg - Bundle of 2,Golden Penny,grains,Wheat Meal,BS-GOLDEN-P-WHEAT-MEAL-5KG-0063-B2,false,,,,5kg x 2,item,8450,16.0,9800,0,5,,Golden Penny Wheat Meal 5kg Nigeria product pack bundle 2,Pending automated product-image enrichment,Estimated staging price — supplier verification required,,,Nigeria/Imported,2026-08-10,"Stage catalogue item; verify exact pack, image and supplier price before live sale.",,,,,unverified,35,0,pending-full,generated-staging
Honeywell Wheat Meal 500g - Bundle of 2,Honeywell,grains,Wheat Meal,BS-HONEYWEL-WHEAT-MEAL-500G-0064-B2,false,,,,500g x 2,item,850,16.0,1000,0,5,,Honeywell Wheat Meal 500g Nigeria product pack bundle 2,Pending automated product-image enrichment,Estimated staging price — supplier verification required,,,Nigeria/Imported,2026-08-10,"Stage catalogue item; verify exact pack, image and supplier price before live sale.",,,,,unverified,35,0,pending-full,generated-staging
Honeywell Wheat Meal 1kg - Bundle of 2,Honeywell,grains,Wheat Meal,BS-HONEYWEL-WHEAT-MEAL-1KG-0065-B2,false,,,,1kg x 2,item,1850,16.0,2150,0,5,,Honeywell Wheat Meal 1kg Nigeria product pack bundle 2,Pending automated product-image enrichment,Estimated staging price — supplier verification required,,,Nigeria/Imported,2026-08-10,"Stage catalogue item; verify exact pack, image and supplier price before live sale.",,,,,unverified,35,0,pending-full,generated-staging
Honeywell Wheat Meal 2kg - Bundle of 2,Honeywell,grains,Wheat Meal,BS-HONEYWEL-WHEAT-MEAL-2KG-0066-B2,false,,,,2kg x 2,item,3600,16.0,4200,0,5,,Honeywell Wheat Meal 2kg Nigeria product pack bundle 2,Pending automated product-image enrichment,Estimated staging price — supplier verification required,,,Nigeria/Imported,2026-08-10,"Stage catalogue item; verify exact pack, image and supplier price before live sale.",,,,,unverified,35,0,pending-full,generated-staging
Honeywell Wheat Meal 5kg - Bundle of 2,Honeywell,grains,Wheat Meal,BS-HONEYWEL-WHEAT-MEAL-5KG-0067-B2,false,,,,5kg x 2,item,8150,16.0,9450,0,5,,Honeywell Wheat Meal 5kg Nigeria product pack bundle 2,Pending automated product-image enrichment,Estimated staging price — supplier verification required,,,Nigeria/Imported,2026-08-10,"Stage catalogue item; verify exact pack, image and supplier price before live sale.",,,,,unverified,35,0,pending-full,generated-staging
Golden Penny Spaghetti 500g - Bundle of 2,Golden Penny,grains,Spaghetti,BS-GOLDEN-P-SPAGHETTI-500G-0068-B2,false,,,,500g x 2,item,800,16.0,950,0,5,,Golden Penny Spaghetti 500g Nigeria product pack bundle 2,Pending automated product-image enrichment,Estimated staging price — supplier verification required,,,Nigeria/Imported,2026-08-10,"Stage catalogue item; verify exact pack, image and supplier price before live sale.",,,,,unverified,35,0,pending-full,generated-staging
Golden Penny Spaghetti 500g x 20 - Bundle of 2,Golden Penny,grains,Spaghetti,BS-GOLDEN-P-SPAGHETTI-500G-X-20-0069-B2,false,,,,500g x 20 x 2,item,17050,16.0,19800,0,5,,Golden Penny Spaghetti 500g x 20 Nigeria product pack bundle 2,Pending automated product-image enrichment,Estimated staging price — supplier verification required,,,Nigeria/Imported,2026-08-10,"Stage catalogue item; verify exact pack, image and supplier price before live sale.",,,,,unverified,35,0,pending-full,generated-staging
Dangote Spaghetti 500g - Bundle of 2,Dangote,grains,Spaghetti,BS-DANGOTE-SPAGHETTI-500G-0070-B2,false,,,,500g x 2,item,850,16.0,1000,0,5,,Dangote Spaghetti 500g Nigeria product pack bundle 2,Pending automated product-image enrichment,Estimated staging price — supplier verification required,,,Nigeria/Imported,2026-08-10,"Stage catalogue item; verify exact pack, image and supplier price before live sale.",,,,,unverified,35,0,pending-full,generated-staging
Dangote Spaghetti 500g x 20 - Bundle of 2,Dangote,grains,Spaghetti,BS-DANGOTE-SPAGHETTI-500G-X-20-0071-B2,false,,,,500g x 20 x 2,item,16400,16.0,19000,0,5,,Dangote Spaghetti 500g x 20 Nigeria product pack bundle 2,Pending automated product-image enrichment,Estimated staging price — supplier verification required,,,Nigeria/Imported,2026-08-10,"Stage catalogue item; verify exact pack, image and supplier price before live sale.",,,,,unverified,35,0,pending-full,generated-staging
Honeywell Spaghetti 500g - Bundle of 2,Honeywell,grains,Spaghetti,BS-HONEYWEL-SPAGHETTI-500G-0072-B2,false,,,,500g x 2,item,950,16.0,1100,0,5,,Honeywell Spaghetti 500g Nigeria product pack bundle 2,Pending automated product-image enrichment,Estimated staging price — supplier verification required,,,Nigeria/Imported,2026-08-10,"Stage catalogue item; verify exact pack, image and supplier price before live sale.",,,,,unverified,35,0,pending-full,generated-staging
Honeywell Spaghetti 500g x 20 - Bundle of 2,Honeywell,grains,Spaghetti,BS-HONEYWEL-SPAGHETTI-500G-X-20-0073-B2,false,,,,500g x 20 x 2,item,18800,16.0,21800,0,5,,Honeywell Spaghetti 500g x 20 Nigeria product pack bundle 2,Pending automated product-image enrichment,Estimated staging price — supplier verification required,,,Nigeria/Imported,2026-08-10,"Stage catalogue item; verify exact pack, image and supplier price before live sale.",,,,,unverified,35,0,pending-full,generated-staging
Golden Penny Macaroni 500g - Bundle of 2,Golden Penny,grains,Macaroni,BS-GOLDEN-P-MACARONI-500G-0074-B2,false,,,,500g x 2,item,850,16.0,1000,0,5,,Golden Penny Macaroni 500g Nigeria product pack bundle 2,Pending automated product-image enrichment,Estimated staging price — supplier verification required,,,Nigeria/Imported,2026-08-10,"Stage catalogue item; verify exact pack, image and supplier price before live sale.",,,,,unverified,35,0,pending-full,generated-staging
Golden Penny Macaroni 500g x 20 - Bundle of 2,Golden Penny,grains,Macaroni,BS-GOLDEN-P-MACARONI-500G-X-20-0075-B2,false,,,,500g x 20 x 2,item,18150,16.0,21050,0,5,,Golden Penny Macaroni 500g x 20 Nigeria product pack bundle 2,Pending automated product-image enrichment,Estimated staging price — supplier verification required,,,Nigeria/Imported,2026-08-10,"Stage catalogue item; verify exact pack, image and supplier price before live sale.",,,,,unverified,35,0,pending-full,generated-staging
Indomie Noodles Chicken 70g - Bundle of 2,Indomie,grains,Noodles Chicken,BS-INDOMIE-NOODLES-CHIC-70G-0076-B2,false,,,,70g x 2,item,300,16.0,350,0,5,,Indomie Noodles Chicken 70g Nigeria product pack bundle 2,Pending automated product-image enrichment,Estimated staging price — supplier verification required,,,Nigeria/Imported,2026-08-10,"Stage catalogue item; verify exact pack, image and supplier price before live sale.",,,,,unverified,35,0,pending-full,generated-staging
Indomie Noodles Chicken 70g x 40 - Bundle of 2,Indomie,grains,Noodles Chicken,BS-INDOMIE-NOODLES-CHIC-70G-X-40-0077-B2,false,,,,70g x 40 x 2,item,1350,16.0,1550,0,5,,Indomie Noodles Chicken 70g x 40 Nigeria product pack bundle 2,Pending automated product-image enrichment,Estimated staging price — supplier verification required,,,Nigeria/Imported,2026-08-10,"Stage catalogue item; verify exact pack, image and supplier price before live sale.",,,,,unverified,35,0,pending-full,generated-staging
Indomie Noodles Chicken 120g - Bundle of 2,Indomie,grains,Noodles Chicken,BS-INDOMIE-NOODLES-CHIC-120G-0078-B2,false,,,,120g x 2,item,300,16.0,350,0,5,,Indomie Noodles Chicken 120g Nigeria product pack bundle 2,Pending automated product-image enrichment,Estimated staging price — supplier verification required,,,Nigeria/Imported,2026-08-10,"Stage catalogue item; verify exact pack, image and supplier price before live sale.",,,,,unverified,35,0,pending-full,generated-staging
Indomie Noodles Chicken 120g x 40 - Bundle of 2,Indomie,grains,Noodles Chicken,BS-INDOMIE-NOODLES-CHIC-120G-X-40-0079-B2,false,,,,120g x 40 x 2,item,2050,16.0,2400,0,5,,Indomie Noodles Chicken 120g x 40 Nigeria product pack bundle 2,Pending automated product-image enrichment,Estimated staging price — supplier verification required,,,Nigeria/Imported,2026-08-10,"Stage catalogue item; verify exact pack, image and supplier price before live sale.",,,,,unverified,35,0,pending-full,generated-staging
Indomie Noodles Onion Chicken 70g - Bundle of 2,Indomie,grains,Noodles Onion Chicken,BS-INDOMIE-NOODLES-ONIO-70G-0080-B2,false,,,,70g x 2,item,300,16.0,350,0,5,,Indomie Noodles Onion Chicken 70g Nigeria product pack bundle 2,Pending automated product-image enrichment,Estimated staging price — supplier verification required,,,Nigeria/Imported,2026-08-10,"Stage catalogue item; verify exact pack, image and supplier price before live sale.",,,,,unverified,35,0,pending-full,generated-staging
Indomie Noodles Onion Chicken 70g x 40 - Bundle of 2,Indomie,grains,Noodles Onion Chicken,BS-INDOMIE-NOODLES-ONIO-70G-X-40-0081-B2,false,,,,70g x 40 x 2,item,1250,16.0,1450,0,5,,Indomie Noodles Onion Chicken 70g x 40 Nigeria product pack bundle 2,Pending automated product-image enrichment,Estimated staging price — supplier verification required,,,Nigeria/Imported,2026-08-10,"Stage catalogue item; verify exact pack, image and supplier price before live sale.",,,,,unverified,35,0,pending-full,generated-staging
Indomie Noodles Oriental 70g - Bundle of 2,Indomie,grains,Noodles Oriental,BS-INDOMIE-NOODLES-ORIE-70G-0082-B2,false,,,,70g x 2,item,300,16.0,350,0,5,,Indomie Noodles Oriental 70g Nigeria product pack bundle 2,Pending automated product-image enrichment,Estimated staging price — supplier verification required,,,Nigeria/Imported,2026-08-10,"Stage catalogue item; verify exact pack, image and supplier price before live sale.",,,,,unverified,35,0,pending-full,generated-staging
Indomie Noodles Oriental 70g x 40 - Bundle of 2,Indomie,grains,Noodles Oriental,BS-INDOMIE-NOODLES-ORIE-70G-X-40-0083-B2,false,,,,70g x 40 x 2,item,1250,16.0,1450,0,5,,Indomie Noodles Oriental 70g x 40 Nigeria product pack bundle 2,Pending automated product-image enrichment,Estimated staging price — supplier verification required,,,Nigeria/Imported,2026-08-10,"Stage catalogue item; verify exact pack, image and supplier price before live sale.",,,,,unverified,35,0,pending-full,generated-staging
Golden Penny Noodles Chicken 70g - Bundle of 2,Golden Penny,grains,Noodles Chicken,BS-GOLDEN-P-NOODLES-CHIC-70G-0084-B2,false,,,,70g x 2,item,300,16.0,350,0,5,,Golden Penny Noodles Chicken 70g Nigeria product pack bundle 2,Pending automated product-image enrichment,Estimated staging price — supplier verification required,,,Nigeria/Imported,2026-08-10,"Stage catalogue item; verify exact pack, image and supplier price before live sale.",,,,,unverified,35,0,pending-full,generated-staging
Golden Penny Noodles Chicken 70g x 40 - Bundle of 2,Golden Penny,grains,Noodles Chicken,BS-GOLDEN-P-NOODLES-CHIC-70G-X-40-0085-B2,false,,,,70g x 40 x 2,item,1050,16.0,1200,0,5,,Golden Penny Noodles Chicken 70g x 40 Nigeria product pack bundle 2,Pending automated product-image enrichment,Estimated staging price — supplier verification required,,,Nigeria/Imported,2026-08-10,"Stage catalogue item; verify exact pack, image and supplier price before live sale.",,,,,unverified,35,0,pending-full,generated-staging
Quaker Oats 500g - Bundle of 2,Quaker,grains,Oats,BS-QUAKER-OATS-500G-0086-B2,false,,,,500g x 2,item,2050,16.0,2400,0,5,,Quaker Oats 500g Nigeria product pack bundle 2,Pending automated product-image enrichment,Estimated staging price — supplier verification required,,,Nigeria/Imported,2026-08-10,"Stage catalogue item; verify exact pack, image and supplier price before live sale.",,,,,unverified,35,0,pending-full,generated-staging
Quaker Oats 1kg - Bundle of 2,Quaker,grains,Oats,BS-QUAKER-OATS-1KG-0087-B2,false,,,,1kg x 2,item,4650,16.0,5400,0,5,,Quaker Oats 1kg Nigeria product pack bundle 2,Pending automated product-image enrichment,Estimated staging price — supplier verification required,,,Nigeria/Imported,2026-08-10,"Stage catalogue item; verify exact pack, image and supplier price before live sale.",,,,,unverified,35,0,pending-full,generated-staging
Nasco Corn Flakes 350g - Bundle of 2,Nasco,grains,Corn Flakes,BS-NASCO-CORN-FLAKES-350G-0088-B2,false,,,,350g x 2,item,1250,16.0,1450,0,5,,Nasco Corn Flakes 350g Nigeria product pack bundle 2,Pending automated product-image enrichment,Estimated staging price — supplier verification required,,,Nigeria/Imported,2026-08-10,"Stage catalogue item; verify exact pack, image and supplier price before live sale.",,,,,unverified,35,0,pending-full,generated-staging
Nasco Corn Flakes 500g - Bundle of 2,Nasco,grains,Corn Flakes,BS-NASCO-CORN-FLAKES-500G-0089-B2,false,,,,500g x 2,item,1650,16.0,1900,0,5,,Nasco Corn Flakes 500g Nigeria product pack bundle 2,Pending automated product-image enrichment,Estimated staging price — supplier verification required,,,Nigeria/Imported,2026-08-10,"Stage catalogue item; verify exact pack, image and supplier price before live sale.",,,,,unverified,35,0,pending-full,generated-staging
Nasco Corn Flakes 1kg - Bundle of 2,Nasco,grains,Corn Flakes,BS-NASCO-CORN-FLAKES-1KG-0090-B2,false,,,,1kg x 2,item,3200,16.0,3700,0,5,,Nasco Corn Flakes 1kg Nigeria product pack bundle 2,Pending automated product-image enrichment,Estimated staging price — supplier verification required,,,Nigeria/Imported,2026-08-10,"Stage catalogue item; verify exact pack, image and supplier price before live sale.",,,,,unverified,35,0,pending-full,generated-staging
Kellogg's Corn Flakes 350g - Bundle of 2,Kellogg's,grains,Corn Flakes,BS-KELLOGG--CORN-FLAKES-350G-0091-B2,false,,,,350g x 2,item,1650,16.0,1900,0,5,,Kellogg's Corn Flakes 350g Nigeria product pack bundle 2,Pending automated product-image enrichment,Estimated staging price — supplier verification required,,,Nigeria/Imported,2026-08-10,"Stage catalogue item; verify exact pack, image and supplier price before live sale.",,,,,unverified,35,0,pending-full,generated-staging
Kellogg's Corn Flakes 500g - Bundle of 2,Kellogg's,grains,Corn Flakes,BS-KELLOGG--CORN-FLAKES-500G-0092-B2,false,,,,500g x 2,item,2600,16.0,3000,0,5,,Kellogg's Corn Flakes 500g Nigeria product pack bundle 2,Pending automated product-image enrichment,Estimated staging price — supplier verification required,,,Nigeria/Imported,2026-08-10,"Stage catalogue item; verify exact pack, image and supplier price before live sale.",,,,,unverified,35,0,pending-full,generated-staging
Kellogg's Corn Flakes 1kg - Bundle of 2,Kellogg's,grains,Corn Flakes,BS-KELLOGG--CORN-FLAKES-1KG-0093-B2,false,,,,1kg x 2,item,5350,16.0,6200,0,5,,Kellogg's Corn Flakes 1kg Nigeria product pack bundle 2,Pending automated product-image enrichment,Estimated staging price — supplier verification required,,,Nigeria/Imported,2026-08-10,"Stage catalogue item; verify exact pack, image and supplier price before live sale.",,,,,unverified,35,0,pending-full,generated-staging
Checkers Custard Vanilla 500g - Bundle of 2,Checkers,grains,Custard Vanilla,BS-CHECKERS-CUSTARD-VANI-500G-0094-B2,false,,,,500g x 2,item,1150,16.0,1350,0,5,,Checkers Custard Vanilla 500g Nigeria product pack bundle 2,Pending automated product-image enrichment,Estimated staging price — supplier verification required,,,Nigeria/Imported,2026-08-10,"Stage catalogue item; verify exact pack, image and supplier price before live sale.",,,,,unverified,35,0,pending-full,generated-staging
Checkers Custard Vanilla 1kg - Bundle of 2,Checkers,grains,Custard Vanilla,BS-CHECKERS-CUSTARD-VANI-1KG-0095-B2,false,,,,1kg x 2,item,2150,16.0,2500,0,5,,Checkers Custard Vanilla 1kg Nigeria product pack bundle 2,Pending automated product-image enrichment,Estimated staging price — supplier verification required,,,Nigeria/Imported,2026-08-10,"Stage catalogue item; verify exact pack, image and supplier price before live sale.",,,,,unverified,35,0,pending-full,generated-staging
Checkers Custard Vanilla 2kg - Bundle of 2,Checkers,grains,Custard Vanilla,BS-CHECKERS-CUSTARD-VANI-2KG-0096-B2,false,,,,2kg x 2,item,4550,16.0,5300,0,5,,Checkers Custard Vanilla 2kg Nigeria product pack bundle 2,Pending automated product-image enrichment,Estimated staging price — supplier verification required,,,Nigeria/Imported,2026-08-10,"Stage catalogue item; verify exact pack, image and supplier price before live sale.",,,,,unverified,35,0,pending-full,generated-staging
Bird's Custard Vanilla 450g - Bundle of 2,Bird's,grains,Custard Vanilla,BS-BIRD-S-CUSTARD-VANI-450G-0097-B2,false,,,,450g x 2,item,1450,16.0,1700,0,5,,Bird's Custard Vanilla 450g Nigeria product pack bundle 2,Pending automated product-image enrichment,Estimated staging price — supplier verification required,,,Nigeria/Imported,2026-08-10,"Stage catalogue item; verify exact pack, image and supplier price before live sale.",,,,,unverified,35,0,pending-full,generated-staging
Bird's Custard Vanilla 1kg - Bundle of 2,Bird's,grains,Custard Vanilla,BS-BIRD-S-CUSTARD-VANI-1KG-0098-B2,false,,,,1kg x 2,item,2900,16.0,3350,0,5,,Bird's Custard Vanilla 1kg Nigeria product pack bundle 2,Pending automated product-image enrichment,Estimated staging price — supplier verification required,,,Nigeria/Imported,2026-08-10,"Stage catalogue item; verify exact pack, image and supplier price before live sale.",,,,,unverified,35,0,pending-full,generated-staging
Golden Penny Flour 1kg - Bundle of 2,Golden Penny,grains,Flour,BS-GOLDEN-P-FLOUR-1KG-0099-B2,false,,,,1kg x 2,item,1850,16.0,2150,0,5,,Golden Penny Flour 1kg Nigeria product pack bundle 2,Pending automated product-image enrichment,Estimated staging price — supplier verification required,,,Nigeria/Imported,2026-08-10,"Stage catalogue item; verify exact pack, image and supplier price before live sale.",,,,,unverified,35,0,pending-full,generated-staging
Golden Penny Flour 2kg - Bundle of 2,Golden Penny,grains,Flour,BS-GOLDEN-P-FLOUR-2KG-0100-B2,false,,,,2kg x 2,item,3600,16.0,4200,0,5,,Golden Penny Flour 2kg Nigeria product pack bundle 2,Pending automated product-image enrichment,Estimated staging price — supplier verification required,,,Nigeria/Imported,2026-08-10,"Stage catalogue item; verify exact pack, image and supplier price before live sale.",,,,,unverified,35,0,pending-full,generated-staging
Golden Penny Flour 5kg - Bundle of 2,Golden Penny,grains,Flour,BS-GOLDEN-P-FLOUR-5KG-0101-B2,false,,,,5kg x 2,item,7550,16.0,8750,0,5,,Golden Penny Flour 5kg Nigeria product pack bundle 2,Pending automated product-image enrichment,Estimated staging price — supplier verification required,,,Nigeria/Imported,2026-08-10,"Stage catalogue item; verify exact pack, image and supplier price before live sale.",,,,,unverified,35,0,pending-full,generated-staging
Golden Penny Flour 10kg - Bundle of 2,Golden Penny,grains,Flour,BS-GOLDEN-P-FLOUR-10KG-0102-B2,false,,,,10kg x 2,item,17250,16.0,20000,0,5,,Golden Penny Flour 10kg Nigeria product pack bundle 2,Pending automated product-image enrichment,Estimated staging price — supplier verification required,,,Nigeria/Imported,2026-08-10,"Stage catalogue item; verify exact pack, image and supplier price before live sale.",,,,,unverified,35,0,pending-full,generated-staging
Golden Penny Flour 25kg - Bundle of 2,Golden Penny,grains,Flour,BS-GOLDEN-P-FLOUR-25KG-0103-B2,false,,,,25kg x 2,item,42950,16.0,49800,0,5,,Golden Penny Flour 25kg Nigeria product pack bundle 2,Pending automated product-image enrichment,Estimated staging price — supplier verification required,,,Nigeria/Imported,2026-08-10,"Stage catalogue item; verify exact pack, image and supplier price before live sale.",,,,,unverified,35,0,pending-full,generated-staging
Golden Penny Flour 50kg - Bundle of 2,Golden Penny,grains,Flour,BS-GOLDEN-P-FLOUR-50KG-0104-B2,false,,,,50kg x 2,item,83800,16.0,97200,0,5,,Golden Penny Flour 50kg Nigeria product pack bundle 2,Pending automated product-image enrichment,Estimated staging price — supplier verification required,,,Nigeria/Imported,2026-08-10,"Stage catalogue item; verify exact pack, image and supplier price before live sale.",,,,,unverified,35,0,pending-full,generated-staging
Honeywell Flour 1kg - Bundle of 2,Honeywell,grains,Flour,BS-HONEYWEL-FLOUR-1KG-0105-B2,false,,,,1kg x 2,item,1650,16.0,1900,0,5,,Honeywell Flour 1kg Nigeria product pack bundle 2,Pending automated product-image enrichment,Estimated staging price — supplier verification required,,,Nigeria/Imported,2026-08-10,"Stage catalogue item; verify exact pack, image and supplier price before live sale.",,,,,unverified,35,0,pending-full,generated-staging
Honeywell Flour 2kg - Bundle of 2,Honeywell,grains,Flour,BS-HONEYWEL-FLOUR-2KG-0106-B2,false,,,,2kg x 2,item,3500,16.0,4050,0,5,,Honeywell Flour 2kg Nigeria product pack bundle 2,Pending automated product-image enrichment,Estimated staging price — supplier verification required,,,Nigeria/Imported,2026-08-10,"Stage catalogue item; verify exact pack, image and supplier price before live sale.",,,,,unverified,35,0,pending-full,generated-staging
Honeywell Flour 5kg - Bundle of 2,Honeywell,grains,Flour,BS-HONEYWEL-FLOUR-5KG-0107-B2,false,,,,5kg x 2,item,7950,16.0,9200,0,5,,Honeywell Flour 5kg Nigeria product pack bundle 2,Pending automated product-image enrichment,Estimated staging price — supplier verification required,,,Nigeria/Imported,2026-08-10,"Stage catalogue item; verify exact pack, image and supplier price before live sale.",,,,,unverified,35,0,pending-full,generated-staging
Honeywell Flour 10kg - Bundle of 2,Honeywell,grains,Flour,BS-HONEYWEL-FLOUR-10KG-0108-B2,false,,,,10kg x 2,item,16900,16.0,19600,0,5,,Honeywell Flour 10kg Nigeria product pack bundle 2,Pending automated product-image enrichment,Estimated staging price — supplier verification required,,,Nigeria/Imported,2026-08-10,"Stage catalogue item; verify exact pack, image and supplier price before live sale.",,,,,unverified,35,0,pending-full,generated-staging
Honeywell Flour 25kg - Bundle of 2,Honeywell,grains,Flour,BS-HONEYWEL-FLOUR-25KG-0109-B2,false,,,,25kg x 2,item,42300,16.0,49050,0,5,,Honeywell Flour 25kg Nigeria product pack bundle 2,Pending automated product-image enrichment,Estimated staging price — supplier verification required,,,Nigeria/Imported,2026-08-10,"Stage catalogue item; verify exact pack, image and supplier price before live sale.",,,,,unverified,35,0,pending-full,generated-staging
Honeywell Flour 50kg - Bundle of 2,Honeywell,grains,Flour,BS-HONEYWEL-FLOUR-50KG-0110-B2,false,,,,50kg x 2,item,92150,16.0,106900,0,5,,Honeywell Flour 50kg Nigeria product pack bundle 2,Pending automated product-image enrichment,Estimated staging price — supplier verification required,,,Nigeria/Imported,2026-08-10,"Stage catalogue item; verify exact pack, image and supplier price before live sale.",,,,,unverified,35,0,pending-full,generated-staging
Dangote Sugar 500g - Bundle of 2,Dangote,grains,Sugar,BS-DANGOTE-SUGAR-500G-0111-B2,false,,,,500g x 2,item,950,16.0,1100,0,5,,Dangote Sugar 500g Nigeria product pack bundle 2,Pending automated product-image enrichment,Estimated staging price — supplier verification required,,,Nigeria/Imported,2026-08-10,"Stage catalogue item; verify exact pack, image and supplier price before live sale.",,,,,unverified,35,0,pending-full,generated-staging
Dangote Sugar 1kg - Bundle of 2,Dangote,grains,Sugar,BS-DANGOTE-SUGAR-1KG-0112-B2,false,,,,1kg x 2,item,1750,16.0,2050,0,5,,Dangote Sugar 1kg Nigeria product pack bundle 2,Pending automated product-image enrichment,Estimated staging price — supplier verification required,,,Nigeria/Imported,2026-08-10,"Stage catalogue item; verify exact pack, image and supplier price before live sale.",,,,,unverified,35,0,pending-full,generated-staging
Dangote Sugar 2kg - Bundle of 2,Dangote,grains,Sugar,BS-DANGOTE-SUGAR-2KG-0113-B2,false,,,,2kg x 2,item,3700,16.0,4300,0,5,,Dangote Sugar 2kg Nigeria product pack bundle 2,Pending automated product-image enrichment,Estimated staging price — supplier verification required,,,Nigeria/Imported,2026-08-10,"Stage catalogue item; verify exact pack, image and supplier price before live sale.",,,,,unverified,35,0,pending-full,generated-staging
Dangote Sugar 5kg - Bundle of 2,Dangote,grains,Sugar,BS-DANGOTE-SUGAR-5KG-0114-B2,false,,,,5kg x 2,item,8750,16.0,10150,0,5,,Dangote Sugar 5kg Nigeria product pack bundle 2,Pending automated product-image enrichment,Estimated staging price — supplier verification required,,,Nigeria/Imported,2026-08-10,"Stage catalogue item; verify exact pack, image and supplier price before live sale.",,,,,unverified,35,0,pending-full,generated-staging
Dangote Sugar 10kg - Bundle of 2,Dangote,grains,Sugar,BS-DANGOTE-SUGAR-10KG-0115-B2,false,,,,10kg x 2,item,20000,16.0,23200,0,5,,Dangote Sugar 10kg Nigeria product pack bundle 2,Pending automated product-image enrichment,Estimated staging price — supplier verification required,,,Nigeria/Imported,2026-08-10,"Stage catalogue item; verify exact pack, image and supplier price before live sale.",,,,,unverified,35,0,pending-full,generated-staging
Dangote Sugar 25kg - Bundle of 2,Dangote,grains,Sugar,BS-DANGOTE-SUGAR-25KG-0116-B2,false,,,,25kg x 2,item,49550,16.0,57500,0,5,,Dangote Sugar 25kg Nigeria product pack bundle 2,Pending automated product-image enrichment,Estimated staging price — supplier verification required,,,Nigeria/Imported,2026-08-10,"Stage catalogue item; verify exact pack, image and supplier price before live sale.",,,,,unverified,35,0,pending-full,generated-staging
Dangote Sugar 50kg - Bundle of 2,Dangote,grains,Sugar,BS-DANGOTE-SUGAR-50KG-0117-B2,false,,,,50kg x 2,item,89700,16.0,104050,0,5,,Dangote Sugar 50kg Nigeria product pack bundle 2,Pending automated product-image enrichment,Estimated staging price — supplier verification required,,,Nigeria/Imported,2026-08-10,"Stage catalogue item; verify exact pack, image and supplier price before live sale.",,,,,unverified,35,0,pending-full,generated-staging
BUA Sugar 500g - Bundle of 2,BUA,grains,Sugar,BS-BUA-SUGAR-500G-0118-B2,false,,,,500g x 2,item,950,16.0,1100,0,5,,BUA Sugar 500g Nigeria product pack bundle 2,Pending automated product-image enrichment,Estimated staging price — supplier verification required,,,Nigeria/Imported,2026-08-10,"Stage catalogue item; verify exact pack, image and supplier price before live sale.",,,,,unverified,35,0,pending-full,generated-staging
BUA Sugar 1kg - Bundle of 2,BUA,grains,Sugar,BS-BUA-SUGAR-1KG-0119-B2,false,,,,1kg x 2,item,1850,16.0,2150,0,5,,BUA Sugar 1kg Nigeria product pack bundle 2,Pending automated product-image enrichment,Estimated staging price — supplier verification required,,,Nigeria/Imported,2026-08-10,"Stage catalogue item; verify exact pack, image and supplier price before live sale.",,,,,unverified,35,0,pending-full,generated-staging
BUA Sugar 2kg - Bundle of 2,BUA,grains,Sugar,BS-BUA-SUGAR-2KG-0120-B2,false,,,,2kg x 2,item,3400,16.0,3950,0,5,,BUA Sugar 2kg Nigeria product pack bundle 2,Pending automated product-image enrichment,Estimated staging price — supplier verification required,,,Nigeria/Imported,2026-08-10,"Stage catalogue item; verify exact pack, image and supplier price before live sale.",,,,,unverified,35,0,pending-full,generated-staging
BUA Sugar 5kg - Bundle of 2,BUA,grains,Sugar,BS-BUA-SUGAR-5KG-0121-B2,false,,,,5kg x 2,item,9500,16.0,11000,0,5,,BUA Sugar 5kg Nigeria product pack bundle 2,Pending automated product-image enrichment,Estimated staging price — supplier verification required,,,Nigeria/Imported,2026-08-10,"Stage catalogue item; verify exact pack, image and supplier price before live sale.",,,,,unverified,35,0,pending-full,generated-staging
BUA Sugar 10kg - Bundle of 2,BUA,grains,Sugar,BS-BUA-SUGAR-10KG-0122-B2,false,,,,10kg x 2,item,18350,16.0,21300,0,5,,BUA Sugar 10kg Nigeria product pack bundle 2,Pending automated product-image enrichment,Estimated staging price — supplier verification required,,,Nigeria/Imported,2026-08-10,"Stage catalogue item; verify exact pack, image and supplier price before live sale.",,,,,unverified,35,0,pending-full,generated-staging
BUA Sugar 25kg - Bundle of 2,BUA,grains,Sugar,BS-BUA-SUGAR-25KG-0123-B2,false,,,,25kg x 2,item,47800,16.0,55450,0,5,,BUA Sugar 25kg Nigeria product pack bundle 2,Pending automated product-image enrichment,Estimated staging price — supplier verification required,,,Nigeria/Imported,2026-08-10,"Stage catalogue item; verify exact pack, image and supplier price before live sale.",,,,,unverified,35,0,pending-full,generated-staging
BUA Sugar 50kg - Bundle of 2,BUA,grains,Sugar,BS-BUA-SUGAR-50KG-0124-B2,false,,,,50kg x 2,item,91550,16.0,106200,0,5,,BUA Sugar 50kg Nigeria product pack bundle 2,Pending automated product-image enrichment,Estimated staging price — supplier verification required,,,Nigeria/Imported,2026-08-10,"Stage catalogue item; verify exact pack, image and supplier price before live sale.",,,,,unverified,35,0,pending-full,generated-staging
Devon King's Vegetable Oil 500ml - Bundle of 2,Devon King's,oil,Vegetable Oil,BS-DEVON-KI-VEGETABLE-OI-500ML-0125-B2,false,,,,500ml x 2,item,1650,14.0,1900,0,5,,Devon King's Vegetable Oil 500ml Nigeria product pack bundle 2,Pending automated product-image enrichment,Estimated staging price — supplier verification required,,,Nigeria/Imported,2026-08-10,"Stage catalogue item; verify exact pack, image and supplier price before live sale.",,,,,unverified,35,0,pending-full,generated-staging
Devon King's Vegetable Oil 1L - Bundle of 2,Devon King's,oil,Vegetable Oil,BS-DEVON-KI-VEGETABLE-OI-1L-0126-B2,false,,,,1L x 2,item,3400,14.0,3900,0,5,,Devon King's Vegetable Oil 1L Nigeria product pack bundle 2,Pending automated product-image enrichment,Estimated staging price — supplier verification required,,,Nigeria/Imported,2026-08-10,"Stage catalogue item; verify exact pack, image and supplier price before live sale.",,,,,unverified,35,0,pending-full,generated-staging
Devon King's Vegetable Oil 2L - Bundle of 2,Devon King's,oil,Vegetable Oil,BS-DEVON-KI-VEGETABLE-OI-2L-0127-B2,false,,,,2L x 2,item,6400,14.0,7300,0,5,,Devon King's Vegetable Oil 2L Nigeria product pack bundle 2,Pending automated product-image enrichment,Estimated staging price — supplier verification required,,,Nigeria/Imported,2026-08-10,"Stage catalogue item; verify exact pack, image and supplier price before live sale.",,,,,unverified,35,0,pending-full,generated-staging
Devon King's Vegetable Oil 3L - Bundle of 2,Devon King's,oil,Vegetable Oil,BS-DEVON-KI-VEGETABLE-OI-3L-0128-B2,false,,,,3L x 2,item,11350,14.0,12950,0,5,,Devon King's Vegetable Oil 3L Nigeria product pack bundle 2,Pending automated product-image enrichment,Estimated staging price — supplier verification required,,,Nigeria/Imported,2026-08-10,"Stage catalogue item; verify exact pack, image and supplier price before live sale.",,,,,unverified,35,0,pending-full,generated-staging
Devon King's Vegetable Oil 5L - Bundle of 2,Devon King's,oil,Vegetable Oil,BS-DEVON-KI-VEGETABLE-OI-5L-0129-B2,false,,,,5L x 2,item,18800,14.0,21450,0,5,,Devon King's Vegetable Oil 5L Nigeria product pack bundle 2,Pending automated product-image enrichment,Estimated staging price — supplier verification required,,,Nigeria/Imported,2026-08-10,"Stage catalogue item; verify exact pack, image and supplier price before live sale.",,,,,unverified,35,0,pending-full,generated-staging
Devon King's Vegetable Oil 25L - Bundle of 2,Devon King's,oil,Vegetable Oil,BS-DEVON-KI-VEGETABLE-OI-25L-0130-B2,false,,,,25L x 2,item,93400,14.0,106500,0,5,,Devon King's Vegetable Oil 25L Nigeria product pack bundle 2,Pending automated product-image enrichment,Estimated staging price — supplier verification required,,,Nigeria/Imported,2026-08-10,"Stage catalogue item; verify exact pack, image and supplier price before live sale.",,,,,unverified,35,0,pending-full,generated-staging
Power Oil Vegetable Oil 500ml - Bundle of 2,Power Oil,oil,Vegetable Oil,BS-POWER-OI-VEGETABLE-OI-500ML-0131-B2,false,,,,500ml x 2,item,1850,14.0,2100,0,5,,Power Oil Vegetable Oil 500ml Nigeria product pack bundle 2,Pending automated product-image enrichment,Estimated staging price — supplier verification required,,,Nigeria/Imported,2026-08-10,"Stage catalogue item; verify exact pack, image and supplier price before live sale.",,,,,unverified,35,0,pending-full,generated-staging
Power Oil Vegetable Oil 750ml - Bundle of 2,Power Oil,oil,Vegetable Oil,BS-POWER-OI-VEGETABLE-OI-750ML-0132-B2,false,,,,750ml x 2,item,2600,14.0,2950,0,5,,Power Oil Vegetable Oil 750ml Nigeria product pack bundle 2,Pending automated product-image enrichment,Estimated staging price — supplier verification required,,,Nigeria/Imported,2026-08-10,"Stage catalogue item; verify exact pack, image and supplier price before live sale.",,,,,unverified,35,0,pending-full,generated-staging
Power Oil Vegetable Oil 1L - Bundle of 2,Power Oil,oil,Vegetable Oil,BS-POWER-OI-VEGETABLE-OI-1L-0133-B2,false,,,,1L x 2,item,4000,14.0,4550,0,5,,Power Oil Vegetable Oil 1L Nigeria product pack bundle 2,Pending automated product-image enrichment,Estimated staging price — supplier verification required,,,Nigeria/Imported,2026-08-10,"Stage catalogue item; verify exact pack, image and supplier price before live sale.",,,,,unverified,35,0,pending-full,generated-staging
Power Oil Vegetable Oil 2L - Bundle of 2,Power Oil,oil,Vegetable Oil,BS-POWER-OI-VEGETABLE-OI-2L-0134-B2,false,,,,2L x 2,item,8050,14.0,9200,0,5,,Power Oil Vegetable Oil 2L Nigeria product pack bundle 2,Pending automated product-image enrichment,Estimated staging price — supplier verification required,,,Nigeria/Imported,2026-08-10,"Stage catalogue item; verify exact pack, image and supplier price before live sale.",,,,,unverified,35,0,pending-full,generated-staging
Power Oil Vegetable Oil 3L - Bundle of 2,Power Oil,oil,Vegetable Oil,BS-POWER-OI-VEGETABLE-OI-3L-0135-B2,false,,,,3L x 2,item,10400,14.0,11850,0,5,,Power Oil Vegetable Oil 3L Nigeria product pack bundle 2,Pending automated product-image enrichment,Estimated staging price — supplier verification required,,,Nigeria/Imported,2026-08-10,"Stage catalogue item; verify exact pack, image and supplier price before live sale.",,,,,unverified,35,0,pending-full,generated-staging
Power Oil Vegetable Oil 5L - Bundle of 2,Power Oil,oil,Vegetable Oil,BS-POWER-OI-VEGETABLE-OI-5L-0136-B2,false,,,,5L x 2,item,18550,14.0,21150,0,5,,Power Oil Vegetable Oil 5L Nigeria product pack bundle 2,Pending automated product-image enrichment,Estimated staging price — supplier verification required,,,Nigeria/Imported,2026-08-10,"Stage catalogue item; verify exact pack, image and supplier price before live sale.",,,,,unverified,35,0,pending-full,generated-staging
Mamador Vegetable Oil 500ml - Bundle of 2,Mamador,oil,Vegetable Oil,BS-MAMADOR-VEGETABLE-OI-500ML-0137-B2,false,,,,500ml x 2,item,1750,14.0,2000,0,5,,Mamador Vegetable Oil 500ml Nigeria product pack bundle 2,Pending automated product-image enrichment,Estimated staging price — supplier verification required,,,Nigeria/Imported,2026-08-10,"Stage catalogue item; verify exact pack, image and supplier price before live sale.",,,,,unverified,35,0,pending-full,generated-staging
Mamador Vegetable Oil 1L - Bundle of 2,Mamador,oil,Vegetable Oil,BS-MAMADOR-VEGETABLE-OI-1L-0138-B2,false,,,,1L x 2,item,4000,14.0,4550,0,5,,Mamador Vegetable Oil 1L Nigeria product pack bundle 2,Pending automated product-image enrichment,Estimated staging price — supplier verification required,,,Nigeria/Imported,2026-08-10,"Stage catalogue item; verify exact pack, image and supplier price before live sale.",,,,,unverified,35,0,pending-full,generated-staging
Mamador Vegetable Oil 2L - Bundle of 2,Mamador,oil,Vegetable Oil,BS-MAMADOR-VEGETABLE-OI-2L-0139-B2,false,,,,2L x 2,item,8050,14.0,9200,0,5,,Mamador Vegetable Oil 2L Nigeria product pack bundle 2,Pending automated product-image enrichment,Estimated staging price — supplier verification required,,,Nigeria/Imported,2026-08-10,"Stage catalogue item; verify exact pack, image and supplier price before live sale.",,,,,unverified,35,0,pending-full,generated-staging
Mamador Vegetable Oil 3L - Bundle of 2,Mamador,oil,Vegetable Oil,BS-MAMADOR-VEGETABLE-OI-3L-0140-B2,false,,,,3L x 2,item,10650,14.0,12150,0,5,,Mamador Vegetable Oil 3L Nigeria product pack bundle 2,Pending automated product-image enrichment,Estimated staging price — supplier verification required,,,Nigeria/Imported,2026-08-10,"Stage catalogue item; verify exact pack, image and supplier price before live sale.",,,,,unverified,35,0,pending-full,generated-staging
Mamador Vegetable Oil 4L - Bundle of 2,Mamador,oil,Vegetable Oil,BS-MAMADOR-VEGETABLE-OI-4L-0141-B2,false,,,,4L x 2,item,15250,14.0,17400,0,5,,Mamador Vegetable Oil 4L Nigeria product pack bundle 2,Pending automated product-image enrichment,Estimated staging price — supplier verification required,,,Nigeria/Imported,2026-08-10,"Stage catalogue item; verify exact pack, image and supplier price before live sale.",,,,,unverified,35,0,pending-full,generated-staging
Mamador Vegetable Oil 5L - Bundle of 2,Mamador,oil,Vegetable Oil,BS-MAMADOR-VEGETABLE-OI-5L-0142-B2,false,,,,5L x 2,item,19300,14.0,22000,0,5,,Mamador Vegetable Oil 5L Nigeria product pack bundle 2,Pending automated product-image enrichment,Estimated staging price — supplier verification required,,,Nigeria/Imported,2026-08-10,"Stage catalogue item; verify exact pack, image and supplier price before live sale.",,,,,unverified,35,0,pending-full,generated-staging
Kings Vegetable Oil 500ml - Bundle of 2,Kings,oil,Vegetable Oil,BS-KINGS-VEGETABLE-OI-500ML-0143-B2,false,,,,500ml x 2,item,1650,14.0,1900,0,5,,Kings Vegetable Oil 500ml Nigeria product pack bundle 2,Pending automated product-image enrichment,Estimated staging price — supplier verification required,,,Nigeria/Imported,2026-08-10,"Stage catalogue item; verify exact pack, image and supplier price before live sale.",,,,,unverified,35,0,pending-full,generated-staging
Kings Vegetable Oil 1L - Bundle of 2,Kings,oil,Vegetable Oil,BS-KINGS-VEGETABLE-OI-1L-0144-B2,false,,,,1L x 2,item,3700,14.0,4200,0,5,,Kings Vegetable Oil 1L Nigeria product pack bundle 2,Pending automated product-image enrichment,Estimated staging price — supplier verification required,,,Nigeria/Imported,2026-08-10,"Stage catalogue item; verify exact pack, image and supplier price before live sale.",,,,,unverified,35,0,pending-full,generated-staging
Kings Vegetable Oil 2L - Bundle of 2,Kings,oil,Vegetable Oil,BS-KINGS-VEGETABLE-OI-2L-0145-B2,false,,,,2L x 2,item,6800,14.0,7750,0,5,,Kings Vegetable Oil 2L Nigeria product pack bundle 2,Pending automated product-image enrichment,Estimated staging price — supplier verification required,,,Nigeria/Imported,2026-08-10,"Stage catalogue item; verify exact pack, image and supplier price before live sale.",,,,,unverified,35,0,pending-full,generated-staging
Kings Vegetable Oil 3L - Bundle of 2,Kings,oil,Vegetable Oil,BS-KINGS-VEGETABLE-OI-3L-0146-B2,false,,,,3L x 2,item,9800,14.0,11150,0,5,,Kings Vegetable Oil 3L Nigeria product pack bundle 2,Pending automated product-image enrichment,Estimated staging price — supplier verification required,,,Nigeria/Imported,2026-08-10,"Stage catalogue item; verify exact pack, image and supplier price before live sale.",,,,,unverified,35,0,pending-full,generated-staging
Kings Vegetable Oil 5L - Bundle of 2,Kings,oil,Vegetable Oil,BS-KINGS-VEGETABLE-OI-5L-0147-B2,false,,,,5L x 2,item,17250,14.0,19650,0,5,,Kings Vegetable Oil 5L Nigeria product pack bundle 2,Pending automated product-image enrichment,Estimated staging price — supplier verification required,,,Nigeria/Imported,2026-08-10,"Stage catalogue item; verify exact pack, image and supplier price before live sale.",,,,,unverified,35,0,pending-full,generated-staging
Palm Oil 500ml - Bundle of 2,Generic,oil,Palm Oil,BS-GENERIC-PALM-OIL-500ML-0148-B2,false,,,,500ml x 2,item,1750,14.0,2000,0,5,,Generic Palm Oil 500ml Nigeria product pack bundle 2,Pending automated product-image enrichment,Estimated staging price — supplier verification required,,,Nigeria/Imported,2026-08-10,"Stage catalogue item; verify exact pack, image and supplier price before live sale.",,,,,unverified,35,0,pending-full,generated-staging
Palm Oil 1L - Bundle of 2,Generic,oil,Palm Oil,BS-GENERIC-PALM-OIL-1L-0149-B2,false,,,,1L x 2,item,3200,14.0,3650,0,5,,Generic Palm Oil 1L Nigeria product pack bundle 2,Pending automated product-image enrichment,Estimated staging price — supplier verification required,,,Nigeria/Imported,2026-08-10,"Stage catalogue item; verify exact pack, image and supplier price before live sale.",,,,,unverified,35,0,pending-full,generated-staging
Palm Oil 2L - Bundle of 2,Generic,oil,Palm Oil,BS-GENERIC-PALM-OIL-2L-0150-B2,false,,,,2L x 2,item,6400,14.0,7300,0,5,,Generic Palm Oil 2L Nigeria product pack bundle 2,Pending automated product-image enrichment,Estimated staging price — supplier verification required,,,Nigeria/Imported,2026-08-10,"Stage catalogue item; verify exact pack, image and supplier price before live sale.",,,,,unverified,35,0,pending-full,generated-staging
Palm Oil 4L - Bundle of 2,Generic,oil,Palm Oil,BS-GENERIC-PALM-OIL-4L-0151-B2,false,,,,4L x 2,item,14450,14.0,16450,0,5,,Generic Palm Oil 4L Nigeria product pack bundle 2,Pending automated product-image enrichment,Estimated staging price — supplier verification required,,,Nigeria/Imported,2026-08-10,"Stage catalogue item; verify exact pack, image and supplier price before live sale.",,,,,unverified,35,0,pending-full,generated-staging
Palm Oil 5L - Bundle of 2,Generic,oil,Palm Oil,BS-GENERIC-PALM-OIL-5L-0152-B2,false,,,,5L x 2,item,17050,14.0,19450,0,5,,Generic Palm Oil 5L Nigeria product pack bundle 2,Pending automated product-image enrichment,Estimated staging price — supplier verification required,,,Nigeria/Imported,2026-08-10,"Stage catalogue item; verify exact pack, image and supplier price before live sale.",,,,,unverified,35,0,pending-full,generated-staging
Palm Oil 25L - Bundle of 2,Generic,oil,Palm Oil,BS-GENERIC-PALM-OIL-25L-0153-B2,false,,,,25L x 2,item,82350,14.0,93900,0,5,,Generic Palm Oil 25L Nigeria product pack bundle 2,Pending automated product-image enrichment,Estimated staging price — supplier verification required,,,Nigeria/Imported,2026-08-10,"Stage catalogue item; verify exact pack, image and supplier price before live sale.",,,,,unverified,35,0,pending-full,generated-staging
Blue Band Margarine 250g - Bundle of 2,Blue Band,oil,Margarine,BS-BLUE-BAN-MARGARINE-250G-0154-B2,false,,,,250g x 2,item,800,14.0,900,0,5,,Blue Band Margarine 250g Nigeria product pack bundle 2,Pending automated product-image enrichment,Estimated staging price — supplier verification required,,,Nigeria/Imported,2026-08-10,"Stage catalogue item; verify exact pack, image and supplier price before live sale.",,,,,unverified,35,0,pending-full,generated-staging
Blue Band Margarine 500g - Bundle of 2,Blue Band,oil,Margarine,BS-BLUE-BAN-MARGARINE-500G-0155-B2,false,,,,500g x 2,item,1450,14.0,1650,0,5,,Blue Band Margarine 500g Nigeria product pack bundle 2,Pending automated product-image enrichment,Estimated staging price — supplier verification required,,,Nigeria/Imported,2026-08-10,"Stage catalogue item; verify exact pack, image and supplier price before live sale.",,,,,unverified,35,0,pending-full,generated-staging
Blue Band Margarine 900g - Bundle of 2,Blue Band,oil,Margarine,BS-BLUE-BAN-MARGARINE-900G-0156-B2,false,,,,900g x 2,item,2700,14.0,3100,0,5,,Blue Band Margarine 900g Nigeria product pack bundle 2,Pending automated product-image enrichment,Estimated staging price — supplier verification required,,,Nigeria/Imported,2026-08-10,"Stage catalogue item; verify exact pack, image and supplier price before live sale.",,,,,unverified,35,0,pending-full,generated-staging
President Butter 200g - Bundle of 2,President,oil,Butter,BS-PRESIDEN-BUTTER-200G-0157-B2,false,,,,200g x 2,item,1550,14.0,1750,0,5,,President Butter 200g Nigeria product pack bundle 2,Pending automated product-image enrichment,Estimated staging price — supplier verification required,,,Nigeria/Imported,2026-08-10,"Stage catalogue item; verify exact pack, image and supplier price before live sale.",,,,,unverified,35,0,pending-full,generated-staging
President Butter 250g - Bundle of 2,President,oil,Butter,BS-PRESIDEN-BUTTER-250G-0158-B2,false,,,,250g x 2,item,2150,14.0,2450,0,5,,President Butter 250g Nigeria product pack bundle 2,Pending automated product-image enrichment,Estimated staging price — supplier verification required,,,Nigeria/Imported,2026-08-10,"Stage catalogue item; verify exact pack, image and supplier price before live sale.",,,,,unverified,35,0,pending-full,generated-staging
President Butter 500g - Bundle of 2,President,oil,Butter,BS-PRESIDEN-BUTTER-500G-0159-B2,false,,,,500g x 2,item,3900,14.0,4450,0,5,,President Butter 500g Nigeria product pack bundle 2,Pending automated product-image enrichment,Estimated staging price — supplier verification required,,,Nigeria/Imported,2026-08-10,"Stage catalogue item; verify exact pack, image and supplier price before live sale.",,,,,unverified,35,0,pending-full,generated-staging
Maggi Seasoning Cubes Chicken 100g - Bundle of 2,Maggi,spices,Seasoning Cubes Chicken,BS-MAGGI-SEASONING-CU-100G-0160-B2,false,,,,100g x 2,item,300,22.0,350,0,5,,Maggi Seasoning Cubes Chicken 100g Nigeria product pack bundle 2,Pending automated product-image enrichment,Estimated staging price — supplier verification required,,,Nigeria/Imported,2026-08-10,"Stage catalogue item; verify exact pack, image and supplier price before live sale.",,,,,unverified,35,0,pending-full,generated-staging
Maggi Seasoning Cubes Chicken 400g - Bundle of 2,Maggi,spices,Seasoning Cubes Chicken,BS-MAGGI-SEASONING-CU-400G-0161-B2,false,,,,400g x 2,item,850,22.0,1050,0,5,,Maggi Seasoning Cubes Chicken 400g Nigeria product pack bundle 2,Pending automated product-image enrichment,Estimated staging price — supplier verification required,,,Nigeria/Imported,2026-08-10,"Stage catalogue item; verify exact pack, image and supplier price before live sale.",,,,,unverified,35,0,pending-full,generated-staging
Maggi Seasoning Cubes Chicken 1kg - Bundle of 2,Maggi,spices,Seasoning Cubes Chicken,BS-MAGGI-SEASONING-CU-1KG-0162-B2,false,,,,1kg x 2,item,2400,22.0,2950,0,5,,Maggi Seasoning Cubes Chicken 1kg Nigeria product pack bundle 2,Pending automated product-image enrichment,Estimated staging price — supplier verification required,,,Nigeria/Imported,2026-08-10,"Stage catalogue item; verify exact pack, image and supplier price before live sale.",,,,,unverified,35,0,pending-full,generated-staging
Knorr Seasoning Cubes Chicken 100g - Bundle of 2,Knorr,spices,Seasoning Cubes Chicken,BS-KNORR-SEASONING-CU-100G-0163-B2,false,,,,100g x 2,item,300,22.0,350,0,5,,Knorr Seasoning Cubes Chicken 100g Nigeria product pack bundle 2,Pending automated product-image enrichment,Estimated staging price — supplier verification required,,,Nigeria/Imported,2026-08-10,"Stage catalogue item; verify exact pack, image and supplier price before live sale.",,,,,unverified,35,0,pending-full,generated-staging
Knorr Seasoning Cubes Chicken 400g - Bundle of 2,Knorr,spices,Seasoning Cubes Chicken,BS-KNORR-SEASONING-CU-400G-0164-B2,false,,,,400g x 2,item,1050,22.0,1300,0,5,,Knorr Seasoning Cubes Chicken 400g Nigeria product pack bundle 2,Pending automated product-image enrichment,Estimated staging price — supplier verification required,,,Nigeria/Imported,2026-08-10,"Stage catalogue item; verify exact pack, image and supplier price before live sale.",,,,,unverified,35,0,pending-full,generated-staging
Knorr Seasoning Cubes Chicken 1kg - Bundle of 2,Knorr,spices,Seasoning Cubes Chicken,BS-KNORR-SEASONING-CU-1KG-0165-B2,false,,,,1kg x 2,item,2700,22.0,3300,0,5,,Knorr Seasoning Cubes Chicken 1kg Nigeria product pack bundle 2,Pending automated product-image enrichment,Estimated staging price — supplier verification required,,,Nigeria/Imported,2026-08-10,"Stage catalogue item; verify exact pack, image and supplier price before live sale.",,,,,unverified,35,0,pending-full,generated-staging
Onga Seasoning Powder 50g - Bundle of 2,Onga,spices,Seasoning Powder,BS-ONGA-SEASONING-PO-50G-0166-B2,false,,,,50g x 2,item,300,22.0,350,0,5,,Onga Seasoning Powder 50g Nigeria product pack bundle 2,Pending automated product-image enrichment,Estimated staging price — supplier verification required,,,Nigeria/Imported,2026-08-10,"Stage catalogue item; verify exact pack, image and supplier price before live sale.",,,,,unverified,35,0,pending-full,generated-staging
Onga Seasoning Powder 100g - Bundle of 2,Onga,spices,Seasoning Powder,BS-ONGA-SEASONING-PO-100G-0167-B2,false,,,,100g x 2,item,300,22.0,350,0,5,,Onga Seasoning Powder 100g Nigeria product pack bundle 2,Pending automated product-image enrichment,Estimated staging price — supplier verification required,,,Nigeria/Imported,2026-08-10,"Stage catalogue item; verify exact pack, image and supplier price before live sale.",,,,,unverified,35,0,pending-full,generated-staging
Onga Seasoning Powder 400g - Bundle of 2,Onga,spices,Seasoning Powder,BS-ONGA-SEASONING-PO-400G-0168-B2,false,,,,400g x 2,item,500,22.0,600,0,5,,Onga Seasoning Powder 400g Nigeria product pack bundle 2,Pending automated product-image enrichment,Estimated staging price — supplier verification required,,,Nigeria/Imported,2026-08-10,"Stage catalogue item; verify exact pack, image and supplier price before live sale.",,,,,unverified,35,0,pending-full,generated-staging
Lion Curry Powder 50g - Bundle of 2,Lion,spices,Curry Powder,BS-LION-CURRY-POWDER-50G-0169-B2,false,,,,50g x 2,item,300,22.0,350,0,5,,Lion Curry Powder 50g Nigeria product pack bundle 2,Pending automated product-image enrichment,Estimated staging price — supplier verification required,,,Nigeria/Imported,2026-08-10,"Stage catalogue item; verify exact pack, image and supplier price before live sale.",,,,,unverified,35,0,pending-full,generated-staging
Lion Curry Powder 100g - Bundle of 2,Lion,spices,Curry Powder,BS-LION-CURRY-POWDER-100G-0170-B2,false,,,,100g x 2,item,300,22.0,350,0,5,,Lion Curry Powder 100g Nigeria product pack bundle 2,Pending automated product-image enrichment,Estimated staging price — supplier verification required,,,Nigeria/Imported,2026-08-10,"Stage catalogue item; verify exact pack, image and supplier price before live sale.",,,,,unverified,35,0,pending-full,generated-staging
Lion Curry Powder 250g - Bundle of 2,Lion,spices,Curry Powder,BS-LION-CURRY-POWDER-250G-0171-B2,false,,,,250g x 2,item,300,22.0,350,0,5,,Lion Curry Powder 250g Nigeria product pack bundle 2,Pending automated product-image enrichment,Estimated staging price — supplier verification required,,,Nigeria/Imported,2026-08-10,"Stage catalogue item; verify exact pack, image and supplier price before live sale.",,,,,unverified,35,0,pending-full,generated-staging
Lion Thyme 20g - Bundle of 2,Lion,spices,Thyme,BS-LION-THYME-20G-0172-B2,false,,,,20g x 2,item,300,22.0,350,0,5,,Lion Thyme 20g Nigeria product pack bundle 2,Pending automated product-image enrichment,Estimated staging price — supplier verification required,,,Nigeria/Imported,2026-08-10,"Stage catalogue item; verify exact pack, image and supplier price before live sale.",,,,,unverified,35,0,pending-full,generated-staging
Lion Thyme 50g - Bundle of 2,Lion,spices,Thyme,BS-LION-THYME-50G-0173-B2,false,,,,50g x 2,item,300,22.0,350,0,5,,Lion Thyme 50g Nigeria product pack bundle 2,Pending automated product-image enrichment,Estimated staging price — supplier verification required,,,Nigeria/Imported,2026-08-10,"Stage catalogue item; verify exact pack, image and supplier price before live sale.",,,,,unverified,35,0,pending-full,generated-staging
Lion Thyme 100g - Bundle of 2,Lion,spices,Thyme,BS-LION-THYME-100G-0174-B2,false,,,,100g x 2,item,300,22.0,350,0,5,,Lion Thyme 100g Nigeria product pack bundle 2,Pending automated product-image enrichment,Estimated staging price — supplier verification required,,,Nigeria/Imported,2026-08-10,"Stage catalogue item; verify exact pack, image and supplier price before live sale.",,,,,unverified,35,0,pending-full,generated-staging
Gino Tomato Paste 70g - Bundle of 2,Gino,spices,Tomato Paste,BS-GINO-TOMATO-PASTE-70G-0175-B2,false,,,,70g x 2,item,300,22.0,350,0,5,,Gino Tomato Paste 70g Nigeria product pack bundle 2,Pending automated product-image enrichment,Estimated staging price — supplier verification required,,,Nigeria/Imported,2026-08-10,"Stage catalogue item; verify exact pack, image and supplier price before live sale.",,,,,unverified,35,0,pending-full,generated-staging
Gino Tomato Paste 210g - Bundle of 2,Gino,spices,Tomato Paste,BS-GINO-TOMATO-PASTE-210G-0176-B2,false,,,,210g x 2,item,300,22.0,350,0,5,,Gino Tomato Paste 210g Nigeria product pack bundle 2,Pending automated product-image enrichment,Estimated staging price — supplier verification required,,,Nigeria/Imported,2026-08-10,"Stage catalogue item; verify exact pack, image and supplier price before live sale.",,,,,unverified,35,0,pending-full,generated-staging
Gino Tomato Paste 400g - Bundle of 2,Gino,spices,Tomato Paste,BS-GINO-TOMATO-PASTE-400G-0177-B2,false,,,,400g x 2,item,300,22.0,350,0,5,,Gino Tomato Paste 400g Nigeria product pack bundle 2,Pending automated product-image enrichment,Estimated staging price — supplier verification required,,,Nigeria/Imported,2026-08-10,"Stage catalogue item; verify exact pack, image and supplier price before live sale.",,,,,unverified,35,0,pending-full,generated-staging
Gino Tomato Paste 850g - Bundle of 2,Gino,spices,Tomato Paste,BS-GINO-TOMATO-PASTE-850G-0178-B2,false,,,,850g x 2,item,600,22.0,750,0,5,,Gino Tomato Paste 850g Nigeria product pack bundle 2,Pending automated product-image enrichment,Estimated staging price — supplier verification required,,,Nigeria/Imported,2026-08-10,"Stage catalogue item; verify exact pack, image and supplier price before live sale.",,,,,unverified,35,0,pending-full,generated-staging
Gino Tomato Paste 70g x 50 - Bundle of 2,Gino,spices,Tomato Paste,BS-GINO-TOMATO-PASTE-70G-X-50-0179-B2,false,,,,70g x 50 x 2,item,2350,22.0,2850,0,5,,Gino Tomato Paste 70g x 50 Nigeria product pack bundle 2,Pending automated product-image enrichment,Estimated staging price — supplier verification required,,,Nigeria/Imported,2026-08-10,"Stage catalogue item; verify exact pack, image and supplier price before live sale.",,,,,unverified,35,0,pending-full,generated-staging
Tasty Tom Tomato Paste 70g - Bundle of 2,Tasty Tom,spices,Tomato Paste,BS-TASTY-TO-TOMATO-PASTE-70G-0180-B2,false,,,,70g x 2,item,300,22.0,350,0,5,,Tasty Tom Tomato Paste 70g Nigeria product pack bundle 2,Pending automated product-image enrichment,Estimated staging price — supplier verification required,,,Nigeria/Imported,2026-08-10,"Stage catalogue item; verify exact pack, image and supplier price before live sale.",,,,,unverified,35,0,pending-full,generated-staging
Tasty Tom Tomato Paste 210g - Bundle of 2,Tasty Tom,spices,Tomato Paste,BS-TASTY-TO-TOMATO-PASTE-210G-0181-B2,false,,,,210g x 2,item,300,22.0,350,0,5,,Tasty Tom Tomato Paste 210g Nigeria product pack bundle 2,Pending automated product-image enrichment,Estimated staging price — supplier verification required,,,Nigeria/Imported,2026-08-10,"Stage catalogue item; verify exact pack, image and supplier price before live sale.",,,,,unverified,35,0,pending-full,generated-staging
Tasty Tom Tomato Paste 400g - Bundle of 2,Tasty Tom,spices,Tomato Paste,BS-TASTY-TO-TOMATO-PASTE-400G-0182-B2,false,,,,400g x 2,item,300,22.0,350,0,5,,Tasty Tom Tomato Paste 400g Nigeria product pack bundle 2,Pending automated product-image enrichment,Estimated staging price — supplier verification required,,,Nigeria/Imported,2026-08-10,"Stage catalogue item; verify exact pack, image and supplier price before live sale.",,,,,unverified,35,0,pending-full,generated-staging
Tasty Tom Tomato Paste 850g - Bundle of 2,Tasty Tom,spices,Tomato Paste,BS-TASTY-TO-TOMATO-PASTE-850G-0183-B2,false,,,,850g x 2,item,700,22.0,850,0,5,,Tasty Tom Tomato Paste 850g Nigeria product pack bundle 2,Pending automated product-image enrichment,Estimated staging price — supplier verification required,,,Nigeria/Imported,2026-08-10,"Stage catalogue item; verify exact pack, image and supplier price before live sale.",,,,,unverified,35,0,pending-full,generated-staging
Tasty Tom Tomato Paste 70g x 50 - Bundle of 2,Tasty Tom,spices,Tomato Paste,BS-TASTY-TO-TOMATO-PASTE-70G-X-50-0184-B2,false,,,,70g x 50 x 2,item,2250,22.0,2750,0,5,,Tasty Tom Tomato Paste 70g x 50 Nigeria product pack bundle 2,Pending automated product-image enrichment,Estimated staging price — supplier verification required,,,Nigeria/Imported,2026-08-10,"Stage catalogue item; verify exact pack, image and supplier price before live sale.",,,,,unverified,35,0,pending-full,generated-staging
De Rica Tomato Paste 70g - Bundle of 2,De Rica,spices,Tomato Paste,BS-DE-RICA-TOMATO-PASTE-70G-0185-B2,false,,,,70g x 2,item,300,22.0,350,0,5,,De Rica Tomato Paste 70g Nigeria product pack bundle 2,Pending automated product-image enrichment,Estimated staging price — supplier verification required,,,Nigeria/Imported,2026-08-10,"Stage catalogue item; verify exact pack, image and supplier price before live sale.",,,,,unverified,35,0,pending-full,generated-staging
De Rica Tomato Paste 210g - Bundle of 2,De Rica,spices,Tomato Paste,BS-DE-RICA-TOMATO-PASTE-210G-0186-B2,false,,,,210g x 2,item,300,22.0,350,0,5,,De Rica Tomato Paste 210g Nigeria product pack bundle 2,Pending automated product-image enrichment,Estimated staging price — supplier verification required,,,Nigeria/Imported,2026-08-10,"Stage catalogue item; verify exact pack, image and supplier price before live sale.",,,,,unverified,35,0,pending-full,generated-staging
De Rica Tomato Paste 400g - Bundle of 2,De Rica,spices,Tomato Paste,BS-DE-RICA-TOMATO-PASTE-400G-0187-B2,false,,,,400g x 2,item,300,22.0,350,0,5,,De Rica Tomato Paste 400g Nigeria product pack bundle 2,Pending automated product-image enrichment,Estimated staging price — supplier verification required,,,Nigeria/Imported,2026-08-10,"Stage catalogue item; verify exact pack, image and supplier price before live sale.",,,,,unverified,35,0,pending-full,generated-staging
De Rica Tomato Paste 850g - Bundle of 2,De Rica,spices,Tomato Paste,BS-DE-RICA-TOMATO-PASTE-850G-0188-B2,false,,,,850g x 2,item,600,22.0,750,0,5,,De Rica Tomato Paste 850g Nigeria product pack bundle 2,Pending automated product-image enrichment,Estimated staging price — supplier verification required,,,Nigeria/Imported,2026-08-10,"Stage catalogue item; verify exact pack, image and supplier price before live sale.",,,,,unverified,35,0,pending-full,generated-staging
Gino Jollof Mix 70g - Bundle of 2,Gino,spices,Jollof Mix,BS-GINO-JOLLOF-MIX-70G-0189-B2,false,,,,70g x 2,item,300,22.0,350,0,5,,Gino Jollof Mix 70g Nigeria product pack bundle 2,Pending automated product-image enrichment,Estimated staging price — supplier verification required,,,Nigeria/Imported,2026-08-10,"Stage catalogue item; verify exact pack, image and supplier price before live sale.",,,,,unverified,35,0,pending-full,generated-staging
Gino Jollof Mix 210g - Bundle of 2,Gino,spices,Jollof Mix,BS-GINO-JOLLOF-MIX-210G-0190-B2,false,,,,210g x 2,item,300,22.0,350,0,5,,Gino Jollof Mix 210g Nigeria product pack bundle 2,Pending automated product-image enrichment,Estimated staging price — supplier verification required,,,Nigeria/Imported,2026-08-10,"Stage catalogue item; verify exact pack, image and supplier price before live sale.",,,,,unverified,35,0,pending-full,generated-staging
Gino Jollof Mix 400g - Bundle of 2,Gino,spices,Jollof Mix,BS-GINO-JOLLOF-MIX-400G-0191-B2,false,,,,400g x 2,item,300,22.0,350,0,5,,Gino Jollof Mix 400g Nigeria product pack bundle 2,Pending automated product-image enrichment,Estimated staging price — supplier verification required,,,Nigeria/Imported,2026-08-10,"Stage catalogue item; verify exact pack, image and supplier price before live sale.",,,,,unverified,35,0,pending-full,generated-staging
Dangote Salt 250g - Bundle of 2,Dangote,spices,Salt,BS-DANGOTE-SALT-250G-0192-B2,false,,,,250g x 2,item,300,22.0,350,0,5,,Dangote Salt 250g Nigeria product pack bundle 2,Pending automated product-image enrichment,Estimated staging price — supplier verification required,,,Nigeria/Imported,2026-08-10,"Stage catalogue item; verify exact pack, image and supplier price before live sale.",,,,,unverified,35,0,pending-full,generated-staging
Dangote Salt 500g - Bundle of 2,Dangote,spices,Salt,BS-DANGOTE-SALT-500G-0193-B2,false,,,,500g x 2,item,300,22.0,350,0,5,,Dangote Salt 500g Nigeria product pack bundle 2,Pending automated product-image enrichment,Estimated staging price — supplier verification required,,,Nigeria/Imported,2026-08-10,"Stage catalogue item; verify exact pack, image and supplier price before live sale.",,,,,unverified,35,0,pending-full,generated-staging
Dangote Salt 1kg - Bundle of 2,Dangote,spices,Salt,BS-DANGOTE-SALT-1KG-0194-B2,false,,,,1kg x 2,item,500,22.0,600,0,5,,Dangote Salt 1kg Nigeria product pack bundle 2,Pending automated product-image enrichment,Estimated staging price — supplier verification required,,,Nigeria/Imported,2026-08-10,"Stage catalogue item; verify exact pack, image and supplier price before live sale.",,,,,unverified,35,0,pending-full,generated-staging
Mr Chef Salt 250g - Bundle of 2,Mr Chef,spices,Salt,BS-MR-CHEF-SALT-250G-0195-B2,false,,,,250g x 2,item,300,22.0,350,0,5,,Mr Chef Salt 250g Nigeria product pack bundle 2,Pending automated product-image enrichment,Estimated staging price — supplier verification required,,,Nigeria/Imported,2026-08-10,"Stage catalogue item; verify exact pack, image and supplier price before live sale.",,,,,unverified,35,0,pending-full,generated-staging
Mr Chef Salt 500g - Bundle of 2,Mr Chef,spices,Salt,BS-MR-CHEF-SALT-500G-0196-B2,false,,,,500g x 2,item,300,22.0,350,0,5,,Mr Chef Salt 500g Nigeria product pack bundle 2,Pending automated product-image enrichment,Estimated staging price — supplier verification required,,,Nigeria/Imported,2026-08-10,"Stage catalogue item; verify exact pack, image and supplier price before live sale.",,,,,unverified,35,0,pending-full,generated-staging
Mr Chef Salt 1kg - Bundle of 2,Mr Chef,spices,Salt,BS-MR-CHEF-SALT-1KG-0197-B2,false,,,,1kg x 2,item,500,22.0,600,0,5,,Mr Chef Salt 1kg Nigeria product pack bundle 2,Pending automated product-image enrichment,Estimated staging price — supplier verification required,,,Nigeria/Imported,2026-08-10,"Stage catalogue item; verify exact pack, image and supplier price before live sale.",,,,,unverified,35,0,pending-full,generated-staging
Ground Pepper 50g - Bundle of 2,Generic,spices,Ground Pepper,BS-GENERIC-GROUND-PEPPE-50G-0198-B2,false,,,,50g x 2,item,300,22.0,350,0,5,,Generic Ground Pepper 50g Nigeria product pack bundle 2,Pending automated product-image enrichment,Estimated staging price — supplier verification required,,,Nigeria/Imported,2026-08-10,"Stage catalogue item; verify exact pack, image and supplier price before live sale.",,,,,unverified,35,0,pending-full,generated-staging
Ground Pepper 100g - Bundle of 2,Generic,spices,Ground Pepper,BS-GENERIC-GROUND-PEPPE-100G-0199-B2,false,,,,100g x 2,item,300,22.0,350,0,5,,Generic Ground Pepper 100g Nigeria product pack bundle 2,Pending automated product-image enrichment,Estimated staging price — supplier verification required,,,Nigeria/Imported,2026-08-10,"Stage catalogue item; verify exact pack, image and supplier price before live sale.",,,,,unverified,35,0,pending-full,generated-staging
Ground Pepper 250g - Bundle of 2,Generic,spices,Ground Pepper,BS-GENERIC-GROUND-PEPPE-250G-0200-B2,false,,,,250g x 2,item,500,22.0,600,0,5,,Generic Ground Pepper 250g Nigeria product pack bundle 2,Pending automated product-image enrichment,Estimated staging price — supplier verification required,,,Nigeria/Imported,2026-08-10,"Stage catalogue item; verify exact pack, image and supplier price before live sale.",,,,,unverified,35,0,pending-full,generated-staging
Ground Pepper 500g - Bundle of 2,Generic,spices,Ground Pepper,BS-GENERIC-GROUND-PEPPE-500G-0201-B2,false,,,,500g x 2,item,950,22.0,1150,0,5,,Generic Ground Pepper 500g Nigeria product pack bundle 2,Pending automated product-image enrichment,Estimated staging price — supplier verification required,,,Nigeria/Imported,2026-08-10,"Stage catalogue item; verify exact pack, image and supplier price before live sale.",,,,,unverified,35,0,pending-full,generated-staging
Ground Pepper 1kg - Bundle of 2,Generic,spices,Ground Pepper,BS-GENERIC-GROUND-PEPPE-1KG-0202-B2,false,,,,1kg x 2,item,1950,22.0,2400,0,5,,Generic Ground Pepper 1kg Nigeria product pack bundle 2,Pending automated product-image enrichment,Estimated staging price — supplier verification required,,,Nigeria/Imported,2026-08-10,"Stage catalogue item; verify exact pack, image and supplier price before live sale.",,,,,unverified,35,0,pending-full,generated-staging
Crayfish 100g - Bundle of 2,Generic,spices,Crayfish,BS-GENERIC-CRAYFISH-100G-0203-B2,false,,,,100g x 2,item,500,22.0,600,0,5,,Generic Crayfish 100g Nigeria product pack bundle 2,Pending automated product-image enrichment,Estimated staging price — supplier verification required,,,Nigeria/Imported,2026-08-10,"Stage catalogue item; verify exact pack, image and supplier price before live sale.",,,,,unverified,35,0,pending-full,generated-staging
Crayfish 250g - Bundle of 2,Generic,spices,Crayfish,BS-GENERIC-CRAYFISH-250G-0204-B2,false,,,,250g x 2,item,950,22.0,1150,0,5,,Generic Crayfish 250g Nigeria product pack bundle 2,Pending automated product-image enrichment,Estimated staging price — supplier verification required,,,Nigeria/Imported,2026-08-10,"Stage catalogue item; verify exact pack, image and supplier price before live sale.",,,,,unverified,35,0,pending-full,generated-staging
Crayfish 500g - Bundle of 2,Generic,spices,Crayfish,BS-GENERIC-CRAYFISH-500G-0205-B2,false,,,,500g x 2,item,2150,22.0,2600,0,5,,Generic Crayfish 500g Nigeria product pack bundle 2,Pending automated product-image enrichment,Estimated staging price — supplier verification required,,,Nigeria/Imported,2026-08-10,"Stage catalogue item; verify exact pack, image and supplier price before live sale.",,,,,unverified,35,0,pending-full,generated-staging
Crayfish 1kg - Bundle of 2,Generic,spices,Crayfish,BS-GENERIC-CRAYFISH-1KG-0206-B2,false,,,,1kg x 2,item,4050,22.0,4950,0,5,,Generic Crayfish 1kg Nigeria product pack bundle 2,Pending automated product-image enrichment,Estimated staging price — supplier verification required,,,Nigeria/Imported,2026-08-10,"Stage catalogue item; verify exact pack, image and supplier price before live sale.",,,,,unverified,35,0,pending-full,generated-staging
Egusi 250g - Bundle of 2,Generic,spices,Egusi,BS-GENERIC-EGUSI-250G-0207-B2,false,,,,250g x 2,item,1150,22.0,1400,0,5,,Generic Egusi 250g Nigeria product pack bundle 2,Pending automated product-image enrichment,Estimated staging price — supplier verification required,,,Nigeria/Imported,2026-08-10,"Stage catalogue item; verify exact pack, image and supplier price before live sale.",,,,,unverified,35,0,pending-full,generated-staging
Egusi 500g - Bundle of 2,Generic,spices,Egusi,BS-GENERIC-EGUSI-500G-0208-B2,false,,,,500g x 2,item,2150,22.0,2600,0,5,,Generic Egusi 500g Nigeria product pack bundle 2,Pending automated product-image enrichment,Estimated staging price — supplier verification required,,,Nigeria/Imported,2026-08-10,"Stage catalogue item; verify exact pack, image and supplier price before live sale.",,,,,unverified,35,0,pending-full,generated-staging
Egusi 1kg - Bundle of 2,Generic,spices,Egusi,BS-GENERIC-EGUSI-1KG-0209-B2,false,,,,1kg x 2,item,4550,22.0,5550,0,5,,Generic Egusi 1kg Nigeria product pack bundle 2,Pending automated product-image enrichment,Estimated staging price — supplier verification required,,,Nigeria/Imported,2026-08-10,"Stage catalogue item; verify exact pack, image and supplier price before live sale.",,,,,unverified,35,0,pending-full,generated-staging
Egusi 2kg - Bundle of 2,Generic,spices,Egusi,BS-GENERIC-EGUSI-2KG-0210-B2,false,,,,2kg x 2,item,10200,22.0,12450,0,5,,Generic Egusi 2kg Nigeria product pack bundle 2,Pending automated product-image enrichment,Estimated staging price — supplier verification required,,,Nigeria/Imported,2026-08-10,"Stage catalogue item; verify exact pack, image and supplier price before live sale.",,,,,unverified,35,0,pending-full,generated-staging
Ogbono 100g - Bundle of 2,Generic,spices,Ogbono,BS-GENERIC-OGBONO-100G-0211-B2,false,,,,100g x 2,item,500,22.0,600,0,5,,Generic Ogbono 100g Nigeria product pack bundle 2,Pending automated product-image enrichment,Estimated staging price — supplier verification required,,,Nigeria/Imported,2026-08-10,"Stage catalogue item; verify exact pack, image and supplier price before live sale.",,,,,unverified,35,0,pending-full,generated-staging
Ogbono 250g - Bundle of 2,Generic,spices,Ogbono,BS-GENERIC-OGBONO-250G-0212-B2,false,,,,250g x 2,item,1250,22.0,1500,0,5,,Generic Ogbono 250g Nigeria product pack bundle 2,Pending automated product-image enrichment,Estimated staging price — supplier verification required,,,Nigeria/Imported,2026-08-10,"Stage catalogue item; verify exact pack, image and supplier price before live sale.",,,,,unverified,35,0,pending-full,generated-staging
Ogbono 500g - Bundle of 2,Generic,spices,Ogbono,BS-GENERIC-OGBONO-500G-0213-B2,false,,,,500g x 2,item,2400,22.0,2950,0,5,,Generic Ogbono 500g Nigeria product pack bundle 2,Pending automated product-image enrichment,Estimated staging price — supplier verification required,,,Nigeria/Imported,2026-08-10,"Stage catalogue item; verify exact pack, image and supplier price before live sale.",,,,,unverified,35,0,pending-full,generated-staging
Ogbono 1kg - Bundle of 2,Generic,spices,Ogbono,BS-GENERIC-OGBONO-1KG-0214-B2,false,,,,1kg x 2,item,4850,22.0,5900,0,5,,Generic Ogbono 1kg Nigeria product pack bundle 2,Pending automated product-image enrichment,Estimated staging price — supplier verification required,,,Nigeria/Imported,2026-08-10,"Stage catalogue item; verify exact pack, image and supplier price before live sale.",,,,,unverified,35,0,pending-full,generated-staging
Peak Powdered Milk 150g - Bundle of 2,Peak,drinks,Powdered Milk,BS-PEAK-POWDERED-MIL-150G-0215-B2,false,,,,150g x 2,item,800,18.0,950,0,5,,Peak Powdered Milk 150g Nigeria product pack bundle 2,Pending automated product-image enrichment,Estimated staging price — supplier verification required,,,Nigeria/Imported,2026-08-10,"Stage catalogue item; verify exact pack, image and supplier price before live sale.",,,,,unverified,35,0,pending-full,generated-staging
Peak Powdered Milk 360g - Bundle of 2,Peak,drinks,Powdered Milk,BS-PEAK-POWDERED-MIL-360G-0216-B2,false,,,,360g x 2,item,1850,18.0,2200,0,5,,Peak Powdered Milk 360g Nigeria product pack bundle 2,Pending automated product-image enrichment,Estimated staging price — supplier verification required,,,Nigeria/Imported,2026-08-10,"Stage catalogue item; verify exact pack, image and supplier price before live sale.",,,,,unverified,35,0,pending-full,generated-staging
Peak Powdered Milk 400g - Bundle of 2,Peak,drinks,Powdered Milk,BS-PEAK-POWDERED-MIL-400G-0217-B2,false,,,,400g x 2,item,1950,18.0,2300,0,5,,Peak Powdered Milk 400g Nigeria product pack bundle 2,Pending automated product-image enrichment,Estimated staging price — supplier verification required,,,Nigeria/Imported,2026-08-10,"Stage catalogue item; verify exact pack, image and supplier price before live sale.",,,,,unverified,35,0,pending-full,generated-staging
Peak Powdered Milk 800g - Bundle of 2,Peak,drinks,Powdered Milk,BS-PEAK-POWDERED-MIL-800G-0218-B2,false,,,,800g x 2,item,3900,18.0,4600,0,5,,Peak Powdered Milk 800g Nigeria product pack bundle 2,Pending automated product-image enrichment,Estimated staging price — supplier verification required,,,Nigeria/Imported,2026-08-10,"Stage catalogue item; verify exact pack, image and supplier price before live sale.",,,,,unverified,35,0,pending-full,generated-staging
Peak Powdered Milk 900g - Bundle of 2,Peak,drinks,Powdered Milk,BS-PEAK-POWDERED-MIL-900G-0219-B2,false,,,,900g x 2,item,4000,18.0,4700,0,5,,Peak Powdered Milk 900g Nigeria product pack bundle 2,Pending automated product-image enrichment,Estimated staging price — supplier verification required,,,Nigeria/Imported,2026-08-10,"Stage catalogue item; verify exact pack, image and supplier price before live sale.",,,,,unverified,35,0,pending-full,generated-staging
Dano Powdered Milk 150g - Bundle of 2,Dano,drinks,Powdered Milk,BS-DANO-POWDERED-MIL-150G-0220-B2,false,,,,150g x 2,item,600,18.0,700,0,5,,Dano Powdered Milk 150g Nigeria product pack bundle 2,Pending automated product-image enrichment,Estimated staging price — supplier verification required,,,Nigeria/Imported,2026-08-10,"Stage catalogue item; verify exact pack, image and supplier price before live sale.",,,,,unverified,35,0,pending-full,generated-staging
Dano Powdered Milk 360g - Bundle of 2,Dano,drinks,Powdered Milk,BS-DANO-POWDERED-MIL-360G-0221-B2,false,,,,360g x 2,item,1650,18.0,1950,0,5,,Dano Powdered Milk 360g Nigeria product pack bundle 2,Pending automated product-image enrichment,Estimated staging price — supplier verification required,,,Nigeria/Imported,2026-08-10,"Stage catalogue item; verify exact pack, image and supplier price before live sale.",,,,,unverified,35,0,pending-full,generated-staging
Dano Powdered Milk 400g - Bundle of 2,Dano,drinks,Powdered Milk,BS-DANO-POWDERED-MIL-400G-0222-B2,false,,,,400g x 2,item,1750,18.0,2050,0,5,,Dano Powdered Milk 400g Nigeria product pack bundle 2,Pending automated product-image enrichment,Estimated staging price — supplier verification required,,,Nigeria/Imported,2026-08-10,"Stage catalogue item; verify exact pack, image and supplier price before live sale.",,,,,unverified,35,0,pending-full,generated-staging
Dano Powdered Milk 800g - Bundle of 2,Dano,drinks,Powdered Milk,BS-DANO-POWDERED-MIL-800G-0223-B2,false,,,,800g x 2,item,3500,18.0,4150,0,5,,Dano Powdered Milk 800g Nigeria product pack bundle 2,Pending automated product-image enrichment,Estimated staging price — supplier verification required,,,Nigeria/Imported,2026-08-10,"Stage catalogue item; verify exact pack, image and supplier price before live sale.",,,,,unverified,35,0,pending-full,generated-staging
Dano Powdered Milk 900g - Bundle of 2,Dano,drinks,Powdered Milk,BS-DANO-POWDERED-MIL-900G-0224-B2,false,,,,900g x 2,item,4050,18.0,4800,0,5,,Dano Powdered Milk 900g Nigeria product pack bundle 2,Pending automated product-image enrichment,Estimated staging price — supplier verification required,,,Nigeria/Imported,2026-08-10,"Stage catalogue item; verify exact pack, image and supplier price before live sale.",,,,,unverified,35,0,pending-full,generated-staging
Peak Evaporated Milk 160g - Bundle of 2,Peak,drinks,Evaporated Milk,BS-PEAK-EVAPORATED-M-160G-0225-B2,false,,,,160g x 2,item,300,18.0,350,0,5,,Peak Evaporated Milk 160g Nigeria product pack bundle 2,Pending automated product-image enrichment,Estimated staging price — supplier verification required,,,Nigeria/Imported,2026-08-10,"Stage catalogue item; verify exact pack, image and supplier price before live sale.",,,,,unverified,35,0,pending-full,generated-staging
Peak Evaporated Milk 170g x 24 - Bundle of 2,Peak,drinks,Evaporated Milk,BS-PEAK-EVAPORATED-M-170G-X-24-0226-B2,false,,,,170g x 24 x 2,item,5250,18.0,6200,0,5,,Peak Evaporated Milk 170g x 24 Nigeria product pack bundle 2,Pending automated product-image enrichment,Estimated staging price — supplier verification required,,,Nigeria/Imported,2026-08-10,"Stage catalogue item; verify exact pack, image and supplier price before live sale.",,,,,unverified,35,0,pending-full,generated-staging
Milo Chocolate Drink 200g - Bundle of 2,Milo,drinks,Chocolate Drink,BS-MILO-CHOCOLATE-DR-200G-0227-B2,false,,,,200g x 2,item,950,18.0,1100,0,5,,Milo Chocolate Drink 200g Nigeria product pack bundle 2,Pending automated product-image enrichment,Estimated staging price — supplier verification required,,,Nigeria/Imported,2026-08-10,"Stage catalogue item; verify exact pack, image and supplier price before live sale.",,,,,unverified,35,0,pending-full,generated-staging
Milo Chocolate Drink 400g - Bundle of 2,Milo,drinks,Chocolate Drink,BS-MILO-CHOCOLATE-DR-400G-0228-B2,false,,,,400g x 2,item,2050,18.0,2400,0,5,,Milo Chocolate Drink 400g Nigeria product pack bundle 2,Pending automated product-image enrichment,Estimated staging price — supplier verification required,,,Nigeria/Imported,2026-08-10,"Stage catalogue item; verify exact pack, image and supplier price before live sale.",,,,,unverified,35,0,pending-full,generated-staging
Milo Chocolate Drink 800g - Bundle of 2,Milo,drinks,Chocolate Drink,BS-MILO-CHOCOLATE-DR-800G-0229-B2,false,,,,800g x 2,item,3700,18.0,4350,0,5,,Milo Chocolate Drink 800g Nigeria product pack bundle 2,Pending automated product-image enrichment,Estimated staging price — supplier verification required,,,Nigeria/Imported,2026-08-10,"Stage catalogue item; verify exact pack, image and supplier price before live sale.",,,,,unverified,35,0,pending-full,generated-staging
Milo Chocolate Drink 1kg - Bundle of 2,Milo,drinks,Chocolate Drink,BS-MILO-CHOCOLATE-DR-1KG-0230-B2,false,,,,1kg x 2,item,5350,18.0,6300,0,5,,Milo Chocolate Drink 1kg Nigeria product pack bundle 2,Pending automated product-image enrichment,Estimated staging price — supplier verification required,,,Nigeria/Imported,2026-08-10,"Stage catalogue item; verify exact pack, image and supplier price before live sale.",,,,,unverified,35,0,pending-full,generated-staging
Bournvita Chocolate Drink 200g - Bundle of 2,Bournvita,drinks,Chocolate Drink,BS-BOURNVIT-CHOCOLATE-DR-200G-0231-B2,false,,,,200g x 2,item,850,18.0,1000,0,5,,Bournvita Chocolate Drink 200g Nigeria product pack bundle 2,Pending automated product-image enrichment,Estimated staging price — supplier verification required,,,Nigeria/Imported,2026-08-10,"Stage catalogue item; verify exact pack, image and supplier price before live sale.",,,,,unverified,35,0,pending-full,generated-staging
Bournvita Chocolate Drink 500g - Bundle of 2,Bournvita,drinks,Chocolate Drink,BS-BOURNVIT-CHOCOLATE-DR-500G-0232-B2,false,,,,500g x 2,item,2350,18.0,2750,0,5,,Bournvita Chocolate Drink 500g Nigeria product pack bundle 2,Pending automated product-image enrichment,Estimated staging price — supplier verification required,,,Nigeria/Imported,2026-08-10,"Stage catalogue item; verify exact pack, image and supplier price before live sale.",,,,,unverified,35,0,pending-full,generated-staging
Bournvita Chocolate Drink 900g - Bundle of 2,Bournvita,drinks,Chocolate Drink,BS-BOURNVIT-CHOCOLATE-DR-900G-0233-B2,false,,,,900g x 2,item,4450,18.0,5250,0,5,,Bournvita Chocolate Drink 900g Nigeria product pack bundle 2,Pending automated product-image enrichment,Estimated staging price — supplier verification required,,,Nigeria/Imported,2026-08-10,"Stage catalogue item; verify exact pack, image and supplier price before live sale.",,,,,unverified,35,0,pending-full,generated-staging
Lipton Tea 25 bags - Bundle of 2,Lipton,drinks,Tea,BS-LIPTON-TEA-25-BAGS-0234-B2,false,,,,25 bags x 2,item,8450,18.0,9950,0,5,,Lipton Tea 25 bags Nigeria product pack bundle 2,Pending automated product-image enrichment,Estimated staging price — supplier verification required,,,Nigeria/Imported,2026-08-10,"Stage catalogue item; verify exact pack, image and supplier price before live sale.",,,,,unverified,35,0,pending-full,generated-staging
Lipton Tea 50 bags - Bundle of 2,Lipton,drinks,Tea,BS-LIPTON-TEA-50-BAGS-0235-B2,false,,,,50 bags x 2,item,15500,18.0,18300,0,5,,Lipton Tea 50 bags Nigeria product pack bundle 2,Pending automated product-image enrichment,Estimated staging price — supplier verification required,,,Nigeria/Imported,2026-08-10,"Stage catalogue item; verify exact pack, image and supplier price before live sale.",,,,,unverified,35,0,pending-full,generated-staging
Lipton Tea 100 bags - Bundle of 2,Lipton,drinks,Tea,BS-LIPTON-TEA-100-BAGS-0236-B2,false,,,,100 bags x 2,item,30450,18.0,35950,0,5,,Lipton Tea 100 bags Nigeria product pack bundle 2,Pending automated product-image enrichment,Estimated staging price — supplier verification required,,,Nigeria/Imported,2026-08-10,"Stage catalogue item; verify exact pack, image and supplier price before live sale.",,,,,unverified,35,0,pending-full,generated-staging
Nescafe Coffee 50g - Bundle of 2,Nescafe,drinks,Coffee,BS-NESCAFE-COFFEE-50G-0237-B2,false,,,,50g x 2,item,300,18.0,350,0,5,,Nescafe Coffee 50g Nigeria product pack bundle 2,Pending automated product-image enrichment,Estimated staging price — supplier verification required,,,Nigeria/Imported,2026-08-10,"Stage catalogue item; verify exact pack, image and supplier price before live sale.",,,,,unverified,35,0,pending-full,generated-staging
Nescafe Coffee 100g - Bundle of 2,Nescafe,drinks,Coffee,BS-NESCAFE-COFFEE-100G-0238-B2,false,,,,100g x 2,item,300,18.0,350,0,5,,Nescafe Coffee 100g Nigeria product pack bundle 2,Pending automated product-image enrichment,Estimated staging price — supplier verification required,,,Nigeria/Imported,2026-08-10,"Stage catalogue item; verify exact pack, image and supplier price before live sale.",,,,,unverified,35,0,pending-full,generated-staging
Nescafe Coffee 200g - Bundle of 2,Nescafe,drinks,Coffee,BS-NESCAFE-COFFEE-200G-0239-B2,false,,,,200g x 2,item,700,18.0,850,0,5,,Nescafe Coffee 200g Nigeria product pack bundle 2,Pending automated product-image enrichment,Estimated staging price — supplier verification required,,,Nigeria/Imported,2026-08-10,"Stage catalogue item; verify exact pack, image and supplier price before live sale.",,,,,unverified,35,0,pending-full,generated-staging
Maltina Malt Drink 330ml - Bundle of 2,Maltina,drinks,Malt Drink,BS-MALTINA-MALT-DRINK-330ML-0240-B2,false,,,,330ml x 2,item,300,18.0,350,0,5,,Maltina Malt Drink 330ml Nigeria product pack bundle 2,Pending automated product-image enrichment,Estimated staging price — supplier verification required,,,Nigeria/Imported,2026-08-10,"Stage catalogue item; verify exact pack, image and supplier price before live sale.",,,,,unverified,35,0,pending-full,generated-staging
Maltina Malt Drink 330ml x 24 - Bundle of 2,Maltina,drinks,Malt Drink,BS-MALTINA-MALT-DRINK-330ML-X-24-0241-B2,false,,,,330ml x 24 x 2,item,7650,18.0,9050,0,5,,Maltina Malt Drink 330ml x 24 Nigeria product pack bundle 2,Pending automated product-image enrichment,Estimated staging price — supplier verification required,,,Nigeria/Imported,2026-08-10,"Stage catalogue item; verify exact pack, image and supplier price before live sale.",,,,,unverified,35,0,pending-full,generated-staging
Malta Guinness Malt Drink 330ml - Bundle of 2,Malta Guinness,drinks,Malt Drink,BS-MALTA-GU-MALT-DRINK-330ML-0242-B2,false,,,,330ml x 2,item,400,18.0,450,0,5,,Malta Guinness Malt Drink 330ml Nigeria product pack bundle 2,Pending automated product-image enrichment,Estimated staging price — supplier verification required,,,Nigeria/Imported,2026-08-10,"Stage catalogue item; verify exact pack, image and supplier price before live sale.",,,,,unverified,35,0,pending-full,generated-staging
Malta Guinness Malt Drink 330ml x 24 - Bundle of 2,Malta Guinness,drinks,Malt Drink,BS-MALTA-GU-MALT-DRINK-330ML-X-24-0243-B2,false,,,,330ml x 24 x 2,item,8550,18.0,10100,0,5,,Malta Guinness Malt Drink 330ml x 24 Nigeria product pack bundle 2,Pending automated product-image enrichment,Estimated staging price — supplier verification required,,,Nigeria/Imported,2026-08-10,"Stage catalogue item; verify exact pack, image and supplier price before live sale.",,,,,unverified,35,0,pending-full,generated-staging
Coca-Cola Soft Drink Cola 35cl - Bundle of 2,Coca-Cola,drinks,Soft Drink Cola,BS-COCA-COL-SOFT-DRINK-C-35CL-0244-B2,false,,,,35cl x 2,item,300,18.0,350,0,5,,Coca-Cola Soft Drink Cola 35cl Nigeria product pack bundle 2,Pending automated product-image enrichment,Estimated staging price — supplier verification required,,,Nigeria/Imported,2026-08-10,"Stage catalogue item; verify exact pack, image and supplier price before live sale.",,,,,unverified,35,0,pending-full,generated-staging
Coca-Cola Soft Drink Cola 50cl - Bundle of 2,Coca-Cola,drinks,Soft Drink Cola,BS-COCA-COL-SOFT-DRINK-C-50CL-0245-B2,false,,,,50cl x 2,item,400,18.0,450,0,5,,Coca-Cola Soft Drink Cola 50cl Nigeria product pack bundle 2,Pending automated product-image enrichment,Estimated staging price — supplier verification required,,,Nigeria/Imported,2026-08-10,"Stage catalogue item; verify exact pack, image and supplier price before live sale.",,,,,unverified,35,0,pending-full,generated-staging
Coca-Cola Soft Drink Cola 1L - Bundle of 2,Coca-Cola,drinks,Soft Drink Cola,BS-COCA-COL-SOFT-DRINK-C-1L-0246-B2,false,,,,1L x 2,item,800,18.0,950,0,5,,Coca-Cola Soft Drink Cola 1L Nigeria product pack bundle 2,Pending automated product-image enrichment,Estimated staging price — supplier verification required,,,Nigeria/Imported,2026-08-10,"Stage catalogue item; verify exact pack, image and supplier price before live sale.",,,,,unverified,35,0,pending-full,generated-staging
Coca-Cola Soft Drink Cola 1.5L - Bundle of 2,Coca-Cola,drinks,Soft Drink Cola,BS-COCA-COL-SOFT-DRINK-C-1-5L-0247-B2,false,,,,1.5L x 2,item,1150,18.0,1350,0,5,,Coca-Cola Soft Drink Cola 1.5L Nigeria product pack bundle 2,Pending automated product-image enrichment,Estimated staging price — supplier verification required,,,Nigeria/Imported,2026-08-10,"Stage catalogue item; verify exact pack, image and supplier price before live sale.",,,,,unverified,35,0,pending-full,generated-staging
Coca-Cola Soft Drink Cola 50cl x 12 - Bundle of 2,Coca-Cola,drinks,Soft Drink Cola,BS-COCA-COL-SOFT-DRINK-C-50CL-X-12-0248-B2,false,,,,50cl x 12 x 2,item,4650,18.0,5500,0,5,,Coca-Cola Soft Drink Cola 50cl x 12 Nigeria product pack bundle 2,Pending automated product-image enrichment,Estimated staging price — supplier verification required,,,Nigeria/Imported,2026-08-10,"Stage catalogue item; verify exact pack, image and supplier price before live sale.",,,,,unverified,35,0,pending-full,generated-staging
Fanta Soft Drink Orange 35cl - Bundle of 2,Fanta,drinks,Soft Drink Orange,BS-FANTA-SOFT-DRINK-O-35CL-0249-B2,false,,,,35cl x 2,item,300,18.0,350,0,5,,Fanta Soft Drink Orange 35cl Nigeria product pack bundle 2,Pending automated product-image enrichment,Estimated staging price — supplier verification required,,,Nigeria/Imported,2026-08-10,"Stage catalogue item; verify exact pack, image and supplier price before live sale.",,,,,unverified,35,0,pending-full,generated-staging
Fanta Soft Drink Orange 50cl - Bundle of 2,Fanta,drinks,Soft Drink Orange,BS-FANTA-SOFT-DRINK-O-50CL-0250-B2,false,,,,50cl x 2,item,400,18.0,450,0,5,,Fanta Soft Drink Orange 50cl Nigeria product pack bundle 2,Pending automated product-image enrichment,Estimated staging price — supplier verification required,,,Nigeria/Imported,2026-08-10,"Stage catalogue item; verify exact pack, image and supplier price before live sale.",,,,,unverified,35,0,pending-full,generated-staging
Fanta Soft Drink Orange 1L - Bundle of 2,Fanta,drinks,Soft Drink Orange,BS-FANTA-SOFT-DRINK-O-1L-0251-B2,false,,,,1L x 2,item,800,18.0,950,0,5,,Fanta Soft Drink Orange 1L Nigeria product pack bundle 2,Pending automated product-image enrichment,Estimated staging price — supplier verification required,,,Nigeria/Imported,2026-08-10,"Stage catalogue item; verify exact pack, image and supplier price before live sale.",,,,,unverified,35,0,pending-full,generated-staging
Fanta Soft Drink Orange 1.5L - Bundle of 2,Fanta,drinks,Soft Drink Orange,BS-FANTA-SOFT-DRINK-O-1-5L-0252-B2,false,,,,1.5L x 2,item,1250,18.0,1500,0,5,,Fanta Soft Drink Orange 1.5L Nigeria product pack bundle 2,Pending automated product-image enrichment,Estimated staging price — supplier verification required,,,Nigeria/Imported,2026-08-10,"Stage catalogue item; verify exact pack, image and supplier price before live sale.",,,,,unverified,35,0,pending-full,generated-staging
Fanta Soft Drink Orange 50cl x 12 - Bundle of 2,Fanta,drinks,Soft Drink Orange,BS-FANTA-SOFT-DRINK-O-50CL-X-12-0253-B2,false,,,,50cl x 12 x 2,item,4350,18.0,5150,0,5,,Fanta Soft Drink Orange 50cl x 12 Nigeria product pack bundle 2,Pending automated product-image enrichment,Estimated staging price — supplier verification required,,,Nigeria/Imported,2026-08-10,"Stage catalogue item; verify exact pack, image and supplier price before live sale.",,,,,unverified,35,0,pending-full,generated-staging
Sprite Soft Drink Lemon-Lime 35cl - Bundle of 2,Sprite,drinks,Soft Drink Lemon-Lime,BS-SPRITE-SOFT-DRINK-L-35CL-0254-B2,false,,,,35cl x 2,item,300,18.0,350,0,5,,Sprite Soft Drink Lemon-Lime 35cl Nigeria product pack bundle 2,Pending automated product-image enrichment,Estimated staging price — supplier verification required,,,Nigeria/Imported,2026-08-10,"Stage catalogue item; verify exact pack, image and supplier price before live sale.",,,,,unverified,35,0,pending-full,generated-staging
Sprite Soft Drink Lemon-Lime 50cl - Bundle of 2,Sprite,drinks,Soft Drink Lemon-Lime,BS-SPRITE-SOFT-DRINK-L-50CL-0255-B2,false,,,,50cl x 2,item,400,18.0,450,0,5,,Sprite Soft Drink Lemon-Lime 50cl Nigeria product pack bundle 2,Pending automated product-image enrichment,Estimated staging price — supplier verification required,,,Nigeria/Imported,2026-08-10,"Stage catalogue item; verify exact pack, image and supplier price before live sale.",,,,,unverified,35,0,pending-full,generated-staging
Sprite Soft Drink Lemon-Lime 1L - Bundle of 2,Sprite,drinks,Soft Drink Lemon-Lime,BS-SPRITE-SOFT-DRINK-L-1L-0256-B2,false,,,,1L x 2,item,850,18.0,1000,0,5,,Sprite Soft Drink Lemon-Lime 1L Nigeria product pack bundle 2,Pending automated product-image enrichment,Estimated staging price — supplier verification required,,,Nigeria/Imported,2026-08-10,"Stage catalogue item; verify exact pack, image and supplier price before live sale.",,,,,unverified,35,0,pending-full,generated-staging
Sprite Soft Drink Lemon-Lime 1.5L - Bundle of 2,Sprite,drinks,Soft Drink Lemon-Lime,BS-SPRITE-SOFT-DRINK-L-1-5L-0257-B2,false,,,,1.5L x 2,item,1050,18.0,1250,0,5,,Sprite Soft Drink Lemon-Lime 1.5L Nigeria product pack bundle 2,Pending automated product-image enrichment,Estimated staging price — supplier verification required,,,Nigeria/Imported,2026-08-10,"Stage catalogue item; verify exact pack, image and supplier price before live sale.",,,,,unverified,35,0,pending-full,generated-staging
Sprite Soft Drink Lemon-Lime 50cl x 12 - Bundle of 2,Sprite,drinks,Soft Drink Lemon-Lime,BS-SPRITE-SOFT-DRINK-L-50CL-X-12-0258-B2,false,,,,50cl x 12 x 2,item,4450,18.0,5250,0,5,,Sprite Soft Drink Lemon-Lime 50cl x 12 Nigeria product pack bundle 2,Pending automated product-image enrichment,Estimated staging price — supplier verification required,,,Nigeria/Imported,2026-08-10,"Stage catalogue item; verify exact pack, image and supplier price before live sale.",,,,,unverified,35,0,pending-full,generated-staging
Chivita Fruit Juice 315ml - Bundle of 2,Chivita,drinks,Fruit Juice,BS-CHIVITA-FRUIT-JUICE-315ML-0259-B2,false,,,,315ml x 2,item,500,18.0,600,0,5,,Chivita Fruit Juice 315ml Nigeria product pack bundle 2,Pending automated product-image enrichment,Estimated staging price — supplier verification required,,,Nigeria/Imported,2026-08-10,"Stage catalogue item; verify exact pack, image and supplier price before live sale.",,,,,unverified,35,0,pending-full,generated-staging
Chivita Fruit Juice 1L - Bundle of 2,Chivita,drinks,Fruit Juice,BS-CHIVITA-FRUIT-JUICE-1L-0260-B2,false,,,,1L x 2,item,1950,18.0,2300,0,5,,Chivita Fruit Juice 1L Nigeria product pack bundle 2,Pending automated product-image enrichment,Estimated staging price — supplier verification required,,,Nigeria/Imported,2026-08-10,"Stage catalogue item; verify exact pack, image and supplier price before live sale.",,,,,unverified,35,0,pending-full,generated-staging
Five Alive Fruit Juice 350ml - Bundle of 2,Five Alive,drinks,Fruit Juice,BS-FIVE-ALI-FRUIT-JUICE-350ML-0261-B2,false,,,,350ml x 2,item,600,18.0,700,0,5,,Five Alive Fruit Juice 350ml Nigeria product pack bundle 2,Pending automated product-image enrichment,Estimated staging price — supplier verification required,,,Nigeria/Imported,2026-08-10,"Stage catalogue item; verify exact pack, image and supplier price before live sale.",,,,,unverified,35,0,pending-full,generated-staging
Five Alive Fruit Juice 1L - Bundle of 2,Five Alive,drinks,Fruit Juice,BS-FIVE-ALI-FRUIT-JUICE-1L-0262-B2,false,,,,1L x 2,item,1750,18.0,2050,0,5,,Five Alive Fruit Juice 1L Nigeria product pack bundle 2,Pending automated product-image enrichment,Estimated staging price — supplier verification required,,,Nigeria/Imported,2026-08-10,"Stage catalogue item; verify exact pack, image and supplier price before live sale.",,,,,unverified,35,0,pending-full,generated-staging
Eva Bottled Water 75cl - Bundle of 2,Eva,drinks,Bottled Water,BS-EVA-BOTTLED-WATE-75CL-0263-B2,false,,,,75cl x 2,item,400,18.0,450,0,5,,Eva Bottled Water 75cl Nigeria product pack bundle 2,Pending automated product-image enrichment,Estimated staging price — supplier verification required,,,Nigeria/Imported,2026-08-10,"Stage catalogue item; verify exact pack, image and supplier price before live sale.",,,,,unverified,35,0,pending-full,generated-staging
Eva Bottled Water 1.5L - Bundle of 2,Eva,drinks,Bottled Water,BS-EVA-BOTTLED-WATE-1-5L-0264-B2,false,,,,1.5L x 2,item,850,18.0,1000,0,5,,Eva Bottled Water 1.5L Nigeria product pack bundle 2,Pending automated product-image enrichment,Estimated staging price — supplier verification required,,,Nigeria/Imported,2026-08-10,"Stage catalogue item; verify exact pack, image and supplier price before live sale.",,,,,unverified,35,0,pending-full,generated-staging
Eva Bottled Water 75cl x 12 - Bundle of 2,Eva,drinks,Bottled Water,BS-EVA-BOTTLED-WATE-75CL-X-12-0265-B2,false,,,,75cl x 12 x 2,item,5650,18.0,6650,0,5,,Eva Bottled Water 75cl x 12 Nigeria product pack bundle 2,Pending automated product-image enrichment,Estimated staging price — supplier verification required,,,Nigeria/Imported,2026-08-10,"Stage catalogue item; verify exact pack, image and supplier price before live sale.",,,,,unverified,35,0,pending-full,generated-staging
Nestlé Pure Life Bottled Water 60cl - Bundle of 2,Nestlé Pure Life,drinks,Bottled Water,BS-NESTL-PU-BOTTLED-WATE-60CL-0266-B2,false,,,,60cl x 2,item,400,18.0,450,0,5,,Nestlé Pure Life Bottled Water 60cl Nigeria product pack bundle 2,Pending automated product-image enrichment,Estimated staging price — supplier verification required,,,Nigeria/Imported,2026-08-10,"Stage catalogue item; verify exact pack, image and supplier price before live sale.",,,,,unverified,35,0,pending-full,generated-staging
Nestlé Pure Life Bottled Water 1.5L - Bundle of 2,Nestlé Pure Life,drinks,Bottled Water,BS-NESTL-PU-BOTTLED-WATE-1-5L-0267-B2,false,,,,1.5L x 2,item,850,18.0,1000,0,5,,Nestlé Pure Life Bottled Water 1.5L Nigeria product pack bundle 2,Pending automated product-image enrichment,Estimated staging price — supplier verification required,,,Nigeria/Imported,2026-08-10,"Stage catalogue item; verify exact pack, image and supplier price before live sale.",,,,,unverified,35,0,pending-full,generated-staging
Nestlé Pure Life Bottled Water 60cl x 12 - Bundle of 2,Nestlé Pure Life,drinks,Bottled Water,BS-NESTL-PU-BOTTLED-WATE-60CL-X-12-0268-B2,false,,,,60cl x 12 x 2,item,4250,18.0,5000,0,5,,Nestlé Pure Life Bottled Water 60cl x 12 Nigeria product pack bundle 2,Pending automated product-image enrichment,Estimated staging price — supplier verification required,,,Nigeria/Imported,2026-08-10,"Stage catalogue item; verify exact pack, image and supplier price before live sale.",,,,,unverified,35,0,pending-full,generated-staging
Eggs 6 pcs - Bundle of 2,Farm Fresh,fresh,Eggs,BS-FARM-FRE-EGGS-6-PCS-0269-B2,false,,,,6 pcs x 2,item,2400,24.0,3000,0,5,,Farm Fresh Eggs 6 pcs Nigeria product pack bundle 2,Pending automated product-image enrichment,Estimated staging price — supplier verification required,,,Nigeria/Imported,2026-08-10,"Stage catalogue item; verify exact pack, image and supplier price before live sale.",,,,,unverified,35,0,pending-full,generated-staging
Eggs 12 pcs - Bundle of 2,Farm Fresh,fresh,Eggs,BS-FARM-FRE-EGGS-12-PCS-0270-B2,false,,,,12 pcs x 2,item,4250,24.0,5250,0,5,,Farm Fresh Eggs 12 pcs Nigeria product pack bundle 2,Pending automated product-image enrichment,Estimated staging price — supplier verification required,,,Nigeria/Imported,2026-08-10,"Stage catalogue item; verify exact pack, image and supplier price before live sale.",,,,,unverified,35,0,pending-full,generated-staging
Eggs 30 pcs - Bundle of 2,Farm Fresh,fresh,Eggs,BS-FARM-FRE-EGGS-30-PCS-0271-B2,false,,,,30 pcs x 2,item,12400,24.0,15400,0,5,,Farm Fresh Eggs 30 pcs Nigeria product pack bundle 2,Pending automated product-image enrichment,Estimated staging price — supplier verification required,,,Nigeria/Imported,2026-08-10,"Stage catalogue item; verify exact pack, image and supplier price before live sale.",,,,,unverified,35,0,pending-full,generated-staging
Tomatoes 500g - Bundle of 2,Fresh,fresh,Tomatoes,BS-FRESH-TOMATOES-500G-0272-B2,false,,,,500g x 2,item,1150,24.0,1450,0,5,,Fresh Tomatoes 500g Nigeria product pack bundle 2,Pending automated product-image enrichment,Estimated staging price — supplier verification required,,,Nigeria/Imported,2026-08-10,"Stage catalogue item; verify exact pack, image and supplier price before live sale.",,,,,unverified,35,0,pending-full,generated-staging
Tomatoes 1kg - Bundle of 2,Fresh,fresh,Tomatoes,BS-FRESH-TOMATOES-1KG-0273-B2,false,,,,1kg x 2,item,2400,24.0,3000,0,5,,Fresh Tomatoes 1kg Nigeria product pack bundle 2,Pending automated product-image enrichment,Estimated staging price — supplier verification required,,,Nigeria/Imported,2026-08-10,"Stage catalogue item; verify exact pack, image and supplier price before live sale.",,,,,unverified,35,0,pending-full,generated-staging
Tomatoes 2kg - Bundle of 2,Fresh,fresh,Tomatoes,BS-FRESH-TOMATOES-2KG-0274-B2,false,,,,2kg x 2,item,5050,24.0,6250,0,5,,Fresh Tomatoes 2kg Nigeria product pack bundle 2,Pending automated product-image enrichment,Estimated staging price — supplier verification required,,,Nigeria/Imported,2026-08-10,"Stage catalogue item; verify exact pack, image and supplier price before live sale.",,,,,unverified,35,0,pending-full,generated-staging
Tomatoes 5kg - Bundle of 2,Fresh,fresh,Tomatoes,BS-FRESH-TOMATOES-5KG-0275-B2,false,,,,5kg x 2,item,10950,24.0,13600,0,5,,Fresh Tomatoes 5kg Nigeria product pack bundle 2,Pending automated product-image enrichment,Estimated staging price — supplier verification required,,,Nigeria/Imported,2026-08-10,"Stage catalogue item; verify exact pack, image and supplier price before live sale.",,,,,unverified,35,0,pending-full,generated-staging
Red Onion 500g - Bundle of 2,Fresh,fresh,Red Onion,BS-FRESH-RED-ONION-500G-0276-B2,false,,,,500g x 2,item,850,24.0,1050,0,5,,Fresh Red Onion 500g Nigeria product pack bundle 2,Pending automated product-image enrichment,Estimated staging price — supplier verification required,,,Nigeria/Imported,2026-08-10,"Stage catalogue item; verify exact pack, image and supplier price before live sale.",,,,,unverified,35,0,pending-full,generated-staging
Red Onion 1kg - Bundle of 2,Fresh,fresh,Red Onion,BS-FRESH-RED-ONION-1KG-0277-B2,false,,,,1kg x 2,item,1850,24.0,2300,0,5,,Fresh Red Onion 1kg Nigeria product pack bundle 2,Pending automated product-image enrichment,Estimated staging price — supplier verification required,,,Nigeria/Imported,2026-08-10,"Stage catalogue item; verify exact pack, image and supplier price before live sale.",,,,,unverified,35,0,pending-full,generated-staging
Red Onion 2kg - Bundle of 2,Fresh,fresh,Red Onion,BS-FRESH-RED-ONION-2KG-0278-B2,false,,,,2kg x 2,item,4000,24.0,4950,0,5,,Fresh Red Onion 2kg Nigeria product pack bundle 2,Pending automated product-image enrichment,Estimated staging price — supplier verification required,,,Nigeria/Imported,2026-08-10,"Stage catalogue item; verify exact pack, image and supplier price before live sale.",,,,,unverified,35,0,pending-full,generated-staging
Red Onion 5kg - Bundle of 2,Fresh,fresh,Red Onion,BS-FRESH-RED-ONION-5KG-0279-B2,false,,,,5kg x 2,item,9400,24.0,11650,0,5,,Fresh Red Onion 5kg Nigeria product pack bundle 2,Pending automated product-image enrichment,Estimated staging price — supplier verification required,,,Nigeria/Imported,2026-08-10,"Stage catalogue item; verify exact pack, image and supplier price before live sale.",,,,,unverified,35,0,pending-full,generated-staging
Pepper 250g - Bundle of 2,Fresh,fresh,Pepper,BS-FRESH-PEPPER-250G-0280-B2,false,,,,250g x 2,item,700,24.0,850,0,5,,Fresh Pepper 250g Nigeria product pack bundle 2,Pending automated product-image enrichment,Estimated staging price — supplier verification required,,,Nigeria/Imported,2026-08-10,"Stage catalogue item; verify exact pack, image and supplier price before live sale.",,,,,unverified,35,0,pending-full,generated-staging
Pepper 500g - Bundle of 2,Fresh,fresh,Pepper,BS-FRESH-PEPPER-500G-0281-B2,false,,,,500g x 2,item,1450,24.0,1800,0,5,,Fresh Pepper 500g Nigeria product pack bundle 2,Pending automated product-image enrichment,Estimated staging price — supplier verification required,,,Nigeria/Imported,2026-08-10,"Stage catalogue item; verify exact pack, image and supplier price before live sale.",,,,,unverified,35,0,pending-full,generated-staging
Pepper 1kg - Bundle of 2,Fresh,fresh,Pepper,BS-FRESH-PEPPER-1KG-0282-B2,false,,,,1kg x 2,item,2600,24.0,3200,0,5,,Fresh Pepper 1kg Nigeria product pack bundle 2,Pending automated product-image enrichment,Estimated staging price — supplier verification required,,,Nigeria/Imported,2026-08-10,"Stage catalogue item; verify exact pack, image and supplier price before live sale.",,,,,unverified,35,0,pending-full,generated-staging
Pepper 2kg - Bundle of 2,Fresh,fresh,Pepper,BS-FRESH-PEPPER-2KG-0283-B2,false,,,,2kg x 2,item,5650,24.0,7000,0,5,,Fresh Pepper 2kg Nigeria product pack bundle 2,Pending automated product-image enrichment,Estimated staging price — supplier verification required,,,Nigeria/Imported,2026-08-10,"Stage catalogue item; verify exact pack, image and supplier price before live sale.",,,,,unverified,35,0,pending-full,generated-staging
Plantain 1kg - Bundle of 2,Fresh,fresh,Plantain,BS-FRESH-PLANTAIN-1KG-0284-B2,false,,,,1kg x 2,item,2250,24.0,2800,0,5,,Fresh Plantain 1kg Nigeria product pack bundle 2,Pending automated product-image enrichment,Estimated staging price — supplier verification required,,,Nigeria/Imported,2026-08-10,"Stage catalogue item; verify exact pack, image and supplier price before live sale.",,,,,unverified,35,0,pending-full,generated-staging
Plantain 2kg - Bundle of 2,Fresh,fresh,Plantain,BS-FRESH-PLANTAIN-2KG-0285-B2,false,,,,2kg x 2,item,4650,24.0,5750,0,5,,Fresh Plantain 2kg Nigeria product pack bundle 2,Pending automated product-image enrichment,Estimated staging price — supplier verification required,,,Nigeria/Imported,2026-08-10,"Stage catalogue item; verify exact pack, image and supplier price before live sale.",,,,,unverified,35,0,pending-full,generated-staging
Plantain 5kg - Bundle of 2,Fresh,fresh,Plantain,BS-FRESH-PLANTAIN-5KG-0286-B2,false,,,,5kg x 2,item,12600,24.0,15600,0,5,,Fresh Plantain 5kg Nigeria product pack bundle 2,Pending automated product-image enrichment,Estimated staging price — supplier verification required,,,Nigeria/Imported,2026-08-10,"Stage catalogue item; verify exact pack, image and supplier price before live sale.",,,,,unverified,35,0,pending-full,generated-staging
Yam Tuber 1 medium - Bundle of 2,Fresh,fresh,Yam Tuber,BS-FRESH-YAM-TUBER-1-MEDIUM-0287-B2,false,,,,1 medium x 2,item,5250,24.0,6500,0,5,,Fresh Yam Tuber 1 medium Nigeria product pack bundle 2,Pending automated product-image enrichment,Estimated staging price — supplier verification required,,,Nigeria/Imported,2026-08-10,"Stage catalogue item; verify exact pack, image and supplier price before live sale.",,,,,unverified,35,0,pending-full,generated-staging
Yam Tuber 1 large - Bundle of 2,Fresh,fresh,Yam Tuber,BS-FRESH-YAM-TUBER-1-LARGE-0288-B2,false,,,,1 large x 2,item,4550,24.0,5650,0,5,,Fresh Yam Tuber 1 large Nigeria product pack bundle 2,Pending automated product-image enrichment,Estimated staging price — supplier verification required,,,Nigeria/Imported,2026-08-10,"Stage catalogue item; verify exact pack, image and supplier price before live sale.",,,,,unverified,35,0,pending-full,generated-staging
Yam Tuber 5 tubers - Bundle of 2,Fresh,fresh,Yam Tuber,BS-FRESH-YAM-TUBER-5-TUBERS-0289-B2,false,,,,5 tubers x 2,item,4850,24.0,6000,0,5,,Fresh Yam Tuber 5 tubers Nigeria product pack bundle 2,Pending automated product-image enrichment,Estimated staging price — supplier verification required,,,Nigeria/Imported,2026-08-10,"Stage catalogue item; verify exact pack, image and supplier price before live sale.",,,,,unverified,35,0,pending-full,generated-staging
Irish Potato 1kg - Bundle of 2,Fresh,fresh,Irish Potato,BS-FRESH-IRISH-POTATO-1KG-0290-B2,false,,,,1kg x 2,item,3000,24.0,3700,0,5,,Fresh Irish Potato 1kg Nigeria product pack bundle 2,Pending automated product-image enrichment,Estimated staging price — supplier verification required,,,Nigeria/Imported,2026-08-10,"Stage catalogue item; verify exact pack, image and supplier price before live sale.",,,,,unverified,35,0,pending-full,generated-staging
Irish Potato 2kg - Bundle of 2,Fresh,fresh,Irish Potato,BS-FRESH-IRISH-POTATO-2KG-0291-B2,false,,,,2kg x 2,item,5700,24.0,7050,0,5,,Fresh Irish Potato 2kg Nigeria product pack bundle 2,Pending automated product-image enrichment,Estimated staging price — supplier verification required,,,Nigeria/Imported,2026-08-10,"Stage catalogue item; verify exact pack, image and supplier price before live sale.",,,,,unverified,35,0,pending-full,generated-staging
Irish Potato 5kg - Bundle of 2,Fresh,fresh,Irish Potato,BS-FRESH-IRISH-POTATO-5KG-0292-B2,false,,,,5kg x 2,item,16400,24.0,20350,0,5,,Fresh Irish Potato 5kg Nigeria product pack bundle 2,Pending automated product-image enrichment,Estimated staging price — supplier verification required,,,Nigeria/Imported,2026-08-10,"Stage catalogue item; verify exact pack, image and supplier price before live sale.",,,,,unverified,35,0,pending-full,generated-staging
Sweet Potato 1kg - Bundle of 2,Fresh,fresh,Sweet Potato,BS-FRESH-SWEET-POTATO-1KG-0293-B2,false,,,,1kg x 2,item,2600,24.0,3200,0,5,,Fresh Sweet Potato 1kg Nigeria product pack bundle 2,Pending automated product-image enrichment,Estimated staging price — supplier verification required,,,Nigeria/Imported,2026-08-10,"Stage catalogue item; verify exact pack, image and supplier price before live sale.",,,,,unverified,35,0,pending-full,generated-staging
Sweet Potato 2kg - Bundle of 2,Fresh,fresh,Sweet Potato,BS-FRESH-SWEET-POTATO-2KG-0294-B2,false,,,,2kg x 2,item,4850,24.0,6000,0,5,,Fresh Sweet Potato 2kg Nigeria product pack bundle 2,Pending automated product-image enrichment,Estimated staging price — supplier verification required,,,Nigeria/Imported,2026-08-10,"Stage catalogue item; verify exact pack, image and supplier price before live sale.",,,,,unverified,35,0,pending-full,generated-staging
Sweet Potato 5kg - Bundle of 2,Fresh,fresh,Sweet Potato,BS-FRESH-SWEET-POTATO-5KG-0295-B2,false,,,,5kg x 2,item,13300,24.0,16500,0,5,,Fresh Sweet Potato 5kg Nigeria product pack bundle 2,Pending automated product-image enrichment,Estimated staging price — supplier verification required,,,Nigeria/Imported,2026-08-10,"Stage catalogue item; verify exact pack, image and supplier price before live sale.",,,,,unverified,35,0,pending-full,generated-staging
Banana 1kg - Bundle of 2,Fresh,fresh,Banana,BS-FRESH-BANANA-1KG-0296-B2,false,,,,1kg x 2,item,2800,24.0,3450,0,5,,Fresh Banana 1kg Nigeria product pack bundle 2,Pending automated product-image enrichment,Estimated staging price — supplier verification required,,,Nigeria/Imported,2026-08-10,"Stage catalogue item; verify exact pack, image and supplier price before live sale.",,,,,unverified,35,0,pending-full,generated-staging
Banana 2kg - Bundle of 2,Fresh,fresh,Banana,BS-FRESH-BANANA-2KG-0297-B2,false,,,,2kg x 2,item,5450,24.0,6750,0,5,,Fresh Banana 2kg Nigeria product pack bundle 2,Pending automated product-image enrichment,Estimated staging price — supplier verification required,,,Nigeria/Imported,2026-08-10,"Stage catalogue item; verify exact pack, image and supplier price before live sale.",,,,,unverified,35,0,pending-full,generated-staging
Orange 1kg - Bundle of 2,Fresh,fresh,Orange,BS-FRESH-ORANGE-1KG-0298-B2,false,,,,1kg x 2,item,2150,24.0,2650,0,5,,Fresh Orange 1kg Nigeria product pack bundle 2,Pending automated product-image enrichment,Estimated staging price — supplier verification required,,,Nigeria/Imported,2026-08-10,"Stage catalogue item; verify exact pack, image and supplier price before live sale.",,,,,unverified,35,0,pending-full,generated-staging
Orange 2kg - Bundle of 2,Fresh,fresh,Orange,BS-FRESH-ORANGE-2KG-0299-B2,false,,,,2kg x 2,item,4350,24.0,5400,0,5,,Fresh Orange 2kg Nigeria product pack bundle 2,Pending automated product-image enrichment,Estimated staging price — supplier verification required,,,Nigeria/Imported,2026-08-10,"Stage catalogue item; verify exact pack, image and supplier price before live sale.",,,,,unverified,35,0,pending-full,generated-staging
Orange 5kg - Bundle of 2,Fresh,fresh,Orange,BS-FRESH-ORANGE-5KG-0300-B2,false,,,,5kg x 2,item,12500,24.0,15500,0,5,,Fresh Orange 5kg Nigeria product pack bundle 2,Pending automated product-image enrichment,Estimated staging price — supplier verification required,,,Nigeria/Imported,2026-08-10,"Stage catalogue item; verify exact pack, image and supplier price before live sale.",,,,,unverified,35,0,pending-full,generated-staging
Pineapple 1 piece - Bundle of 2,Fresh,fresh,Pineapple,BS-FRESH-PINEAPPLE-1-PIECE-0301-B2,false,,,,1 piece x 2,item,3800,24.0,4700,0,5,,Fresh Pineapple 1 piece Nigeria product pack bundle 2,Pending automated product-image enrichment,Estimated staging price — supplier verification required,,,Nigeria/Imported,2026-08-10,"Stage catalogue item; verify exact pack, image and supplier price before live sale.",,,,,unverified,35,0,pending-full,generated-staging
Pineapple 3 pieces - Bundle of 2,Fresh,fresh,Pineapple,BS-FRESH-PINEAPPLE-3-PIECES-0302-B2,false,,,,3 pieces x 2,item,3600,24.0,4450,0,5,,Fresh Pineapple 3 pieces Nigeria product pack bundle 2,Pending automated product-image enrichment,Estimated staging price — supplier verification required,,,Nigeria/Imported,2026-08-10,"Stage catalogue item; verify exact pack, image and supplier price before live sale.",,,,,unverified,35,0,pending-full,generated-staging
Chicken Whole 1kg - Bundle of 2,Frozen,fresh,Chicken Whole,BS-FROZEN-CHICKEN-WHOL-1KG-0303-B2,false,,,,1kg x 2,item,7300,24.0,9050,0,5,,Frozen Chicken Whole 1kg Nigeria product pack bundle 2,Pending automated product-image enrichment,Estimated staging price — supplier verification required,,,Nigeria/Imported,2026-08-10,"Stage catalogue item; verify exact pack, image and supplier price before live sale.",,,,,unverified,35,0,pending-full,generated-staging
Chicken Whole 2kg - Bundle of 2,Frozen,fresh,Chicken Whole,BS-FROZEN-CHICKEN-WHOL-2KG-0304-B2,false,,,,2kg x 2,item,13850,24.0,17150,0,5,,Frozen Chicken Whole 2kg Nigeria product pack bundle 2,Pending automated product-image enrichment,Estimated staging price — supplier verification required,,,Nigeria/Imported,2026-08-10,"Stage catalogue item; verify exact pack, image and supplier price before live sale.",,,,,unverified,35,0,pending-full,generated-staging
Chicken Whole 5kg - Bundle of 2,Frozen,fresh,Chicken Whole,BS-FROZEN-CHICKEN-WHOL-5KG-0305-B2,false,,,,5kg x 2,item,32100,24.0,39800,0,5,,Frozen Chicken Whole 5kg Nigeria product pack bundle 2,Pending automated product-image enrichment,Estimated staging price — supplier verification required,,,Nigeria/Imported,2026-08-10,"Stage catalogue item; verify exact pack, image and supplier price before live sale.",,,,,unverified,35,0,pending-full,generated-staging
Chicken Whole 10kg - Bundle of 2,Frozen,fresh,Chicken Whole,BS-FROZEN-CHICKEN-WHOL-10KG-0306-B2,false,,,,10kg x 2,item,64000,24.0,79350,0,5,,Frozen Chicken Whole 10kg Nigeria product pack bundle 2,Pending automated product-image enrichment,Estimated staging price — supplier verification required,,,Nigeria/Imported,2026-08-10,"Stage catalogue item; verify exact pack, image and supplier price before live sale.",,,,,unverified,35,0,pending-full,generated-staging
Turkey 1kg - Bundle of 2,Frozen,fresh,Turkey,BS-FROZEN-TURKEY-1KG-0307-B2,false,,,,1kg x 2,item,9500,24.0,11800,0,5,,Frozen Turkey 1kg Nigeria product pack bundle 2,Pending automated product-image enrichment,Estimated staging price — supplier verification required,,,Nigeria/Imported,2026-08-10,"Stage catalogue item; verify exact pack, image and supplier price before live sale.",,,,,unverified,35,0,pending-full,generated-staging
Turkey 2kg - Bundle of 2,Frozen,fresh,Turkey,BS-FROZEN-TURKEY-2KG-0308-B2,false,,,,2kg x 2,item,20950,24.0,26000,0,5,,Frozen Turkey 2kg Nigeria product pack bundle 2,Pending automated product-image enrichment,Estimated staging price — supplier verification required,,,Nigeria/Imported,2026-08-10,"Stage catalogue item; verify exact pack, image and supplier price before live sale.",,,,,unverified,35,0,pending-full,generated-staging
Turkey 5kg - Bundle of 2,Frozen,fresh,Turkey,BS-FROZEN-TURKEY-5KG-0309-B2,false,,,,5kg x 2,item,51600,24.0,64000,0,5,,Frozen Turkey 5kg Nigeria product pack bundle 2,Pending automated product-image enrichment,Estimated staging price — supplier verification required,,,Nigeria/Imported,2026-08-10,"Stage catalogue item; verify exact pack, image and supplier price before live sale.",,,,,unverified,35,0,pending-full,generated-staging
Turkey 10kg - Bundle of 2,Frozen,fresh,Turkey,BS-FROZEN-TURKEY-10KG-0310-B2,false,,,,10kg x 2,item,104300,24.0,129350,0,5,,Frozen Turkey 10kg Nigeria product pack bundle 2,Pending automated product-image enrichment,Estimated staging price — supplier verification required,,,Nigeria/Imported,2026-08-10,"Stage catalogue item; verify exact pack, image and supplier price before live sale.",,,,,unverified,35,0,pending-full,generated-staging
Beef 500g - Bundle of 2,Fresh,fresh,Beef,BS-FRESH-BEEF-500G-0311-B2,false,,,,500g x 2,item,4350,24.0,5400,0,5,,Fresh Beef 500g Nigeria product pack bundle 2,Pending automated product-image enrichment,Estimated staging price — supplier verification required,,,Nigeria/Imported,2026-08-10,"Stage catalogue item; verify exact pack, image and supplier price before live sale.",,,,,unverified,35,0,pending-full,generated-staging
Beef 1kg - Bundle of 2,Fresh,fresh,Beef,BS-FRESH-BEEF-1KG-0312-B2,false,,,,1kg x 2,item,7750,24.0,9600,0,5,,Fresh Beef 1kg Nigeria product pack bundle 2,Pending automated product-image enrichment,Estimated staging price — supplier verification required,,,Nigeria/Imported,2026-08-10,"Stage catalogue item; verify exact pack, image and supplier price before live sale.",,,,,unverified,35,0,pending-full,generated-staging
Beef 2kg - Bundle of 2,Fresh,fresh,Beef,BS-FRESH-BEEF-2KG-0313-B2,false,,,,2kg x 2,item,15700,24.0,19450,0,5,,Fresh Beef 2kg Nigeria product pack bundle 2,Pending automated product-image enrichment,Estimated staging price — supplier verification required,,,Nigeria/Imported,2026-08-10,"Stage catalogue item; verify exact pack, image and supplier price before live sale.",,,,,unverified,35,0,pending-full,generated-staging
Beef 5kg - Bundle of 2,Fresh,fresh,Beef,BS-FRESH-BEEF-5KG-0314-B2,false,,,,5kg x 2,item,38200,24.0,47350,0,5,,Fresh Beef 5kg Nigeria product pack bundle 2,Pending automated product-image enrichment,Estimated staging price — supplier verification required,,,Nigeria/Imported,2026-08-10,"Stage catalogue item; verify exact pack, image and supplier price before live sale.",,,,,unverified,35,0,pending-full,generated-staging
Mackerel Fish 1kg - Bundle of 2,Frozen,fresh,Mackerel Fish,BS-FROZEN-MACKEREL-FIS-1KG-0315-B2,false,,,,1kg x 2,item,8250,24.0,10250,0,5,,Frozen Mackerel Fish 1kg Nigeria product pack bundle 2,Pending automated product-image enrichment,Estimated staging price — supplier verification required,,,Nigeria/Imported,2026-08-10,"Stage catalogue item; verify exact pack, image and supplier price before live sale.",,,,,unverified,35,0,pending-full,generated-staging
Mackerel Fish 2kg - Bundle of 2,Frozen,fresh,Mackerel Fish,BS-FROZEN-MACKEREL-FIS-2KG-0316-B2,false,,,,2kg x 2,item,16800,24.0,20850,0,5,,Frozen Mackerel Fish 2kg Nigeria product pack bundle 2,Pending automated product-image enrichment,Estimated staging price — supplier verification required,,,Nigeria/Imported,2026-08-10,"Stage catalogue item; verify exact pack, image and supplier price before live sale.",,,,,unverified,35,0,pending-full,generated-staging
Mackerel Fish 5kg - Bundle of 2,Frozen,fresh,Mackerel Fish,BS-FROZEN-MACKEREL-FIS-5KG-0317-B2,false,,,,5kg x 2,item,38500,24.0,47750,0,5,,Frozen Mackerel Fish 5kg Nigeria product pack bundle 2,Pending automated product-image enrichment,Estimated staging price — supplier verification required,,,Nigeria/Imported,2026-08-10,"Stage catalogue item; verify exact pack, image and supplier price before live sale.",,,,,unverified,35,0,pending-full,generated-staging
Ariel Laundry Detergent 200g - Bundle of 2,Ariel,household,Laundry Detergent,BS-ARIEL-LAUNDRY-DETE-200G-0318-B2,false,,,,200g x 2,item,700,22.0,850,0,5,,Ariel Laundry Detergent 200g Nigeria product pack bundle 2,Pending automated product-image enrichment,Estimated staging price — supplier verification required,,,Nigeria/Imported,2026-08-10,"Stage catalogue item; verify exact pack, image and supplier price before live sale.",,,,,unverified,35,0,pending-full,generated-staging
Ariel Laundry Detergent 500g - Bundle of 2,Ariel,household,Laundry Detergent,BS-ARIEL-LAUNDRY-DETE-500G-0319-B2,false,,,,500g x 2,item,1550,22.0,1900,0,5,,Ariel Laundry Detergent 500g Nigeria product pack bundle 2,Pending automated product-image enrichment,Estimated staging price — supplier verification required,,,Nigeria/Imported,2026-08-10,"Stage catalogue item; verify exact pack, image and supplier price before live sale.",,,,,unverified,35,0,pending-full,generated-staging
Ariel Laundry Detergent 1kg - Bundle of 2,Ariel,household,Laundry Detergent,BS-ARIEL-LAUNDRY-DETE-1KG-0320-B2,false,,,,1kg x 2,item,3600,22.0,4400,0,5,,Ariel Laundry Detergent 1kg Nigeria product pack bundle 2,Pending automated product-image enrichment,Estimated staging price — supplier verification required,,,Nigeria/Imported,2026-08-10,"Stage catalogue item; verify exact pack, image and supplier price before live sale.",,,,,unverified,35,0,pending-full,generated-staging
Ariel Laundry Detergent 2kg - Bundle of 2,Ariel,household,Laundry Detergent,BS-ARIEL-LAUNDRY-DETE-2KG-0321-B2,false,,,,2kg x 2,item,7100,22.0,8650,0,5,,Ariel Laundry Detergent 2kg Nigeria product pack bundle 2,Pending automated product-image enrichment,Estimated staging price — supplier verification required,,,Nigeria/Imported,2026-08-10,"Stage catalogue item; verify exact pack, image and supplier price before live sale.",,,,,unverified,35,0,pending-full,generated-staging
Omo Laundry Detergent 200g - Bundle of 2,Omo,household,Laundry Detergent,BS-OMO-LAUNDRY-DETE-200G-0322-B2,false,,,,200g x 2,item,700,22.0,850,0,5,,Omo Laundry Detergent 200g Nigeria product pack bundle 2,Pending automated product-image enrichment,Estimated staging price — supplier verification required,,,Nigeria/Imported,2026-08-10,"Stage catalogue item; verify exact pack, image and supplier price before live sale.",,,,,unverified,35,0,pending-full,generated-staging
Omo Laundry Detergent 500g - Bundle of 2,Omo,household,Laundry Detergent,BS-OMO-LAUNDRY-DETE-500G-0323-B2,false,,,,500g x 2,item,1750,22.0,2150,0,5,,Omo Laundry Detergent 500g Nigeria product pack bundle 2,Pending automated product-image enrichment,Estimated staging price — supplier verification required,,,Nigeria/Imported,2026-08-10,"Stage catalogue item; verify exact pack, image and supplier price before live sale.",,,,,unverified,35,0,pending-full,generated-staging
Omo Laundry Detergent 1kg - Bundle of 2,Omo,household,Laundry Detergent,BS-OMO-LAUNDRY-DETE-1KG-0324-B2,false,,,,1kg x 2,item,3500,22.0,4250,0,5,,Omo Laundry Detergent 1kg Nigeria product pack bundle 2,Pending automated product-image enrichment,Estimated staging price — supplier verification required,,,Nigeria/Imported,2026-08-10,"Stage catalogue item; verify exact pack, image and supplier price before live sale.",,,,,unverified,35,0,pending-full,generated-staging
Omo Laundry Detergent 2kg - Bundle of 2,Omo,household,Laundry Detergent,BS-OMO-LAUNDRY-DETE-2KG-0325-B2,false,,,,2kg x 2,item,5900,22.0,7200,0,5,,Omo Laundry Detergent 2kg Nigeria product pack bundle 2,Pending automated product-image enrichment,Estimated staging price — supplier verification required,,,Nigeria/Imported,2026-08-10,"Stage catalogue item; verify exact pack, image and supplier price before live sale.",,,,,unverified,35,0,pending-full,generated-staging
Sunlight Laundry Detergent 200g - Bundle of 2,Sunlight,household,Laundry Detergent,BS-SUNLIGHT-LAUNDRY-DETE-200G-0326-B2,false,,,,200g x 2,item,600,22.0,750,0,5,,Sunlight Laundry Detergent 200g Nigeria product pack bundle 2,Pending automated product-image enrichment,Estimated staging price — supplier verification required,,,Nigeria/Imported,2026-08-10,"Stage catalogue item; verify exact pack, image and supplier price before live sale.",,,,,unverified,35,0,pending-full,generated-staging
Sunlight Laundry Detergent 500g - Bundle of 2,Sunlight,household,Laundry Detergent,BS-SUNLIGHT-LAUNDRY-DETE-500G-0327-B2,false,,,,500g x 2,item,1450,22.0,1750,0,5,,Sunlight Laundry Detergent 500g Nigeria product pack bundle 2,Pending automated product-image enrichment,Estimated staging price — supplier verification required,,,Nigeria/Imported,2026-08-10,"Stage catalogue item; verify exact pack, image and supplier price before live sale.",,,,,unverified,35,0,pending-full,generated-staging
Sunlight Laundry Detergent 1kg - Bundle of 2,Sunlight,household,Laundry Detergent,BS-SUNLIGHT-LAUNDRY-DETE-1KG-0328-B2,false,,,,1kg x 2,item,3200,22.0,3900,0,5,,Sunlight Laundry Detergent 1kg Nigeria product pack bundle 2,Pending automated product-image enrichment,Estimated staging price — supplier verification required,,,Nigeria/Imported,2026-08-10,"Stage catalogue item; verify exact pack, image and supplier price before live sale.",,,,,unverified,35,0,pending-full,generated-staging
Sunlight Laundry Detergent 2kg - Bundle of 2,Sunlight,household,Laundry Detergent,BS-SUNLIGHT-LAUNDRY-DETE-2KG-0329-B2,false,,,,2kg x 2,item,6200,22.0,7550,0,5,,Sunlight Laundry Detergent 2kg Nigeria product pack bundle 2,Pending automated product-image enrichment,Estimated staging price — supplier verification required,,,Nigeria/Imported,2026-08-10,"Stage catalogue item; verify exact pack, image and supplier price before live sale.",,,,,unverified,35,0,pending-full,generated-staging
Morning Fresh Dishwashing Liquid 250ml - Bundle of 2,Morning Fresh,household,Dishwashing Liquid,BS-MORNING--DISHWASHING--250ML-0330-B2,false,,,,250ml x 2,item,600,22.0,750,0,5,,Morning Fresh Dishwashing Liquid 250ml Nigeria product pack bundle 2,Pending automated product-image enrichment,Estimated staging price — supplier verification required,,,Nigeria/Imported,2026-08-10,"Stage catalogue item; verify exact pack, image and supplier price before live sale.",,,,,unverified,35,0,pending-full,generated-staging
Morning Fresh Dishwashing Liquid 500ml - Bundle of 2,Morning Fresh,household,Dishwashing Liquid,BS-MORNING--DISHWASHING--500ML-0331-B2,false,,,,500ml x 2,item,1250,22.0,1500,0,5,,Morning Fresh Dishwashing Liquid 500ml Nigeria product pack bundle 2,Pending automated product-image enrichment,Estimated staging price — supplier verification required,,,Nigeria/Imported,2026-08-10,"Stage catalogue item; verify exact pack, image and supplier price before live sale.",,,,,unverified,35,0,pending-full,generated-staging
Morning Fresh Dishwashing Liquid 1L - Bundle of 2,Morning Fresh,household,Dishwashing Liquid,BS-MORNING--DISHWASHING--1L-0332-B2,false,,,,1L x 2,item,2250,22.0,2750,0,5,,Morning Fresh Dishwashing Liquid 1L Nigeria product pack bundle 2,Pending automated product-image enrichment,Estimated staging price — supplier verification required,,,Nigeria/Imported,2026-08-10,"Stage catalogue item; verify exact pack, image and supplier price before live sale.",,,,,unverified,35,0,pending-full,generated-staging
Hypo Bleach 250ml - Bundle of 2,Hypo,household,Bleach,BS-HYPO-BLEACH-250ML-0333-B2,false,,,,250ml x 2,item,400,22.0,500,0,5,,Hypo Bleach 250ml Nigeria product pack bundle 2,Pending automated product-image enrichment,Estimated staging price — supplier verification required,,,Nigeria/Imported,2026-08-10,"Stage catalogue item; verify exact pack, image and supplier price before live sale.",,,,,unverified,35,0,pending-full,generated-staging
Hypo Bleach 500ml - Bundle of 2,Hypo,household,Bleach,BS-HYPO-BLEACH-500ML-0334-B2,false,,,,500ml x 2,item,800,22.0,1000,0,5,,Hypo Bleach 500ml Nigeria product pack bundle 2,Pending automated product-image enrichment,Estimated staging price — supplier verification required,,,Nigeria/Imported,2026-08-10,"Stage catalogue item; verify exact pack, image and supplier price before live sale.",,,,,unverified,35,0,pending-full,generated-staging
Hypo Bleach 1L - Bundle of 2,Hypo,household,Bleach,BS-HYPO-BLEACH-1L-0335-B2,false,,,,1L x 2,item,1650,22.0,2000,0,5,,Hypo Bleach 1L Nigeria product pack bundle 2,Pending automated product-image enrichment,Estimated staging price — supplier verification required,,,Nigeria/Imported,2026-08-10,"Stage catalogue item; verify exact pack, image and supplier price before live sale.",,,,,unverified,35,0,pending-full,generated-staging
Dettol Toilet Soap 70g - Bundle of 2,Dettol,household,Toilet Soap,BS-DETTOL-TOILET-SOAP-70G-0336-B2,false,,,,70g x 2,item,300,22.0,350,0,5,,Dettol Toilet Soap 70g Nigeria product pack bundle 2,Pending automated product-image enrichment,Estimated staging price — supplier verification required,,,Nigeria/Imported,2026-08-10,"Stage catalogue item; verify exact pack, image and supplier price before live sale.",,,,,unverified,35,0,pending-full,generated-staging
Dettol Toilet Soap 110g - Bundle of 2,Dettol,household,Toilet Soap,BS-DETTOL-TOILET-SOAP-110G-0337-B2,false,,,,110g x 2,item,300,22.0,350,0,5,,Dettol Toilet Soap 110g Nigeria product pack bundle 2,Pending automated product-image enrichment,Estimated staging price — supplier verification required,,,Nigeria/Imported,2026-08-10,"Stage catalogue item; verify exact pack, image and supplier price before live sale.",,,,,unverified,35,0,pending-full,generated-staging
Dettol Toilet Soap 110g x 6 - Bundle of 2,Dettol,household,Toilet Soap,BS-DETTOL-TOILET-SOAP-110G-X-6-0338-B2,false,,,,110g x 6 x 2,item,1350,22.0,1650,0,5,,Dettol Toilet Soap 110g x 6 Nigeria product pack bundle 2,Pending automated product-image enrichment,Estimated staging price — supplier verification required,,,Nigeria/Imported,2026-08-10,"Stage catalogue item; verify exact pack, image and supplier price before live sale.",,,,,unverified,35,0,pending-full,generated-staging
Premier Cool Toilet Soap 70g - Bundle of 2,Premier Cool,household,Toilet Soap,BS-PREMIER--TOILET-SOAP-70G-0339-B2,false,,,,70g x 2,item,300,22.0,350,0,5,,Premier Cool Toilet Soap 70g Nigeria product pack bundle 2,Pending automated product-image enrichment,Estimated staging price — supplier verification required,,,Nigeria/Imported,2026-08-10,"Stage catalogue item; verify exact pack, image and supplier price before live sale.",,,,,unverified,35,0,pending-full,generated-staging
Premier Cool Toilet Soap 110g - Bundle of 2,Premier Cool,household,Toilet Soap,BS-PREMIER--TOILET-SOAP-110G-0340-B2,false,,,,110g x 2,item,300,22.0,350,0,5,,Premier Cool Toilet Soap 110g Nigeria product pack bundle 2,Pending automated product-image enrichment,Estimated staging price — supplier verification required,,,Nigeria/Imported,2026-08-10,"Stage catalogue item; verify exact pack, image and supplier price before live sale.",,,,,unverified,35,0,pending-full,generated-staging
Premier Cool Toilet Soap 110g x 6 - Bundle of 2,Premier Cool,household,Toilet Soap,BS-PREMIER--TOILET-SOAP-110G-X-6-0341-B2,false,,,,110g x 6 x 2,item,1050,22.0,1300,0,5,,Premier Cool Toilet Soap 110g x 6 Nigeria product pack bundle 2,Pending automated product-image enrichment,Estimated staging price — supplier verification required,,,Nigeria/Imported,2026-08-10,"Stage catalogue item; verify exact pack, image and supplier price before live sale.",,,,,unverified,35,0,pending-full,generated-staging
Lux Bath Soap 80g - Bundle of 2,Lux,household,Bath Soap,BS-LUX-BATH-SOAP-80G-0342-B2,false,,,,80g x 2,item,300,22.0,350,0,5,,Lux Bath Soap 80g Nigeria product pack bundle 2,Pending automated product-image enrichment,Estimated staging price — supplier verification required,,,Nigeria/Imported,2026-08-10,"Stage catalogue item; verify exact pack, image and supplier price before live sale.",,,,,unverified,35,0,pending-full,generated-staging
Lux Bath Soap 120g - Bundle of 2,Lux,household,Bath Soap,BS-LUX-BATH-SOAP-120G-0343-B2,false,,,,120g x 2,item,300,22.0,350,0,5,,Lux Bath Soap 120g Nigeria product pack bundle 2,Pending automated product-image enrichment,Estimated staging price — supplier verification required,,,Nigeria/Imported,2026-08-10,"Stage catalogue item; verify exact pack, image and supplier price before live sale.",,,,,unverified,35,0,pending-full,generated-staging
Lux Bath Soap 120g x 6 - Bundle of 2,Lux,household,Bath Soap,BS-LUX-BATH-SOAP-120G-X-6-0344-B2,false,,,,120g x 6 x 2,item,1150,22.0,1400,0,5,,Lux Bath Soap 120g x 6 Nigeria product pack bundle 2,Pending automated product-image enrichment,Estimated staging price — supplier verification required,,,Nigeria/Imported,2026-08-10,"Stage catalogue item; verify exact pack, image and supplier price before live sale.",,,,,unverified,35,0,pending-full,generated-staging
Closeup Toothpaste 100ml - Bundle of 2,Closeup,household,Toothpaste,BS-CLOSEUP-TOOTHPASTE-100ML-0345-B2,false,,,,100ml x 2,item,300,22.0,350,0,5,,Closeup Toothpaste 100ml Nigeria product pack bundle 2,Pending automated product-image enrichment,Estimated staging price — supplier verification required,,,Nigeria/Imported,2026-08-10,"Stage catalogue item; verify exact pack, image and supplier price before live sale.",,,,,unverified,35,0,pending-full,generated-staging
Closeup Toothpaste 140ml - Bundle of 2,Closeup,household,Toothpaste,BS-CLOSEUP-TOOTHPASTE-140ML-0346-B2,false,,,,140ml x 2,item,500,22.0,600,0,5,,Closeup Toothpaste 140ml Nigeria product pack bundle 2,Pending automated product-image enrichment,Estimated staging price — supplier verification required,,,Nigeria/Imported,2026-08-10,"Stage catalogue item; verify exact pack, image and supplier price before live sale.",,,,,unverified,35,0,pending-full,generated-staging
Closeup Toothpaste 200ml - Bundle of 2,Closeup,household,Toothpaste,BS-CLOSEUP-TOOTHPASTE-200ML-0347-B2,false,,,,200ml x 2,item,700,22.0,850,0,5,,Closeup Toothpaste 200ml Nigeria product pack bundle 2,Pending automated product-image enrichment,Estimated staging price — supplier verification required,,,Nigeria/Imported,2026-08-10,"Stage catalogue item; verify exact pack, image and supplier price before live sale.",,,,,unverified,35,0,pending-full,generated-staging
Pepsodent Toothpaste 100ml - Bundle of 2,Pepsodent,household,Toothpaste,BS-PEPSODEN-TOOTHPASTE-100ML-0348-B2,false,,,,100ml x 2,item,300,22.0,350,0,5,,Pepsodent Toothpaste 100ml Nigeria product pack bundle 2,Pending automated product-image enrichment,Estimated staging price — supplier verification required,,,Nigeria/Imported,2026-08-10,"Stage catalogue item; verify exact pack, image and supplier price before live sale.",,,,,unverified,35,0,pending-full,generated-staging
Pepsodent Toothpaste 140ml - Bundle of 2,Pepsodent,household,Toothpaste,BS-PEPSODEN-TOOTHPASTE-140ML-0349-B2,false,,,,140ml x 2,item,400,22.0,500,0,5,,Pepsodent Toothpaste 140ml Nigeria product pack bundle 2,Pending automated product-image enrichment,Estimated staging price — supplier verification required,,,Nigeria/Imported,2026-08-10,"Stage catalogue item; verify exact pack, image and supplier price before live sale.",,,,,unverified,35,0,pending-full,generated-staging
Pepsodent Toothpaste 200ml - Bundle of 2,Pepsodent,household,Toothpaste,BS-PEPSODEN-TOOTHPASTE-200ML-0350-B2,false,,,,200ml x 2,item,600,22.0,750,0,5,,Pepsodent Toothpaste 200ml Nigeria product pack bundle 2,Pending automated product-image enrichment,Estimated staging price — supplier verification required,,,Nigeria/Imported,2026-08-10,"Stage catalogue item; verify exact pack, image and supplier price before live sale.",,,,,unverified,35,0,pending-full,generated-staging
Rose Carla Tissue Paper 4 rolls - Bundle of 2,Rose Carla,household,Tissue Paper,BS-ROSE-CAR-TISSUE-PAPER-4-ROLLS-0351-B2,false,,,,4 rolls x 2,item,3200,22.0,3900,0,5,,Rose Carla Tissue Paper 4 rolls Nigeria product pack bundle 2,Pending automated product-image enrichment,Estimated staging price — supplier verification required,,,Nigeria/Imported,2026-08-10,"Stage catalogue item; verify exact pack, image and supplier price before live sale.",,,,,unverified,35,0,pending-full,generated-staging
Rose Carla Tissue Paper 10 rolls - Bundle of 2,Rose Carla,household,Tissue Paper,BS-ROSE-CAR-TISSUE-PAPER-10-ROLLS-0352-B2,false,,,,10 rolls x 2,item,4950,22.0,6050,0,5,,Rose Carla Tissue Paper 10 rolls Nigeria product pack bundle 2,Pending automated product-image enrichment,Estimated staging price — supplier verification required,,,Nigeria/Imported,2026-08-10,"Stage catalogue item; verify exact pack, image and supplier price before live sale.",,,,,unverified,35,0,pending-full,generated-staging
Rose Carla Tissue Paper 24 rolls - Bundle of 2,Rose Carla,household,Tissue Paper,BS-ROSE-CAR-TISSUE-PAPER-24-ROLLS-0353-B2,false,,,,24 rolls x 2,item,12700,22.0,15500,0,5,,Rose Carla Tissue Paper 24 rolls Nigeria product pack bundle 2,Pending automated product-image enrichment,Estimated staging price — supplier verification required,,,Nigeria/Imported,2026-08-10,"Stage catalogue item; verify exact pack, image and supplier price before live sale.",,,,,unverified,35,0,pending-full,generated-staging
Familia Tissue Paper 4 rolls - Bundle of 2,Familia,household,Tissue Paper,BS-FAMILIA-TISSUE-PAPER-4-ROLLS-0354-B2,false,,,,4 rolls x 2,item,3100,22.0,3800,0,5,,Familia Tissue Paper 4 rolls Nigeria product pack bundle 2,Pending automated product-image enrichment,Estimated staging price — supplier verification required,,,Nigeria/Imported,2026-08-10,"Stage catalogue item; verify exact pack, image and supplier price before live sale.",,,,,unverified,35,0,pending-full,generated-staging
Familia Tissue Paper 10 rolls - Bundle of 2,Familia,household,Tissue Paper,BS-FAMILIA-TISSUE-PAPER-10-ROLLS-0355-B2,false,,,,10 rolls x 2,item,6000,22.0,7300,0,5,,Familia Tissue Paper 10 rolls Nigeria product pack bundle 2,Pending automated product-image enrichment,Estimated staging price — supplier verification required,,,Nigeria/Imported,2026-08-10,"Stage catalogue item; verify exact pack, image and supplier price before live sale.",,,,,unverified,35,0,pending-full,generated-staging
Familia Tissue Paper 24 rolls - Bundle of 2,Familia,household,Tissue Paper,BS-FAMILIA-TISSUE-PAPER-24-ROLLS-0356-B2,false,,,,24 rolls x 2,item,12500,22.0,15250,0,5,,Familia Tissue Paper 24 rolls Nigeria product pack bundle 2,Pending automated product-image enrichment,Estimated staging price — supplier verification required,,,Nigeria/Imported,2026-08-10,"Stage catalogue item; verify exact pack, image and supplier price before live sale.",,,,,unverified,35,0,pending-full,generated-staging
Raid Insecticide 300ml - Bundle of 2,Raid,household,Insecticide,BS-RAID-INSECTICIDE-300ML-0357-B2,false,,,,300ml x 2,item,1550,22.0,1900,0,5,,Raid Insecticide 300ml Nigeria product pack bundle 2,Pending automated product-image enrichment,Estimated staging price — supplier verification required,,,Nigeria/Imported,2026-08-10,"Stage catalogue item; verify exact pack, image and supplier price before live sale.",,,,,unverified,35,0,pending-full,generated-staging
Raid Insecticide 500ml - Bundle of 2,Raid,household,Insecticide,BS-RAID-INSECTICIDE-500ML-0358-B2,false,,,,500ml x 2,item,2350,22.0,2850,0,5,,Raid Insecticide 500ml Nigeria product pack bundle 2,Pending automated product-image enrichment,Estimated staging price — supplier verification required,,,Nigeria/Imported,2026-08-10,"Stage catalogue item; verify exact pack, image and supplier price before live sale.",,,,,unverified,35,0,pending-full,generated-staging
Mortein Insecticide 300ml - Bundle of 2,Mortein,household,Insecticide,BS-MORTEIN-INSECTICIDE-300ML-0359-B2,false,,,,300ml x 2,item,1350,22.0,1650,0,5,,Mortein Insecticide 300ml Nigeria product pack bundle 2,Pending automated product-image enrichment,Estimated staging price — supplier verification required,,,Nigeria/Imported,2026-08-10,"Stage catalogue item; verify exact pack, image and supplier price before live sale.",,,,,unverified,35,0,pending-full,generated-staging
Mortein Insecticide 500ml - Bundle of 2,Mortein,household,Insecticide,BS-MORTEIN-INSECTICIDE-500ML-0360-B2,false,,,,500ml x 2,item,2400,22.0,2950,0,5,,Mortein Insecticide 500ml Nigeria product pack bundle 2,Pending automated product-image enrichment,Estimated staging price — supplier verification required,,,Nigeria/Imported,2026-08-10,"Stage catalogue item; verify exact pack, image and supplier price before live sale.",,,,,unverified,35,0,pending-full,generated-staging
Air Wick Air Freshener 250ml - Bundle of 2,Air Wick,household,Air Freshener,BS-AIR-WICK-AIR-FRESHENE-250ML-0361-B2,false,,,,250ml x 2,item,1750,22.0,2150,0,5,,Air Wick Air Freshener 250ml Nigeria product pack bundle 2,Pending automated product-image enrichment,Estimated staging price — supplier verification required,,,Nigeria/Imported,2026-08-10,"Stage catalogue item; verify exact pack, image and supplier price before live sale.",,,,,unverified,35,0,pending-full,generated-staging
Air Wick Air Freshener 300ml - Bundle of 2,Air Wick,household,Air Freshener,BS-AIR-WICK-AIR-FRESHENE-300ML-0362-B2,false,,,,300ml x 2,item,2050,22.0,2500,0,5,,Air Wick Air Freshener 300ml Nigeria product pack bundle 2,Pending automated product-image enrichment,Estimated staging price — supplier verification required,,,Nigeria/Imported,2026-08-10,"Stage catalogue item; verify exact pack, image and supplier price before live sale.",,,,,unverified,35,0,pending-full,generated-staging
Always Sanitary Pads 8 pads - Bundle of 2,Always,household,Sanitary Pads,BS-ALWAYS-SANITARY-PAD-8-PADS-0363-B2,false,,,,8 pads x 2,item,4750,22.0,5800,0,5,,Always Sanitary Pads 8 pads Nigeria product pack bundle 2,Pending automated product-image enrichment,Estimated staging price — supplier verification required,,,Nigeria/Imported,2026-08-10,"Stage catalogue item; verify exact pack, image and supplier price before live sale.",,,,,unverified,35,0,pending-full,generated-staging
Always Sanitary Pads 16 pads - Bundle of 2,Always,household,Sanitary Pads,BS-ALWAYS-SANITARY-PAD-16-PADS-0364-B2,false,,,,16 pads x 2,item,9400,22.0,11450,0,5,,Always Sanitary Pads 16 pads Nigeria product pack bundle 2,Pending automated product-image enrichment,Estimated staging price — supplier verification required,,,Nigeria/Imported,2026-08-10,"Stage catalogue item; verify exact pack, image and supplier price before live sale.",,,,,unverified,35,0,pending-full,generated-staging
Always Sanitary Pads 32 pads - Bundle of 2,Always,household,Sanitary Pads,BS-ALWAYS-SANITARY-PAD-32-PADS-0365-B2,false,,,,32 pads x 2,item,18450,22.0,22500,0,5,,Always Sanitary Pads 32 pads Nigeria product pack bundle 2,Pending automated product-image enrichment,Estimated staging price — supplier verification required,,,Nigeria/Imported,2026-08-10,"Stage catalogue item; verify exact pack, image and supplier price before live sale.",,,,,unverified,35,0,pending-full,generated-staging
Pampers Baby Diapers Small 20 - Bundle of 2,Pampers,household,Baby Diapers,BS-PAMPERS-BABY-DIAPERS-SMALL-20-0366-B2,false,,,,Small 20 x 2,item,8900,22.0,10850,0,5,,Pampers Baby Diapers Small 20 Nigeria product pack bundle 2,Pending automated product-image enrichment,Estimated staging price — supplier verification required,,,Nigeria/Imported,2026-08-10,"Stage catalogue item; verify exact pack, image and supplier price before live sale.",,,,,unverified,35,0,pending-full,generated-staging
Pampers Baby Diapers Medium 20 - Bundle of 2,Pampers,household,Baby Diapers,BS-PAMPERS-BABY-DIAPERS-MEDIUM-20-0367-B2,false,,,,Medium 20 x 2,item,8450,22.0,10300,0,5,,Pampers Baby Diapers Medium 20 Nigeria product pack bundle 2,Pending automated product-image enrichment,Estimated staging price — supplier verification required,,,Nigeria/Imported,2026-08-10,"Stage catalogue item; verify exact pack, image and supplier price before live sale.",,,,,unverified,35,0,pending-full,generated-staging
Pampers Baby Diapers Large 20 - Bundle of 2,Pampers,household,Baby Diapers,BS-PAMPERS-BABY-DIAPERS-LARGE-20-0368-B2,false,,,,Large 20 x 2,item,12800,22.0,15600,0,5,,Pampers Baby Diapers Large 20 Nigeria product pack bundle 2,Pending automated product-image enrichment,Estimated staging price — supplier verification required,,,Nigeria/Imported,2026-08-10,"Stage catalogue item; verify exact pack, image and supplier price before live sale.",,,,,unverified,35,0,pending-full,generated-staging
Pampers Baby Diapers XL 20 - Bundle of 2,Pampers,household,Baby Diapers,BS-PAMPERS-BABY-DIAPERS-XL-20-0369-B2,false,,,,XL 20 x 2,item,8050,22.0,9800,0,5,,Pampers Baby Diapers XL 20 Nigeria product pack bundle 2,Pending automated product-image enrichment,Estimated staging price — supplier verification required,,,Nigeria/Imported,2026-08-10,"Stage catalogue item; verify exact pack, image and supplier price before live sale.",,,,,unverified,35,0,pending-full,generated-staging
Big Bull Rice 1kg - Bundle of 3,Big Bull,grains,Rice,BS-BIG-BULL-RICE-1KG-0001-B3,false,,,,1kg x 3,item,1900,16.0,2200,0,5,,Big Bull Rice 1kg Nigeria product pack bundle 3,Pending automated product-image enrichment,Estimated staging price — supplier verification required,,,Nigeria/Imported,2026-08-10,"Stage catalogue item; verify exact pack, image and supplier price before live sale.",,,,,unverified,35,0,pending-full,generated-staging
Big Bull Rice 2kg - Bundle of 3,Big Bull,grains,Rice,BS-BIG-BULL-RICE-2KG-0002-B3,false,,,,2kg x 3,item,3500,16.0,4050,0,5,,Big Bull Rice 2kg Nigeria product pack bundle 3,Pending automated product-image enrichment,Estimated staging price — supplier verification required,,,Nigeria/Imported,2026-08-10,"Stage catalogue item; verify exact pack, image and supplier price before live sale.",,,,,unverified,35,0,pending-full,generated-staging
Big Bull Rice 5kg - Bundle of 3,Big Bull,grains,Rice,BS-BIG-BULL-RICE-5KG-0003-B3,false,,,,5kg x 3,item,9150,16.0,10600,0,5,,Big Bull Rice 5kg Nigeria product pack bundle 3,Pending automated product-image enrichment,Estimated staging price — supplier verification required,,,Nigeria/Imported,2026-08-10,"Stage catalogue item; verify exact pack, image and supplier price before live sale.",,,,,unverified,35,0,pending-full,generated-staging
Big Bull Rice 10kg - Bundle of 3,Big Bull,grains,Rice,BS-BIG-BULL-RICE-10KG-0004-B3,false,,,,10kg x 3,item,18200,16.0,21100,0,5,,Big Bull Rice 10kg Nigeria product pack bundle 3,Pending automated product-image enrichment,Estimated staging price — supplier verification required,,,Nigeria/Imported,2026-08-10,"Stage catalogue item; verify exact pack, image and supplier price before live sale.",,,,,unverified,35,0,pending-full,generated-staging
Big Bull Rice 25kg - Bundle of 3,Big Bull,grains,Rice,BS-BIG-BULL-RICE-25KG-0005-B3,false,,,,25kg x 3,item,49750,16.0,57700,0,5,,Big Bull Rice 25kg Nigeria product pack bundle 3,Pending automated product-image enrichment,Estimated staging price — supplier verification required,,,Nigeria/Imported,2026-08-10,"Stage catalogue item; verify exact pack, image and supplier price before live sale.",,,,,unverified,35,0,pending-full,generated-staging
Big Bull Rice 50kg - Bundle of 3,Big Bull,grains,Rice,BS-BIG-BULL-RICE-50KG-0006-B3,false,,,,50kg x 3,item,98500,16.0,114250,0,5,,Big Bull Rice 50kg Nigeria product pack bundle 3,Pending automated product-image enrichment,Estimated staging price — supplier verification required,,,Nigeria/Imported,2026-08-10,"Stage catalogue item; verify exact pack, image and supplier price before live sale.",,,,,unverified,35,0,pending-full,generated-staging
Mama Gold Rice 1kg - Bundle of 3,Mama Gold,grains,Rice,BS-MAMA-GOL-RICE-1KG-0007-B3,false,,,,1kg x 3,item,2200,16.0,2550,0,5,,Mama Gold Rice 1kg Nigeria product pack bundle 3,Pending automated product-image enrichment,Estimated staging price — supplier verification required,,,Nigeria/Imported,2026-08-10,"Stage catalogue item; verify exact pack, image and supplier price before live sale.",,,,,unverified,35,0,pending-full,generated-staging
Mama Gold Rice 5kg - Bundle of 3,Mama Gold,grains,Rice,BS-MAMA-GOL-RICE-5KG-0008-B3,false,,,,5kg x 3,item,9450,16.0,10950,0,5,,Mama Gold Rice 5kg Nigeria product pack bundle 3,Pending automated product-image enrichment,Estimated staging price — supplier verification required,,,Nigeria/Imported,2026-08-10,"Stage catalogue item; verify exact pack, image and supplier price before live sale.",,,,,unverified,35,0,pending-full,generated-staging
Mama Gold Rice 10kg - Bundle of 3,Mama Gold,grains,Rice,BS-MAMA-GOL-RICE-10KG-0009-B3,false,,,,10kg x 3,item,20200,16.0,23450,0,5,,Mama Gold Rice 10kg Nigeria product pack bundle 3,Pending automated product-image enrichment,Estimated staging price — supplier verification required,,,Nigeria/Imported,2026-08-10,"Stage catalogue item; verify exact pack, image and supplier price before live sale.",,,,,unverified,35,0,pending-full,generated-staging
Mama Gold Rice 25kg - Bundle of 3,Mama Gold,grains,Rice,BS-MAMA-GOL-RICE-25KG-0010-B3,false,,,,25kg x 3,item,47150,16.0,54700,0,5,,Mama Gold Rice 25kg Nigeria product pack bundle 3,Pending automated product-image enrichment,Estimated staging price — supplier verification required,,,Nigeria/Imported,2026-08-10,"Stage catalogue item; verify exact pack, image and supplier price before live sale.",,,,,unverified,35,0,pending-full,generated-staging
Mama Gold Rice 50kg - Bundle of 3,Mama Gold,grains,Rice,BS-MAMA-GOL-RICE-50KG-0011-B3,false,,,,50kg x 3,item,97800,16.0,113450,0,5,,Mama Gold Rice 50kg Nigeria product pack bundle 3,Pending automated product-image enrichment,Estimated staging price — supplier verification required,,,Nigeria/Imported,2026-08-10,"Stage catalogue item; verify exact pack, image and supplier price before live sale.",,,,,unverified,35,0,pending-full,generated-staging
Royal Stallion Rice 1kg - Bundle of 3,Royal Stallion,grains,Rice,BS-ROYAL-ST-RICE-1KG-0012-B3,false,,,,1kg x 3,item,2200,16.0,2550,0,5,,Royal Stallion Rice 1kg Nigeria product pack bundle 3,Pending automated product-image enrichment,Estimated staging price — supplier verification required,,,Nigeria/Imported,2026-08-10,"Stage catalogue item; verify exact pack, image and supplier price before live sale.",,,,,unverified,35,0,pending-full,generated-staging
Royal Stallion Rice 5kg - Bundle of 3,Royal Stallion,grains,Rice,BS-ROYAL-ST-RICE-5KG-0013-B3,false,,,,5kg x 3,item,9750,16.0,11300,0,5,,Royal Stallion Rice 5kg Nigeria product pack bundle 3,Pending automated product-image enrichment,Estimated staging price — supplier verification required,,,Nigeria/Imported,2026-08-10,"Stage catalogue item; verify exact pack, image and supplier price before live sale.",,,,,unverified,35,0,pending-full,generated-staging
Royal Stallion Rice 10kg - Bundle of 3,Royal Stallion,grains,Rice,BS-ROYAL-ST-RICE-10KG-0014-B3,false,,,,10kg x 3,item,20100,16.0,23300,0,5,,Royal Stallion Rice 10kg Nigeria product pack bundle 3,Pending automated product-image enrichment,Estimated staging price — supplier verification required,,,Nigeria/Imported,2026-08-10,"Stage catalogue item; verify exact pack, image and supplier price before live sale.",,,,,unverified,35,0,pending-full,generated-staging
Royal Stallion Rice 25kg - Bundle of 3,Royal Stallion,grains,Rice,BS-ROYAL-ST-RICE-25KG-0015-B3,false,,,,25kg x 3,item,54250,16.0,62950,0,5,,Royal Stallion Rice 25kg Nigeria product pack bundle 3,Pending automated product-image enrichment,Estimated staging price — supplier verification required,,,Nigeria/Imported,2026-08-10,"Stage catalogue item; verify exact pack, image and supplier price before live sale.",,,,,unverified,35,0,pending-full,generated-staging
Royal Stallion Rice 50kg - Bundle of 3,Royal Stallion,grains,Rice,BS-ROYAL-ST-RICE-50KG-0016-B3,false,,,,50kg x 3,item,106650,16.0,123700,0,5,,Royal Stallion Rice 50kg Nigeria product pack bundle 3,Pending automated product-image enrichment,Estimated staging price — supplier verification required,,,Nigeria/Imported,2026-08-10,"Stage catalogue item; verify exact pack, image and supplier price before live sale.",,,,,unverified,35,0,pending-full,generated-staging
Cap Rice Rice 1kg - Bundle of 3,Cap Rice,grains,Rice,BS-CAP-RICE-RICE-1KG-0017-B3,false,,,,1kg x 3,item,1900,16.0,2200,0,5,,Cap Rice Rice 1kg Nigeria product pack bundle 3,Pending automated product-image enrichment,Estimated staging price — supplier verification required,,,Nigeria/Imported,2026-08-10,"Stage catalogue item; verify exact pack, image and supplier price before live sale.",,,,,unverified,35,0,pending-full,generated-staging
Cap Rice Rice 5kg - Bundle of 3,Cap Rice,grains,Rice,BS-CAP-RICE-RICE-5KG-0018-B3,false,,,,5kg x 3,item,10200,16.0,11850,0,5,,Cap Rice Rice 5kg Nigeria product pack bundle 3,Pending automated product-image enrichment,Estimated staging price — supplier verification required,,,Nigeria/Imported,2026-08-10,"Stage catalogue item; verify exact pack, image and supplier price before live sale.",,,,,unverified,35,0,pending-full,generated-staging
Cap Rice Rice 10kg - Bundle of 3,Cap Rice,grains,Rice,BS-CAP-RICE-RICE-10KG-0019-B3,false,,,,10kg x 3,item,21100,16.0,24500,0,5,,Cap Rice Rice 10kg Nigeria product pack bundle 3,Pending automated product-image enrichment,Estimated staging price — supplier verification required,,,Nigeria/Imported,2026-08-10,"Stage catalogue item; verify exact pack, image and supplier price before live sale.",,,,,unverified,35,0,pending-full,generated-staging
Cap Rice Rice 25kg - Bundle of 3,Cap Rice,grains,Rice,BS-CAP-RICE-RICE-25KG-0020-B3,false,,,,25kg x 3,item,45550,16.0,52850,0,5,,Cap Rice Rice 25kg Nigeria product pack bundle 3,Pending automated product-image enrichment,Estimated staging price — supplier verification required,,,Nigeria/Imported,2026-08-10,"Stage catalogue item; verify exact pack, image and supplier price before live sale.",,,,,unverified,35,0,pending-full,generated-staging
Cap Rice Rice 50kg - Bundle of 3,Cap Rice,grains,Rice,BS-CAP-RICE-RICE-50KG-0021-B3,false,,,,50kg x 3,item,105350,16.0,122200,0,5,,Cap Rice Rice 50kg Nigeria product pack bundle 3,Pending automated product-image enrichment,Estimated staging price — supplier verification required,,,Nigeria/Imported,2026-08-10,"Stage catalogue item; verify exact pack, image and supplier price before live sale.",,,,,unverified,35,0,pending-full,generated-staging
Tropical Sun Basmati Rice 1kg - Bundle of 3,Tropical Sun,grains,Basmati Rice,BS-TROPICAL-BASMATI-RICE-1KG-0022-B3,false,,,,1kg x 3,item,4500,16.0,5200,0,5,,Tropical Sun Basmati Rice 1kg Nigeria product pack bundle 3,Pending automated product-image enrichment,Estimated staging price — supplier verification required,,,Nigeria/Imported,2026-08-10,"Stage catalogue item; verify exact pack, image and supplier price before live sale.",,,,,unverified,35,0,pending-full,generated-staging
Tropical Sun Basmati Rice 2kg - Bundle of 3,Tropical Sun,grains,Basmati Rice,BS-TROPICAL-BASMATI-RICE-2KG-0023-B3,false,,,,2kg x 3,item,8600,16.0,10000,0,5,,Tropical Sun Basmati Rice 2kg Nigeria product pack bundle 3,Pending automated product-image enrichment,Estimated staging price — supplier verification required,,,Nigeria/Imported,2026-08-10,"Stage catalogue item; verify exact pack, image and supplier price before live sale.",,,,,unverified,35,0,pending-full,generated-staging
Tropical Sun Basmati Rice 5kg - Bundle of 3,Tropical Sun,grains,Basmati Rice,BS-TROPICAL-BASMATI-RICE-5KG-0024-B3,false,,,,5kg x 3,item,20650,16.0,23950,0,5,,Tropical Sun Basmati Rice 5kg Nigeria product pack bundle 3,Pending automated product-image enrichment,Estimated staging price — supplier verification required,,,Nigeria/Imported,2026-08-10,"Stage catalogue item; verify exact pack, image and supplier price before live sale.",,,,,unverified,35,0,pending-full,generated-staging
Tropical Sun Basmati Rice 10kg - Bundle of 3,Tropical Sun,grains,Basmati Rice,BS-TROPICAL-BASMATI-RICE-10KG-0025-B3,false,,,,10kg x 3,item,47700,16.0,55350,0,5,,Tropical Sun Basmati Rice 10kg Nigeria product pack bundle 3,Pending automated product-image enrichment,Estimated staging price — supplier verification required,,,Nigeria/Imported,2026-08-10,"Stage catalogue item; verify exact pack, image and supplier price before live sale.",,,,,unverified,35,0,pending-full,generated-staging
Brown Beans 500g - Bundle of 3,Generic,grains,Brown Beans,BS-GENERIC-BROWN-BEANS-500G-0026-B3,false,,,,500g x 3,item,1150,16.0,1350,0,5,,Generic Brown Beans 500g Nigeria product pack bundle 3,Pending automated product-image enrichment,Estimated staging price — supplier verification required,,,Nigeria/Imported,2026-08-10,"Stage catalogue item; verify exact pack, image and supplier price before live sale.",,,,,unverified,35,0,pending-full,generated-staging
Brown Beans 1kg - Bundle of 3,Generic,grains,Brown Beans,BS-GENERIC-BROWN-BEANS-1KG-0027-B3,false,,,,1kg x 3,item,2350,16.0,2750,0,5,,Generic Brown Beans 1kg Nigeria product pack bundle 3,Pending automated product-image enrichment,Estimated staging price — supplier verification required,,,Nigeria/Imported,2026-08-10,"Stage catalogue item; verify exact pack, image and supplier price before live sale.",,,,,unverified,35,0,pending-full,generated-staging
Brown Beans 2kg - Bundle of 3,Generic,grains,Brown Beans,BS-GENERIC-BROWN-BEANS-2KG-0028-B3,false,,,,2kg x 3,item,4650,16.0,5400,0,5,,Generic Brown Beans 2kg Nigeria product pack bundle 3,Pending automated product-image enrichment,Estimated staging price — supplier verification required,,,Nigeria/Imported,2026-08-10,"Stage catalogue item; verify exact pack, image and supplier price before live sale.",,,,,unverified,35,0,pending-full,generated-staging
Brown Beans 5kg - Bundle of 3,Generic,grains,Brown Beans,BS-GENERIC-BROWN-BEANS-5KG-0029-B3,false,,,,5kg x 3,item,13250,16.0,15350,0,5,,Generic Brown Beans 5kg Nigeria product pack bundle 3,Pending automated product-image enrichment,Estimated staging price — supplier verification required,,,Nigeria/Imported,2026-08-10,"Stage catalogue item; verify exact pack, image and supplier price before live sale.",,,,,unverified,35,0,pending-full,generated-staging
Brown Beans 10kg - Bundle of 3,Generic,grains,Brown Beans,BS-GENERIC-BROWN-BEANS-10KG-0030-B3,false,,,,10kg x 3,item,25450,16.0,29500,0,5,,Generic Brown Beans 10kg Nigeria product pack bundle 3,Pending automated product-image enrichment,Estimated staging price — supplier verification required,,,Nigeria/Imported,2026-08-10,"Stage catalogue item; verify exact pack, image and supplier price before live sale.",,,,,unverified,35,0,pending-full,generated-staging
Brown Beans 25kg - Bundle of 3,Generic,grains,Brown Beans,BS-GENERIC-BROWN-BEANS-25KG-0031-B3,false,,,,25kg x 3,item,65900,16.0,76450,0,5,,Generic Brown Beans 25kg Nigeria product pack bundle 3,Pending automated product-image enrichment,Estimated staging price — supplier verification required,,,Nigeria/Imported,2026-08-10,"Stage catalogue item; verify exact pack, image and supplier price before live sale.",,,,,unverified,35,0,pending-full,generated-staging
White Beans 500g - Bundle of 3,Generic,grains,White Beans,BS-GENERIC-WHITE-BEANS-500G-0032-B3,false,,,,500g x 3,item,1300,16.0,1500,0,5,,Generic White Beans 500g Nigeria product pack bundle 3,Pending automated product-image enrichment,Estimated staging price — supplier verification required,,,Nigeria/Imported,2026-08-10,"Stage catalogue item; verify exact pack, image and supplier price before live sale.",,,,,unverified,35,0,pending-full,generated-staging
White Beans 1kg - Bundle of 3,Generic,grains,White Beans,BS-GENERIC-WHITE-BEANS-1KG-0033-B3,false,,,,1kg x 3,item,2600,16.0,3000,0,5,,Generic White Beans 1kg Nigeria product pack bundle 3,Pending automated product-image enrichment,Estimated staging price — supplier verification required,,,Nigeria/Imported,2026-08-10,"Stage catalogue item; verify exact pack, image and supplier price before live sale.",,,,,unverified,35,0,pending-full,generated-staging
White Beans 2kg - Bundle of 3,Generic,grains,White Beans,BS-GENERIC-WHITE-BEANS-2KG-0034-B3,false,,,,2kg x 3,item,5650,16.0,6550,0,5,,Generic White Beans 2kg Nigeria product pack bundle 3,Pending automated product-image enrichment,Estimated staging price — supplier verification required,,,Nigeria/Imported,2026-08-10,"Stage catalogue item; verify exact pack, image and supplier price before live sale.",,,,,unverified,35,0,pending-full,generated-staging
White Beans 5kg - Bundle of 3,Generic,grains,White Beans,BS-GENERIC-WHITE-BEANS-5KG-0035-B3,false,,,,5kg x 3,item,12950,16.0,15000,0,5,,Generic White Beans 5kg Nigeria product pack bundle 3,Pending automated product-image enrichment,Estimated staging price — supplier verification required,,,Nigeria/Imported,2026-08-10,"Stage catalogue item; verify exact pack, image and supplier price before live sale.",,,,,unverified,35,0,pending-full,generated-staging
White Beans 10kg - Bundle of 3,Generic,grains,White Beans,BS-GENERIC-WHITE-BEANS-10KG-0036-B3,false,,,,10kg x 3,item,26650,16.0,30900,0,5,,Generic White Beans 10kg Nigeria product pack bundle 3,Pending automated product-image enrichment,Estimated staging price — supplier verification required,,,Nigeria/Imported,2026-08-10,"Stage catalogue item; verify exact pack, image and supplier price before live sale.",,,,,unverified,35,0,pending-full,generated-staging
White Beans 25kg - Bundle of 3,Generic,grains,White Beans,BS-GENERIC-WHITE-BEANS-25KG-0037-B3,false,,,,25kg x 3,item,70000,16.0,81200,0,5,,Generic White Beans 25kg Nigeria product pack bundle 3,Pending automated product-image enrichment,Estimated staging price — supplier verification required,,,Nigeria/Imported,2026-08-10,"Stage catalogue item; verify exact pack, image and supplier price before live sale.",,,,,unverified,35,0,pending-full,generated-staging
Garri White 500g - Bundle of 3,Generic,grains,Garri White,BS-GENERIC-GARRI-WHITE-500G-0038-B3,false,,,,500g x 3,item,850,16.0,1000,0,5,,Generic Garri White 500g Nigeria product pack bundle 3,Pending automated product-image enrichment,Estimated staging price — supplier verification required,,,Nigeria/Imported,2026-08-10,"Stage catalogue item; verify exact pack, image and supplier price before live sale.",,,,,unverified,35,0,pending-full,generated-staging
Garri White 1kg - Bundle of 3,Generic,grains,Garri White,BS-GENERIC-GARRI-WHITE-1KG-0039-B3,false,,,,1kg x 3,item,1900,16.0,2200,0,5,,Generic Garri White 1kg Nigeria product pack bundle 3,Pending automated product-image enrichment,Estimated staging price — supplier verification required,,,Nigeria/Imported,2026-08-10,"Stage catalogue item; verify exact pack, image and supplier price before live sale.",,,,,unverified,35,0,pending-full,generated-staging
Garri White 2kg - Bundle of 3,Generic,grains,Garri White,BS-GENERIC-GARRI-WHITE-2KG-0040-B3,false,,,,2kg x 3,item,3650,16.0,4250,0,5,,Generic Garri White 2kg Nigeria product pack bundle 3,Pending automated product-image enrichment,Estimated staging price — supplier verification required,,,Nigeria/Imported,2026-08-10,"Stage catalogue item; verify exact pack, image and supplier price before live sale.",,,,,unverified,35,0,pending-full,generated-staging
Garri White 5kg - Bundle of 3,Generic,grains,Garri White,BS-GENERIC-GARRI-WHITE-5KG-0041-B3,false,,,,5kg x 3,item,9150,16.0,10600,0,5,,Generic Garri White 5kg Nigeria product pack bundle 3,Pending automated product-image enrichment,Estimated staging price — supplier verification required,,,Nigeria/Imported,2026-08-10,"Stage catalogue item; verify exact pack, image and supplier price before live sale.",,,,,unverified,35,0,pending-full,generated-staging
Garri White 10kg - Bundle of 3,Generic,grains,Garri White,BS-GENERIC-GARRI-WHITE-10KG-0042-B3,false,,,,10kg x 3,item,16150,16.0,18750,0,5,,Generic Garri White 10kg Nigeria product pack bundle 3,Pending automated product-image enrichment,Estimated staging price — supplier verification required,,,Nigeria/Imported,2026-08-10,"Stage catalogue item; verify exact pack, image and supplier price before live sale.",,,,,unverified,35,0,pending-full,generated-staging
Garri White 25kg - Bundle of 3,Generic,grains,Garri White,BS-GENERIC-GARRI-WHITE-25KG-0043-B3,false,,,,25kg x 3,item,41900,16.0,48600,0,5,,Generic Garri White 25kg Nigeria product pack bundle 3,Pending automated product-image enrichment,Estimated staging price — supplier verification required,,,Nigeria/Imported,2026-08-10,"Stage catalogue item; verify exact pack, image and supplier price before live sale.",,,,,unverified,35,0,pending-full,generated-staging
Garri Yellow 500g - Bundle of 3,Generic,grains,Garri Yellow,BS-GENERIC-GARRI-YELLOW-500G-0044-B3,false,,,,500g x 3,item,850,16.0,1000,0,5,,Generic Garri Yellow 500g Nigeria product pack bundle 3,Pending automated product-image enrichment,Estimated staging price — supplier verification required,,,Nigeria/Imported,2026-08-10,"Stage catalogue item; verify exact pack, image and supplier price before live sale.",,,,,unverified,35,0,pending-full,generated-staging
Garri Yellow 1kg - Bundle of 3,Generic,grains,Garri Yellow,BS-GENERIC-GARRI-YELLOW-1KG-0045-B3,false,,,,1kg x 3,item,1750,16.0,2050,0,5,,Generic Garri Yellow 1kg Nigeria product pack bundle 3,Pending automated product-image enrichment,Estimated staging price — supplier verification required,,,Nigeria/Imported,2026-08-10,"Stage catalogue item; verify exact pack, image and supplier price before live sale.",,,,,unverified,35,0,pending-full,generated-staging
Garri Yellow 2kg - Bundle of 3,Generic,grains,Garri Yellow,BS-GENERIC-GARRI-YELLOW-2KG-0046-B3,false,,,,2kg x 3,item,3650,16.0,4250,0,5,,Generic Garri Yellow 2kg Nigeria product pack bundle 3,Pending automated product-image enrichment,Estimated staging price — supplier verification required,,,Nigeria/Imported,2026-08-10,"Stage catalogue item; verify exact pack, image and supplier price before live sale.",,,,,unverified,35,0,pending-full,generated-staging
Garri Yellow 5kg - Bundle of 3,Generic,grains,Garri Yellow,BS-GENERIC-GARRI-YELLOW-5KG-0047-B3,false,,,,5kg x 3,item,8900,16.0,10300,0,5,,Generic Garri Yellow 5kg Nigeria product pack bundle 3,Pending automated product-image enrichment,Estimated staging price — supplier verification required,,,Nigeria/Imported,2026-08-10,"Stage catalogue item; verify exact pack, image and supplier price before live sale.",,,,,unverified,35,0,pending-full,generated-staging
Garri Yellow 10kg - Bundle of 3,Generic,grains,Garri Yellow,BS-GENERIC-GARRI-YELLOW-10KG-0048-B3,false,,,,10kg x 3,item,18350,16.0,21300,0,5,,Generic Garri Yellow 10kg Nigeria product pack bundle 3,Pending automated product-image enrichment,Estimated staging price — supplier verification required,,,Nigeria/Imported,2026-08-10,"Stage catalogue item; verify exact pack, image and supplier price before live sale.",,,,,unverified,35,0,pending-full,generated-staging
Garri Yellow 25kg - Bundle of 3,Generic,grains,Garri Yellow,BS-GENERIC-GARRI-YELLOW-25KG-0049-B3,false,,,,25kg x 3,item,48900,16.0,56700,0,5,,Generic Garri Yellow 25kg Nigeria product pack bundle 3,Pending automated product-image enrichment,Estimated staging price — supplier verification required,,,Nigeria/Imported,2026-08-10,"Stage catalogue item; verify exact pack, image and supplier price before live sale.",,,,,unverified,35,0,pending-full,generated-staging
Golden Penny Semolina 500g - Bundle of 3,Golden Penny,grains,Semolina,BS-GOLDEN-P-SEMOLINA-500G-0050-B3,false,,,,500g x 3,item,1300,16.0,1500,0,5,,Golden Penny Semolina 500g Nigeria product pack bundle 3,Pending automated product-image enrichment,Estimated staging price — supplier verification required,,,Nigeria/Imported,2026-08-10,"Stage catalogue item; verify exact pack, image and supplier price before live sale.",,,,,unverified,35,0,pending-full,generated-staging
Golden Penny Semolina 1kg - Bundle of 3,Golden Penny,grains,Semolina,BS-GOLDEN-P-SEMOLINA-1KG-0051-B3,false,,,,1kg x 3,item,2600,16.0,3000,0,5,,Golden Penny Semolina 1kg Nigeria product pack bundle 3,Pending automated product-image enrichment,Estimated staging price — supplier verification required,,,Nigeria/Imported,2026-08-10,"Stage catalogue item; verify exact pack, image and supplier price before live sale.",,,,,unverified,35,0,pending-full,generated-staging
Golden Penny Semolina 2kg - Bundle of 3,Golden Penny,grains,Semolina,BS-GOLDEN-P-SEMOLINA-2KG-0052-B3,false,,,,2kg x 3,item,4950,16.0,5750,0,5,,Golden Penny Semolina 2kg Nigeria product pack bundle 3,Pending automated product-image enrichment,Estimated staging price — supplier verification required,,,Nigeria/Imported,2026-08-10,"Stage catalogue item; verify exact pack, image and supplier price before live sale.",,,,,unverified,35,0,pending-full,generated-staging
Golden Penny Semolina 5kg - Bundle of 3,Golden Penny,grains,Semolina,BS-GOLDEN-P-SEMOLINA-5KG-0053-B3,false,,,,5kg x 3,item,12650,16.0,14650,0,5,,Golden Penny Semolina 5kg Nigeria product pack bundle 3,Pending automated product-image enrichment,Estimated staging price — supplier verification required,,,Nigeria/Imported,2026-08-10,"Stage catalogue item; verify exact pack, image and supplier price before live sale.",,,,,unverified,35,0,pending-full,generated-staging
Golden Penny Semolina 10kg - Bundle of 3,Golden Penny,grains,Semolina,BS-GOLDEN-P-SEMOLINA-10KG-0054-B3,false,,,,10kg x 3,item,28500,16.0,33050,0,5,,Golden Penny Semolina 10kg Nigeria product pack bundle 3,Pending automated product-image enrichment,Estimated staging price — supplier verification required,,,Nigeria/Imported,2026-08-10,"Stage catalogue item; verify exact pack, image and supplier price before live sale.",,,,,unverified,35,0,pending-full,generated-staging
Honeywell Semolina 500g - Bundle of 3,Honeywell,grains,Semolina,BS-HONEYWEL-SEMOLINA-500G-0055-B3,false,,,,500g x 3,item,1450,16.0,1700,0,5,,Honeywell Semolina 500g Nigeria product pack bundle 3,Pending automated product-image enrichment,Estimated staging price — supplier verification required,,,Nigeria/Imported,2026-08-10,"Stage catalogue item; verify exact pack, image and supplier price before live sale.",,,,,unverified,35,0,pending-full,generated-staging
Honeywell Semolina 1kg - Bundle of 3,Honeywell,grains,Semolina,BS-HONEYWEL-SEMOLINA-1KG-0056-B3,false,,,,1kg x 3,item,2750,16.0,3200,0,5,,Honeywell Semolina 1kg Nigeria product pack bundle 3,Pending automated product-image enrichment,Estimated staging price — supplier verification required,,,Nigeria/Imported,2026-08-10,"Stage catalogue item; verify exact pack, image and supplier price before live sale.",,,,,unverified,35,0,pending-full,generated-staging
Honeywell Semolina 2kg - Bundle of 3,Honeywell,grains,Semolina,BS-HONEYWEL-SEMOLINA-2KG-0057-B3,false,,,,2kg x 3,item,5100,16.0,5900,0,5,,Honeywell Semolina 2kg Nigeria product pack bundle 3,Pending automated product-image enrichment,Estimated staging price — supplier verification required,,,Nigeria/Imported,2026-08-10,"Stage catalogue item; verify exact pack, image and supplier price before live sale.",,,,,unverified,35,0,pending-full,generated-staging
Honeywell Semolina 5kg - Bundle of 3,Honeywell,grains,Semolina,BS-HONEYWEL-SEMOLINA-5KG-0058-B3,false,,,,5kg x 3,item,14100,16.0,16350,0,5,,Honeywell Semolina 5kg Nigeria product pack bundle 3,Pending automated product-image enrichment,Estimated staging price — supplier verification required,,,Nigeria/Imported,2026-08-10,"Stage catalogue item; verify exact pack, image and supplier price before live sale.",,,,,unverified,35,0,pending-full,generated-staging
Honeywell Semolina 10kg - Bundle of 3,Honeywell,grains,Semolina,BS-HONEYWEL-SEMOLINA-10KG-0059-B3,false,,,,10kg x 3,item,25450,16.0,29500,0,5,,Honeywell Semolina 10kg Nigeria product pack bundle 3,Pending automated product-image enrichment,Estimated staging price — supplier verification required,,,Nigeria/Imported,2026-08-10,"Stage catalogue item; verify exact pack, image and supplier price before live sale.",,,,,unverified,35,0,pending-full,generated-staging
Golden Penny Wheat Meal 500g - Bundle of 3,Golden Penny,grains,Wheat Meal,BS-GOLDEN-P-WHEAT-MEAL-500G-0060-B3,false,,,,500g x 3,item,1150,16.0,1350,0,5,,Golden Penny Wheat Meal 500g Nigeria product pack bundle 3,Pending automated product-image enrichment,Estimated staging price — supplier verification required,,,Nigeria/Imported,2026-08-10,"Stage catalogue item; verify exact pack, image and supplier price before live sale.",,,,,unverified,35,0,pending-full,generated-staging
Golden Penny Wheat Meal 1kg - Bundle of 3,Golden Penny,grains,Wheat Meal,BS-GOLDEN-P-WHEAT-MEAL-1KG-0061-B3,false,,,,1kg x 3,item,2750,16.0,3200,0,5,,Golden Penny Wheat Meal 1kg Nigeria product pack bundle 3,Pending automated product-image enrichment,Estimated staging price — supplier verification required,,,Nigeria/Imported,2026-08-10,"Stage catalogue item; verify exact pack, image and supplier price before live sale.",,,,,unverified,35,0,pending-full,generated-staging
Golden Penny Wheat Meal 2kg - Bundle of 3,Golden Penny,grains,Wheat Meal,BS-GOLDEN-P-WHEAT-MEAL-2KG-0062-B3,false,,,,2kg x 3,item,5100,16.0,5900,0,5,,Golden Penny Wheat Meal 2kg Nigeria product pack bundle 3,Pending automated product-image enrichment,Estimated staging price — supplier verification required,,,Nigeria/Imported,2026-08-10,"Stage catalogue item; verify exact pack, image and supplier price before live sale.",,,,,unverified,35,0,pending-full,generated-staging
Golden Penny Wheat Meal 5kg - Bundle of 3,Golden Penny,grains,Wheat Meal,BS-GOLDEN-P-WHEAT-MEAL-5KG-0063-B3,false,,,,5kg x 3,item,12650,16.0,14650,0,5,,Golden Penny Wheat Meal 5kg Nigeria product pack bundle 3,Pending automated product-image enrichment,Estimated staging price — supplier verification required,,,Nigeria/Imported,2026-08-10,"Stage catalogue item; verify exact pack, image and supplier price before live sale.",,,,,unverified,35,0,pending-full,generated-staging
Honeywell Wheat Meal 500g - Bundle of 3,Honeywell,grains,Wheat Meal,BS-HONEYWEL-WHEAT-MEAL-500G-0064-B3,false,,,,500g x 3,item,1300,16.0,1500,0,5,,Honeywell Wheat Meal 500g Nigeria product pack bundle 3,Pending automated product-image enrichment,Estimated staging price — supplier verification required,,,Nigeria/Imported,2026-08-10,"Stage catalogue item; verify exact pack, image and supplier price before live sale.",,,,,unverified,35,0,pending-full,generated-staging
Honeywell Wheat Meal 1kg - Bundle of 3,Honeywell,grains,Wheat Meal,BS-HONEYWEL-WHEAT-MEAL-1KG-0065-B3,false,,,,1kg x 3,item,2750,16.0,3200,0,5,,Honeywell Wheat Meal 1kg Nigeria product pack bundle 3,Pending automated product-image enrichment,Estimated staging price — supplier verification required,,,Nigeria/Imported,2026-08-10,"Stage catalogue item; verify exact pack, image and supplier price before live sale.",,,,,unverified,35,0,pending-full,generated-staging
Honeywell Wheat Meal 2kg - Bundle of 3,Honeywell,grains,Wheat Meal,BS-HONEYWEL-WHEAT-MEAL-2KG-0066-B3,false,,,,2kg x 3,item,5400,16.0,6250,0,5,,Honeywell Wheat Meal 2kg Nigeria product pack bundle 3,Pending automated product-image enrichment,Estimated staging price — supplier verification required,,,Nigeria/Imported,2026-08-10,"Stage catalogue item; verify exact pack, image and supplier price before live sale.",,,,,unverified,35,0,pending-full,generated-staging
Honeywell Wheat Meal 5kg - Bundle of 3,Honeywell,grains,Wheat Meal,BS-HONEYWEL-WHEAT-MEAL-5KG-0067-B3,false,,,,5kg x 3,item,12200,16.0,14150,0,5,,Honeywell Wheat Meal 5kg Nigeria product pack bundle 3,Pending automated product-image enrichment,Estimated staging price — supplier verification required,,,Nigeria/Imported,2026-08-10,"Stage catalogue item; verify exact pack, image and supplier price before live sale.",,,,,unverified,35,0,pending-full,generated-staging
Golden Penny Spaghetti 500g - Bundle of 3,Golden Penny,grains,Spaghetti,BS-GOLDEN-P-SPAGHETTI-500G-0068-B3,false,,,,500g x 3,item,1150,16.0,1350,0,5,,Golden Penny Spaghetti 500g Nigeria product pack bundle 3,Pending automated product-image enrichment,Estimated staging price — supplier verification required,,,Nigeria/Imported,2026-08-10,"Stage catalogue item; verify exact pack, image and supplier price before live sale.",,,,,unverified,35,0,pending-full,generated-staging
Golden Penny Spaghetti 500g x 20 - Bundle of 3,Golden Penny,grains,Spaghetti,BS-GOLDEN-P-SPAGHETTI-500G-X-20-0069-B3,false,,,,500g x 20 x 3,item,25600,16.0,29700,0,5,,Golden Penny Spaghetti 500g x 20 Nigeria product pack bundle 3,Pending automated product-image enrichment,Estimated staging price — supplier verification required,,,Nigeria/Imported,2026-08-10,"Stage catalogue item; verify exact pack, image and supplier price before live sale.",,,,,unverified,35,0,pending-full,generated-staging
Dangote Spaghetti 500g - Bundle of 3,Dangote,grains,Spaghetti,BS-DANGOTE-SPAGHETTI-500G-0070-B3,false,,,,500g x 3,item,1300,16.0,1500,0,5,,Dangote Spaghetti 500g Nigeria product pack bundle 3,Pending automated product-image enrichment,Estimated staging price — supplier verification required,,,Nigeria/Imported,2026-08-10,"Stage catalogue item; verify exact pack, image and supplier price before live sale.",,,,,unverified,35,0,pending-full,generated-staging
Dangote Spaghetti 500g x 20 - Bundle of 3,Dangote,grains,Spaghetti,BS-DANGOTE-SPAGHETTI-500G-X-20-0071-B3,false,,,,500g x 20 x 3,item,24600,16.0,28550,0,5,,Dangote Spaghetti 500g x 20 Nigeria product pack bundle 3,Pending automated product-image enrichment,Estimated staging price — supplier verification required,,,Nigeria/Imported,2026-08-10,"Stage catalogue item; verify exact pack, image and supplier price before live sale.",,,,,unverified,35,0,pending-full,generated-staging
Honeywell Spaghetti 500g - Bundle of 3,Honeywell,grains,Spaghetti,BS-HONEYWEL-SPAGHETTI-500G-0072-B3,false,,,,500g x 3,item,1450,16.0,1700,0,5,,Honeywell Spaghetti 500g Nigeria product pack bundle 3,Pending automated product-image enrichment,Estimated staging price — supplier verification required,,,Nigeria/Imported,2026-08-10,"Stage catalogue item; verify exact pack, image and supplier price before live sale.",,,,,unverified,35,0,pending-full,generated-staging
Honeywell Spaghetti 500g x 20 - Bundle of 3,Honeywell,grains,Spaghetti,BS-HONEYWEL-SPAGHETTI-500G-X-20-0073-B3,false,,,,500g x 20 x 3,item,28250,16.0,32750,0,5,,Honeywell Spaghetti 500g x 20 Nigeria product pack bundle 3,Pending automated product-image enrichment,Estimated staging price — supplier verification required,,,Nigeria/Imported,2026-08-10,"Stage catalogue item; verify exact pack, image and supplier price before live sale.",,,,,unverified,35,0,pending-full,generated-staging
Golden Penny Macaroni 500g - Bundle of 3,Golden Penny,grains,Macaroni,BS-GOLDEN-P-MACARONI-500G-0074-B3,false,,,,500g x 3,item,1300,16.0,1500,0,5,,Golden Penny Macaroni 500g Nigeria product pack bundle 3,Pending automated product-image enrichment,Estimated staging price — supplier verification required,,,Nigeria/Imported,2026-08-10,"Stage catalogue item; verify exact pack, image and supplier price before live sale.",,,,,unverified,35,0,pending-full,generated-staging
Golden Penny Macaroni 500g x 20 - Bundle of 3,Golden Penny,grains,Macaroni,BS-GOLDEN-P-MACARONI-500G-X-20-0075-B3,false,,,,500g x 20 x 3,item,27200,16.0,31550,0,5,,Golden Penny Macaroni 500g x 20 Nigeria product pack bundle 3,Pending automated product-image enrichment,Estimated staging price — supplier verification required,,,Nigeria/Imported,2026-08-10,"Stage catalogue item; verify exact pack, image and supplier price before live sale.",,,,,unverified,35,0,pending-full,generated-staging
Indomie Noodles Chicken 70g - Bundle of 3,Indomie,grains,Noodles Chicken,BS-INDOMIE-NOODLES-CHIC-70G-0076-B3,false,,,,70g x 3,item,450,16.0,500,0,5,,Indomie Noodles Chicken 70g Nigeria product pack bundle 3,Pending automated product-image enrichment,Estimated staging price — supplier verification required,,,Nigeria/Imported,2026-08-10,"Stage catalogue item; verify exact pack, image and supplier price before live sale.",,,,,unverified,35,0,pending-full,generated-staging
Indomie Noodles Chicken 70g x 40 - Bundle of 3,Indomie,grains,Noodles Chicken,BS-INDOMIE-NOODLES-CHIC-70G-X-40-0077-B3,false,,,,70g x 40 x 3,item,2050,16.0,2400,0,5,,Indomie Noodles Chicken 70g x 40 Nigeria product pack bundle 3,Pending automated product-image enrichment,Estimated staging price — supplier verification required,,,Nigeria/Imported,2026-08-10,"Stage catalogue item; verify exact pack, image and supplier price before live sale.",,,,,unverified,35,0,pending-full,generated-staging
Indomie Noodles Chicken 120g - Bundle of 3,Indomie,grains,Noodles Chicken,BS-INDOMIE-NOODLES-CHIC-120G-0078-B3,false,,,,120g x 3,item,450,16.0,500,0,5,,Indomie Noodles Chicken 120g Nigeria product pack bundle 3,Pending automated product-image enrichment,Estimated staging price — supplier verification required,,,Nigeria/Imported,2026-08-10,"Stage catalogue item; verify exact pack, image and supplier price before live sale.",,,,,unverified,35,0,pending-full,generated-staging
Indomie Noodles Chicken 120g x 40 - Bundle of 3,Indomie,grains,Noodles Chicken,BS-INDOMIE-NOODLES-CHIC-120G-X-40-0079-B3,false,,,,120g x 40 x 3,item,3050,16.0,3550,0,5,,Indomie Noodles Chicken 120g x 40 Nigeria product pack bundle 3,Pending automated product-image enrichment,Estimated staging price — supplier verification required,,,Nigeria/Imported,2026-08-10,"Stage catalogue item; verify exact pack, image and supplier price before live sale.",,,,,unverified,35,0,pending-full,generated-staging
Indomie Noodles Onion Chicken 70g - Bundle of 3,Indomie,grains,Noodles Onion Chicken,BS-INDOMIE-NOODLES-ONIO-70G-0080-B3,false,,,,70g x 3,item,450,16.0,500,0,5,,Indomie Noodles Onion Chicken 70g Nigeria product pack bundle 3,Pending automated product-image enrichment,Estimated staging price — supplier verification required,,,Nigeria/Imported,2026-08-10,"Stage catalogue item; verify exact pack, image and supplier price before live sale.",,,,,unverified,35,0,pending-full,generated-staging
Indomie Noodles Onion Chicken 70g x 40 - Bundle of 3,Indomie,grains,Noodles Onion Chicken,BS-INDOMIE-NOODLES-ONIO-70G-X-40-0081-B3,false,,,,70g x 40 x 3,item,1900,16.0,2200,0,5,,Indomie Noodles Onion Chicken 70g x 40 Nigeria product pack bundle 3,Pending automated product-image enrichment,Estimated staging price — supplier verification required,,,Nigeria/Imported,2026-08-10,"Stage catalogue item; verify exact pack, image and supplier price before live sale.",,,,,unverified,35,0,pending-full,generated-staging
Indomie Noodles Oriental 70g - Bundle of 3,Indomie,grains,Noodles Oriental,BS-INDOMIE-NOODLES-ORIE-70G-0082-B3,false,,,,70g x 3,item,450,16.0,500,0,5,,Indomie Noodles Oriental 70g Nigeria product pack bundle 3,Pending automated product-image enrichment,Estimated staging price — supplier verification required,,,Nigeria/Imported,2026-08-10,"Stage catalogue item; verify exact pack, image and supplier price before live sale.",,,,,unverified,35,0,pending-full,generated-staging
Indomie Noodles Oriental 70g x 40 - Bundle of 3,Indomie,grains,Noodles Oriental,BS-INDOMIE-NOODLES-ORIE-70G-X-40-0083-B3,false,,,,70g x 40 x 3,item,1900,16.0,2200,0,5,,Indomie Noodles Oriental 70g x 40 Nigeria product pack bundle 3,Pending automated product-image enrichment,Estimated staging price — supplier verification required,,,Nigeria/Imported,2026-08-10,"Stage catalogue item; verify exact pack, image and supplier price before live sale.",,,,,unverified,35,0,pending-full,generated-staging
Golden Penny Noodles Chicken 70g - Bundle of 3,Golden Penny,grains,Noodles Chicken,BS-GOLDEN-P-NOODLES-CHIC-70G-0084-B3,false,,,,70g x 3,item,450,16.0,500,0,5,,Golden Penny Noodles Chicken 70g Nigeria product pack bundle 3,Pending automated product-image enrichment,Estimated staging price — supplier verification required,,,Nigeria/Imported,2026-08-10,"Stage catalogue item; verify exact pack, image and supplier price before live sale.",,,,,unverified,35,0,pending-full,generated-staging
Golden Penny Noodles Chicken 70g x 40 - Bundle of 3,Golden Penny,grains,Noodles Chicken,BS-GOLDEN-P-NOODLES-CHIC-70G-X-40-0085-B3,false,,,,70g x 40 x 3,item,1600,16.0,1850,0,5,,Golden Penny Noodles Chicken 70g x 40 Nigeria product pack bundle 3,Pending automated product-image enrichment,Estimated staging price — supplier verification required,,,Nigeria/Imported,2026-08-10,"Stage catalogue item; verify exact pack, image and supplier price before live sale.",,,,,unverified,35,0,pending-full,generated-staging
Quaker Oats 500g - Bundle of 3,Quaker,grains,Oats,BS-QUAKER-OATS-500G-0086-B3,false,,,,500g x 3,item,3050,16.0,3550,0,5,,Quaker Oats 500g Nigeria product pack bundle 3,Pending automated product-image enrichment,Estimated staging price — supplier verification required,,,Nigeria/Imported,2026-08-10,"Stage catalogue item; verify exact pack, image and supplier price before live sale.",,,,,unverified,35,0,pending-full,generated-staging
Quaker Oats 1kg - Bundle of 3,Quaker,grains,Oats,BS-QUAKER-OATS-1KG-0087-B3,false,,,,1kg x 3,item,7000,16.0,8100,0,5,,Quaker Oats 1kg Nigeria product pack bundle 3,Pending automated product-image enrichment,Estimated staging price — supplier verification required,,,Nigeria/Imported,2026-08-10,"Stage catalogue item; verify exact pack, image and supplier price before live sale.",,,,,unverified,35,0,pending-full,generated-staging
Nasco Corn Flakes 350g - Bundle of 3,Nasco,grains,Corn Flakes,BS-NASCO-CORN-FLAKES-350G-0088-B3,false,,,,350g x 3,item,1900,16.0,2200,0,5,,Nasco Corn Flakes 350g Nigeria product pack bundle 3,Pending automated product-image enrichment,Estimated staging price — supplier verification required,,,Nigeria/Imported,2026-08-10,"Stage catalogue item; verify exact pack, image and supplier price before live sale.",,,,,unverified,35,0,pending-full,generated-staging
Nasco Corn Flakes 500g - Bundle of 3,Nasco,grains,Corn Flakes,BS-NASCO-CORN-FLAKES-500G-0089-B3,false,,,,500g x 3,item,2450,16.0,2850,0,5,,Nasco Corn Flakes 500g Nigeria product pack bundle 3,Pending automated product-image enrichment,Estimated staging price — supplier verification required,,,Nigeria/Imported,2026-08-10,"Stage catalogue item; verify exact pack, image and supplier price before live sale.",,,,,unverified,35,0,pending-full,generated-staging
Nasco Corn Flakes 1kg - Bundle of 3,Nasco,grains,Corn Flakes,BS-NASCO-CORN-FLAKES-1KG-0090-B3,false,,,,1kg x 3,item,4800,16.0,5550,0,5,,Nasco Corn Flakes 1kg Nigeria product pack bundle 3,Pending automated product-image enrichment,Estimated staging price — supplier verification required,,,Nigeria/Imported,2026-08-10,"Stage catalogue item; verify exact pack, image and supplier price before live sale.",,,,,unverified,35,0,pending-full,generated-staging
Kellogg's Corn Flakes 350g - Bundle of 3,Kellogg's,grains,Corn Flakes,BS-KELLOGG--CORN-FLAKES-350G-0091-B3,false,,,,350g x 3,item,2450,16.0,2850,0,5,,Kellogg's Corn Flakes 350g Nigeria product pack bundle 3,Pending automated product-image enrichment,Estimated staging price — supplier verification required,,,Nigeria/Imported,2026-08-10,"Stage catalogue item; verify exact pack, image and supplier price before live sale.",,,,,unverified,35,0,pending-full,generated-staging
Kellogg's Corn Flakes 500g - Bundle of 3,Kellogg's,grains,Corn Flakes,BS-KELLOGG--CORN-FLAKES-500G-0092-B3,false,,,,500g x 3,item,3950,16.0,4600,0,5,,Kellogg's Corn Flakes 500g Nigeria product pack bundle 3,Pending automated product-image enrichment,Estimated staging price — supplier verification required,,,Nigeria/Imported,2026-08-10,"Stage catalogue item; verify exact pack, image and supplier price before live sale.",,,,,unverified,35,0,pending-full,generated-staging
Kellogg's Corn Flakes 1kg - Bundle of 3,Kellogg's,grains,Corn Flakes,BS-KELLOGG--CORN-FLAKES-1KG-0093-B3,false,,,,1kg x 3,item,8000,16.0,9300,0,5,,Kellogg's Corn Flakes 1kg Nigeria product pack bundle 3,Pending automated product-image enrichment,Estimated staging price — supplier verification required,,,Nigeria/Imported,2026-08-10,"Stage catalogue item; verify exact pack, image and supplier price before live sale.",,,,,unverified,35,0,pending-full,generated-staging
Checkers Custard Vanilla 500g - Bundle of 3,Checkers,grains,Custard Vanilla,BS-CHECKERS-CUSTARD-VANI-500G-0094-B3,false,,,,500g x 3,item,1750,16.0,2050,0,5,,Checkers Custard Vanilla 500g Nigeria product pack bundle 3,Pending automated product-image enrichment,Estimated staging price — supplier verification required,,,Nigeria/Imported,2026-08-10,"Stage catalogue item; verify exact pack, image and supplier price before live sale.",,,,,unverified,35,0,pending-full,generated-staging
Checkers Custard Vanilla 1kg - Bundle of 3,Checkers,grains,Custard Vanilla,BS-CHECKERS-CUSTARD-VANI-1KG-0095-B3,false,,,,1kg x 3,item,3200,16.0,3700,0,5,,Checkers Custard Vanilla 1kg Nigeria product pack bundle 3,Pending automated product-image enrichment,Estimated staging price — supplier verification required,,,Nigeria/Imported,2026-08-10,"Stage catalogue item; verify exact pack, image and supplier price before live sale.",,,,,unverified,35,0,pending-full,generated-staging
Checkers Custard Vanilla 2kg - Bundle of 3,Checkers,grains,Custard Vanilla,BS-CHECKERS-CUSTARD-VANI-2KG-0096-B3,false,,,,2kg x 3,item,6850,16.0,7950,0,5,,Checkers Custard Vanilla 2kg Nigeria product pack bundle 3,Pending automated product-image enrichment,Estimated staging price — supplier verification required,,,Nigeria/Imported,2026-08-10,"Stage catalogue item; verify exact pack, image and supplier price before live sale.",,,,,unverified,35,0,pending-full,generated-staging
Bird's Custard Vanilla 450g - Bundle of 3,Bird's,grains,Custard Vanilla,BS-BIRD-S-CUSTARD-VANI-450G-0097-B3,false,,,,450g x 3,item,2200,16.0,2550,0,5,,Bird's Custard Vanilla 450g Nigeria product pack bundle 3,Pending automated product-image enrichment,Estimated staging price — supplier verification required,,,Nigeria/Imported,2026-08-10,"Stage catalogue item; verify exact pack, image and supplier price before live sale.",,,,,unverified,35,0,pending-full,generated-staging
Bird's Custard Vanilla 1kg - Bundle of 3,Bird's,grains,Custard Vanilla,BS-BIRD-S-CUSTARD-VANI-1KG-0098-B3,false,,,,1kg x 3,item,4350,16.0,5050,0,5,,Bird's Custard Vanilla 1kg Nigeria product pack bundle 3,Pending automated product-image enrichment,Estimated staging price — supplier verification required,,,Nigeria/Imported,2026-08-10,"Stage catalogue item; verify exact pack, image and supplier price before live sale.",,,,,unverified,35,0,pending-full,generated-staging
Golden Penny Flour 1kg - Bundle of 3,Golden Penny,grains,Flour,BS-GOLDEN-P-FLOUR-1KG-0099-B3,false,,,,1kg x 3,item,2750,16.0,3200,0,5,,Golden Penny Flour 1kg Nigeria product pack bundle 3,Pending automated product-image enrichment,Estimated staging price — supplier verification required,,,Nigeria/Imported,2026-08-10,"Stage catalogue item; verify exact pack, image and supplier price before live sale.",,,,,unverified,35,0,pending-full,generated-staging
Golden Penny Flour 2kg - Bundle of 3,Golden Penny,grains,Flour,BS-GOLDEN-P-FLOUR-2KG-0100-B3,false,,,,2kg x 3,item,5400,16.0,6250,0,5,,Golden Penny Flour 2kg Nigeria product pack bundle 3,Pending automated product-image enrichment,Estimated staging price — supplier verification required,,,Nigeria/Imported,2026-08-10,"Stage catalogue item; verify exact pack, image and supplier price before live sale.",,,,,unverified,35,0,pending-full,generated-staging
Golden Penny Flour 5kg - Bundle of 3,Golden Penny,grains,Flour,BS-GOLDEN-P-FLOUR-5KG-0101-B3,false,,,,5kg x 3,item,11350,16.0,13150,0,5,,Golden Penny Flour 5kg Nigeria product pack bundle 3,Pending automated product-image enrichment,Estimated staging price — supplier verification required,,,Nigeria/Imported,2026-08-10,"Stage catalogue item; verify exact pack, image and supplier price before live sale.",,,,,unverified,35,0,pending-full,generated-staging
Golden Penny Flour 10kg - Bundle of 3,Golden Penny,grains,Flour,BS-GOLDEN-P-FLOUR-10KG-0102-B3,false,,,,10kg x 3,item,25900,16.0,30050,0,5,,Golden Penny Flour 10kg Nigeria product pack bundle 3,Pending automated product-image enrichment,Estimated staging price — supplier verification required,,,Nigeria/Imported,2026-08-10,"Stage catalogue item; verify exact pack, image and supplier price before live sale.",,,,,unverified,35,0,pending-full,generated-staging
Golden Penny Flour 25kg - Bundle of 3,Golden Penny,grains,Flour,BS-GOLDEN-P-FLOUR-25KG-0103-B3,false,,,,25kg x 3,item,64450,16.0,74750,0,5,,Golden Penny Flour 25kg Nigeria product pack bundle 3,Pending automated product-image enrichment,Estimated staging price — supplier verification required,,,Nigeria/Imported,2026-08-10,"Stage catalogue item; verify exact pack, image and supplier price before live sale.",,,,,unverified,35,0,pending-full,generated-staging
Golden Penny Flour 50kg - Bundle of 3,Golden Penny,grains,Flour,BS-GOLDEN-P-FLOUR-50KG-0104-B3,false,,,,50kg x 3,item,125700,16.0,145800,0,5,,Golden Penny Flour 50kg Nigeria product pack bundle 3,Pending automated product-image enrichment,Estimated staging price — supplier verification required,,,Nigeria/Imported,2026-08-10,"Stage catalogue item; verify exact pack, image and supplier price before live sale.",,,,,unverified,35,0,pending-full,generated-staging
Honeywell Flour 1kg - Bundle of 3,Honeywell,grains,Flour,BS-HONEYWEL-FLOUR-1KG-0105-B3,false,,,,1kg x 3,item,2450,16.0,2850,0,5,,Honeywell Flour 1kg Nigeria product pack bundle 3,Pending automated product-image enrichment,Estimated staging price — supplier verification required,,,Nigeria/Imported,2026-08-10,"Stage catalogue item; verify exact pack, image and supplier price before live sale.",,,,,unverified,35,0,pending-full,generated-staging
Honeywell Flour 2kg - Bundle of 3,Honeywell,grains,Flour,BS-HONEYWEL-FLOUR-2KG-0106-B3,false,,,,2kg x 3,item,5250,16.0,6100,0,5,,Honeywell Flour 2kg Nigeria product pack bundle 3,Pending automated product-image enrichment,Estimated staging price — supplier verification required,,,Nigeria/Imported,2026-08-10,"Stage catalogue item; verify exact pack, image and supplier price before live sale.",,,,,unverified,35,0,pending-full,generated-staging
Honeywell Flour 5kg - Bundle of 3,Honeywell,grains,Flour,BS-HONEYWEL-FLOUR-5KG-0107-B3,false,,,,5kg x 3,item,11950,16.0,13850,0,5,,Honeywell Flour 5kg Nigeria product pack bundle 3,Pending automated product-image enrichment,Estimated staging price — supplier verification required,,,Nigeria/Imported,2026-08-10,"Stage catalogue item; verify exact pack, image and supplier price before live sale.",,,,,unverified,35,0,pending-full,generated-staging
Honeywell Flour 10kg - Bundle of 3,Honeywell,grains,Flour,BS-HONEYWEL-FLOUR-10KG-0108-B3,false,,,,10kg x 3,item,25300,16.0,29350,0,5,,Honeywell Flour 10kg Nigeria product pack bundle 3,Pending automated product-image enrichment,Estimated staging price — supplier verification required,,,Nigeria/Imported,2026-08-10,"Stage catalogue item; verify exact pack, image and supplier price before live sale.",,,,,unverified,35,0,pending-full,generated-staging
Honeywell Flour 25kg - Bundle of 3,Honeywell,grains,Flour,BS-HONEYWEL-FLOUR-25KG-0109-B3,false,,,,25kg x 3,item,63450,16.0,73600,0,5,,Honeywell Flour 25kg Nigeria product pack bundle 3,Pending automated product-image enrichment,Estimated staging price — supplier verification required,,,Nigeria/Imported,2026-08-10,"Stage catalogue item; verify exact pack, image and supplier price before live sale.",,,,,unverified,35,0,pending-full,generated-staging
Honeywell Flour 50kg - Bundle of 3,Honeywell,grains,Flour,BS-HONEYWEL-FLOUR-50KG-0110-B3,false,,,,50kg x 3,item,138200,16.0,160300,0,5,,Honeywell Flour 50kg Nigeria product pack bundle 3,Pending automated product-image enrichment,Estimated staging price — supplier verification required,,,Nigeria/Imported,2026-08-10,"Stage catalogue item; verify exact pack, image and supplier price before live sale.",,,,,unverified,35,0,pending-full,generated-staging
Dangote Sugar 500g - Bundle of 3,Dangote,grains,Sugar,BS-DANGOTE-SUGAR-500G-0111-B3,false,,,,500g x 3,item,1450,16.0,1700,0,5,,Dangote Sugar 500g Nigeria product pack bundle 3,Pending automated product-image enrichment,Estimated staging price — supplier verification required,,,Nigeria/Imported,2026-08-10,"Stage catalogue item; verify exact pack, image and supplier price before live sale.",,,,,unverified,35,0,pending-full,generated-staging
Dangote Sugar 1kg - Bundle of 3,Dangote,grains,Sugar,BS-DANGOTE-SUGAR-1KG-0112-B3,false,,,,1kg x 3,item,2600,16.0,3000,0,5,,Dangote Sugar 1kg Nigeria product pack bundle 3,Pending automated product-image enrichment,Estimated staging price — supplier verification required,,,Nigeria/Imported,2026-08-10,"Stage catalogue item; verify exact pack, image and supplier price before live sale.",,,,,unverified,35,0,pending-full,generated-staging
Dangote Sugar 2kg - Bundle of 3,Dangote,grains,Sugar,BS-DANGOTE-SUGAR-2KG-0113-B3,false,,,,2kg x 3,item,5550,16.0,6450,0,5,,Dangote Sugar 2kg Nigeria product pack bundle 3,Pending automated product-image enrichment,Estimated staging price — supplier verification required,,,Nigeria/Imported,2026-08-10,"Stage catalogue item; verify exact pack, image and supplier price before live sale.",,,,,unverified,35,0,pending-full,generated-staging
Dangote Sugar 5kg - Bundle of 3,Dangote,grains,Sugar,BS-DANGOTE-SUGAR-5KG-0114-B3,false,,,,5kg x 3,item,13100,16.0,15200,0,5,,Dangote Sugar 5kg Nigeria product pack bundle 3,Pending automated product-image enrichment,Estimated staging price — supplier verification required,,,Nigeria/Imported,2026-08-10,"Stage catalogue item; verify exact pack, image and supplier price before live sale.",,,,,unverified,35,0,pending-full,generated-staging
Dangote Sugar 10kg - Bundle of 3,Dangote,grains,Sugar,BS-DANGOTE-SUGAR-10KG-0115-B3,false,,,,10kg x 3,item,29950,16.0,34750,0,5,,Dangote Sugar 10kg Nigeria product pack bundle 3,Pending automated product-image enrichment,Estimated staging price — supplier verification required,,,Nigeria/Imported,2026-08-10,"Stage catalogue item; verify exact pack, image and supplier price before live sale.",,,,,unverified,35,0,pending-full,generated-staging
Dangote Sugar 25kg - Bundle of 3,Dangote,grains,Sugar,BS-DANGOTE-SUGAR-25KG-0116-B3,false,,,,25kg x 3,item,74350,16.0,86250,0,5,,Dangote Sugar 25kg Nigeria product pack bundle 3,Pending automated product-image enrichment,Estimated staging price — supplier verification required,,,Nigeria/Imported,2026-08-10,"Stage catalogue item; verify exact pack, image and supplier price before live sale.",,,,,unverified,35,0,pending-full,generated-staging
Dangote Sugar 50kg - Bundle of 3,Dangote,grains,Sugar,BS-DANGOTE-SUGAR-50KG-0117-B3,false,,,,50kg x 3,item,134600,16.0,156150,0,5,,Dangote Sugar 50kg Nigeria product pack bundle 3,Pending automated product-image enrichment,Estimated staging price — supplier verification required,,,Nigeria/Imported,2026-08-10,"Stage catalogue item; verify exact pack, image and supplier price before live sale.",,,,,unverified,35,0,pending-full,generated-staging
BUA Sugar 500g - Bundle of 3,BUA,grains,Sugar,BS-BUA-SUGAR-500G-0118-B3,false,,,,500g x 3,item,1450,16.0,1700,0,5,,BUA Sugar 500g Nigeria product pack bundle 3,Pending automated product-image enrichment,Estimated staging price — supplier verification required,,,Nigeria/Imported,2026-08-10,"Stage catalogue item; verify exact pack, image and supplier price before live sale.",,,,,unverified,35,0,pending-full,generated-staging
BUA Sugar 1kg - Bundle of 3,BUA,grains,Sugar,BS-BUA-SUGAR-1KG-0119-B3,false,,,,1kg x 3,item,2750,16.0,3200,0,5,,BUA Sugar 1kg Nigeria product pack bundle 3,Pending automated product-image enrichment,Estimated staging price — supplier verification required,,,Nigeria/Imported,2026-08-10,"Stage catalogue item; verify exact pack, image and supplier price before live sale.",,,,,unverified,35,0,pending-full,generated-staging
BUA Sugar 2kg - Bundle of 3,BUA,grains,Sugar,BS-BUA-SUGAR-2KG-0120-B3,false,,,,2kg x 3,item,5100,16.0,5900,0,5,,BUA Sugar 2kg Nigeria product pack bundle 3,Pending automated product-image enrichment,Estimated staging price — supplier verification required,,,Nigeria/Imported,2026-08-10,"Stage catalogue item; verify exact pack, image and supplier price before live sale.",,,,,unverified,35,0,pending-full,generated-staging
BUA Sugar 5kg - Bundle of 3,BUA,grains,Sugar,BS-BUA-SUGAR-5KG-0121-B3,false,,,,5kg x 3,item,14250,16.0,16550,0,5,,BUA Sugar 5kg Nigeria product pack bundle 3,Pending automated product-image enrichment,Estimated staging price — supplier verification required,,,Nigeria/Imported,2026-08-10,"Stage catalogue item; verify exact pack, image and supplier price before live sale.",,,,,unverified,35,0,pending-full,generated-staging
BUA Sugar 10kg - Bundle of 3,BUA,grains,Sugar,BS-BUA-SUGAR-10KG-0122-B3,false,,,,10kg x 3,item,27500,16.0,31900,0,5,,BUA Sugar 10kg Nigeria product pack bundle 3,Pending automated product-image enrichment,Estimated staging price — supplier verification required,,,Nigeria/Imported,2026-08-10,"Stage catalogue item; verify exact pack, image and supplier price before live sale.",,,,,unverified,35,0,pending-full,generated-staging
BUA Sugar 25kg - Bundle of 3,BUA,grains,Sugar,BS-BUA-SUGAR-25KG-0123-B3,false,,,,25kg x 3,item,71750,16.0,83250,0,5,,BUA Sugar 25kg Nigeria product pack bundle 3,Pending automated product-image enrichment,Estimated staging price — supplier verification required,,,Nigeria/Imported,2026-08-10,"Stage catalogue item; verify exact pack, image and supplier price before live sale.",,,,,unverified,35,0,pending-full,generated-staging
BUA Sugar 50kg - Bundle of 3,BUA,grains,Sugar,BS-BUA-SUGAR-50KG-0124-B3,false,,,,50kg x 3,item,137350,16.0,159350,0,5,,BUA Sugar 50kg Nigeria product pack bundle 3,Pending automated product-image enrichment,Estimated staging price — supplier verification required,,,Nigeria/Imported,2026-08-10,"Stage catalogue item; verify exact pack, image and supplier price before live sale.",,,,,unverified,35,0,pending-full,generated-staging
Devon King's Vegetable Oil 500ml - Bundle of 3,Devon King's,oil,Vegetable Oil,BS-DEVON-KI-VEGETABLE-OI-500ML-0125-B3,false,,,,500ml x 3,item,2450,14.0,2800,0,5,,Devon King's Vegetable Oil 500ml Nigeria product pack bundle 3,Pending automated product-image enrichment,Estimated staging price — supplier verification required,,,Nigeria/Imported,2026-08-10,"Stage catalogue item; verify exact pack, image and supplier price before live sale.",,,,,unverified,35,0,pending-full,generated-staging
Devon King's Vegetable Oil 1L - Bundle of 3,Devon King's,oil,Vegetable Oil,BS-DEVON-KI-VEGETABLE-OI-1L-0126-B3,false,,,,1L x 3,item,5100,14.0,5800,0,5,,Devon King's Vegetable Oil 1L Nigeria product pack bundle 3,Pending automated product-image enrichment,Estimated staging price — supplier verification required,,,Nigeria/Imported,2026-08-10,"Stage catalogue item; verify exact pack, image and supplier price before live sale.",,,,,unverified,35,0,pending-full,generated-staging
Devon King's Vegetable Oil 2L - Bundle of 3,Devon King's,oil,Vegetable Oil,BS-DEVON-KI-VEGETABLE-OI-2L-0127-B3,false,,,,2L x 3,item,9600,14.0,10950,0,5,,Devon King's Vegetable Oil 2L Nigeria product pack bundle 3,Pending automated product-image enrichment,Estimated staging price — supplier verification required,,,Nigeria/Imported,2026-08-10,"Stage catalogue item; verify exact pack, image and supplier price before live sale.",,,,,unverified,35,0,pending-full,generated-staging
Devon King's Vegetable Oil 3L - Bundle of 3,Devon King's,oil,Vegetable Oil,BS-DEVON-KI-VEGETABLE-OI-3L-0128-B3,false,,,,3L x 3,item,17000,14.0,19400,0,5,,Devon King's Vegetable Oil 3L Nigeria product pack bundle 3,Pending automated product-image enrichment,Estimated staging price — supplier verification required,,,Nigeria/Imported,2026-08-10,"Stage catalogue item; verify exact pack, image and supplier price before live sale.",,,,,unverified,35,0,pending-full,generated-staging
Devon King's Vegetable Oil 5L - Bundle of 3,Devon King's,oil,Vegetable Oil,BS-DEVON-KI-VEGETABLE-OI-5L-0129-B3,false,,,,5L x 3,item,28250,14.0,32200,0,5,,Devon King's Vegetable Oil 5L Nigeria product pack bundle 3,Pending automated product-image enrichment,Estimated staging price — supplier verification required,,,Nigeria/Imported,2026-08-10,"Stage catalogue item; verify exact pack, image and supplier price before live sale.",,,,,unverified,35,0,pending-full,generated-staging
Devon King's Vegetable Oil 25L - Bundle of 3,Devon King's,oil,Vegetable Oil,BS-DEVON-KI-VEGETABLE-OI-25L-0130-B3,false,,,,25L x 3,item,140100,14.0,159700,0,5,,Devon King's Vegetable Oil 25L Nigeria product pack bundle 3,Pending automated product-image enrichment,Estimated staging price — supplier verification required,,,Nigeria/Imported,2026-08-10,"Stage catalogue item; verify exact pack, image and supplier price before live sale.",,,,,unverified,35,0,pending-full,generated-staging
Power Oil Vegetable Oil 500ml - Bundle of 3,Power Oil,oil,Vegetable Oil,BS-POWER-OI-VEGETABLE-OI-500ML-0131-B3,false,,,,500ml x 3,item,2750,14.0,3150,0,5,,Power Oil Vegetable Oil 500ml Nigeria product pack bundle 3,Pending automated product-image enrichment,Estimated staging price — supplier verification required,,,Nigeria/Imported,2026-08-10,"Stage catalogue item; verify exact pack, image and supplier price before live sale.",,,,,unverified,35,0,pending-full,generated-staging
Power Oil Vegetable Oil 750ml - Bundle of 3,Power Oil,oil,Vegetable Oil,BS-POWER-OI-VEGETABLE-OI-750ML-0132-B3,false,,,,750ml x 3,item,3950,14.0,4500,0,5,,Power Oil Vegetable Oil 750ml Nigeria product pack bundle 3,Pending automated product-image enrichment,Estimated staging price — supplier verification required,,,Nigeria/Imported,2026-08-10,"Stage catalogue item; verify exact pack, image and supplier price before live sale.",,,,,unverified,35,0,pending-full,generated-staging
Power Oil Vegetable Oil 1L - Bundle of 3,Power Oil,oil,Vegetable Oil,BS-POWER-OI-VEGETABLE-OI-1L-0133-B3,false,,,,1L x 3,item,5950,14.0,6800,0,5,,Power Oil Vegetable Oil 1L Nigeria product pack bundle 3,Pending automated product-image enrichment,Estimated staging price — supplier verification required,,,Nigeria/Imported,2026-08-10,"Stage catalogue item; verify exact pack, image and supplier price before live sale.",,,,,unverified,35,0,pending-full,generated-staging
Power Oil Vegetable Oil 2L - Bundle of 3,Power Oil,oil,Vegetable Oil,BS-POWER-OI-VEGETABLE-OI-2L-0134-B3,false,,,,2L x 3,item,12100,14.0,13800,0,5,,Power Oil Vegetable Oil 2L Nigeria product pack bundle 3,Pending automated product-image enrichment,Estimated staging price — supplier verification required,,,Nigeria/Imported,2026-08-10,"Stage catalogue item; verify exact pack, image and supplier price before live sale.",,,,,unverified,35,0,pending-full,generated-staging
Power Oil Vegetable Oil 3L - Bundle of 3,Power Oil,oil,Vegetable Oil,BS-POWER-OI-VEGETABLE-OI-3L-0135-B3,false,,,,3L x 3,item,15550,14.0,17750,0,5,,Power Oil Vegetable Oil 3L Nigeria product pack bundle 3,Pending automated product-image enrichment,Estimated staging price — supplier verification required,,,Nigeria/Imported,2026-08-10,"Stage catalogue item; verify exact pack, image and supplier price before live sale.",,,,,unverified,35,0,pending-full,generated-staging
Power Oil Vegetable Oil 5L - Bundle of 3,Power Oil,oil,Vegetable Oil,BS-POWER-OI-VEGETABLE-OI-5L-0136-B3,false,,,,5L x 3,item,27800,14.0,31700,0,5,,Power Oil Vegetable Oil 5L Nigeria product pack bundle 3,Pending automated product-image enrichment,Estimated staging price — supplier verification required,,,Nigeria/Imported,2026-08-10,"Stage catalogue item; verify exact pack, image and supplier price before live sale.",,,,,unverified,35,0,pending-full,generated-staging
Mamador Vegetable Oil 500ml - Bundle of 3,Mamador,oil,Vegetable Oil,BS-MAMADOR-VEGETABLE-OI-500ML-0137-B3,false,,,,500ml x 3,item,2600,14.0,2950,0,5,,Mamador Vegetable Oil 500ml Nigeria product pack bundle 3,Pending automated product-image enrichment,Estimated staging price — supplier verification required,,,Nigeria/Imported,2026-08-10,"Stage catalogue item; verify exact pack, image and supplier price before live sale.",,,,,unverified,35,0,pending-full,generated-staging
Mamador Vegetable Oil 1L - Bundle of 3,Mamador,oil,Vegetable Oil,BS-MAMADOR-VEGETABLE-OI-1L-0138-B3,false,,,,1L x 3,item,5950,14.0,6800,0,5,,Mamador Vegetable Oil 1L Nigeria product pack bundle 3,Pending automated product-image enrichment,Estimated staging price — supplier verification required,,,Nigeria/Imported,2026-08-10,"Stage catalogue item; verify exact pack, image and supplier price before live sale.",,,,,unverified,35,0,pending-full,generated-staging
Mamador Vegetable Oil 2L - Bundle of 3,Mamador,oil,Vegetable Oil,BS-MAMADOR-VEGETABLE-OI-2L-0139-B3,false,,,,2L x 3,item,12100,14.0,13800,0,5,,Mamador Vegetable Oil 2L Nigeria product pack bundle 3,Pending automated product-image enrichment,Estimated staging price — supplier verification required,,,Nigeria/Imported,2026-08-10,"Stage catalogue item; verify exact pack, image and supplier price before live sale.",,,,,unverified,35,0,pending-full,generated-staging
Mamador Vegetable Oil 3L - Bundle of 3,Mamador,oil,Vegetable Oil,BS-MAMADOR-VEGETABLE-OI-3L-0140-B3,false,,,,3L x 3,item,16000,14.0,18250,0,5,,Mamador Vegetable Oil 3L Nigeria product pack bundle 3,Pending automated product-image enrichment,Estimated staging price — supplier verification required,,,Nigeria/Imported,2026-08-10,"Stage catalogue item; verify exact pack, image and supplier price before live sale.",,,,,unverified,35,0,pending-full,generated-staging
Mamador Vegetable Oil 4L - Bundle of 3,Mamador,oil,Vegetable Oil,BS-MAMADOR-VEGETABLE-OI-4L-0141-B3,false,,,,4L x 3,item,22850,14.0,26050,0,5,,Mamador Vegetable Oil 4L Nigeria product pack bundle 3,Pending automated product-image enrichment,Estimated staging price — supplier verification required,,,Nigeria/Imported,2026-08-10,"Stage catalogue item; verify exact pack, image and supplier price before live sale.",,,,,unverified,35,0,pending-full,generated-staging
Mamador Vegetable Oil 5L - Bundle of 3,Mamador,oil,Vegetable Oil,BS-MAMADOR-VEGETABLE-OI-5L-0142-B3,false,,,,5L x 3,item,28950,14.0,33000,0,5,,Mamador Vegetable Oil 5L Nigeria product pack bundle 3,Pending automated product-image enrichment,Estimated staging price — supplier verification required,,,Nigeria/Imported,2026-08-10,"Stage catalogue item; verify exact pack, image and supplier price before live sale.",,,,,unverified,35,0,pending-full,generated-staging
Kings Vegetable Oil 500ml - Bundle of 3,Kings,oil,Vegetable Oil,BS-KINGS-VEGETABLE-OI-500ML-0143-B3,false,,,,500ml x 3,item,2450,14.0,2800,0,5,,Kings Vegetable Oil 500ml Nigeria product pack bundle 3,Pending automated product-image enrichment,Estimated staging price — supplier verification required,,,Nigeria/Imported,2026-08-10,"Stage catalogue item; verify exact pack, image and supplier price before live sale.",,,,,unverified,35,0,pending-full,generated-staging
Kings Vegetable Oil 1L - Bundle of 3,Kings,oil,Vegetable Oil,BS-KINGS-VEGETABLE-OI-1L-0144-B3,false,,,,1L x 3,item,5550,14.0,6350,0,5,,Kings Vegetable Oil 1L Nigeria product pack bundle 3,Pending automated product-image enrichment,Estimated staging price — supplier verification required,,,Nigeria/Imported,2026-08-10,"Stage catalogue item; verify exact pack, image and supplier price before live sale.",,,,,unverified,35,0,pending-full,generated-staging
Kings Vegetable Oil 2L - Bundle of 3,Kings,oil,Vegetable Oil,BS-KINGS-VEGETABLE-OI-2L-0145-B3,false,,,,2L x 3,item,10200,14.0,11650,0,5,,Kings Vegetable Oil 2L Nigeria product pack bundle 3,Pending automated product-image enrichment,Estimated staging price — supplier verification required,,,Nigeria/Imported,2026-08-10,"Stage catalogue item; verify exact pack, image and supplier price before live sale.",,,,,unverified,35,0,pending-full,generated-staging
Kings Vegetable Oil 3L - Bundle of 3,Kings,oil,Vegetable Oil,BS-KINGS-VEGETABLE-OI-3L-0146-B3,false,,,,3L x 3,item,14700,14.0,16750,0,5,,Kings Vegetable Oil 3L Nigeria product pack bundle 3,Pending automated product-image enrichment,Estimated staging price — supplier verification required,,,Nigeria/Imported,2026-08-10,"Stage catalogue item; verify exact pack, image and supplier price before live sale.",,,,,unverified,35,0,pending-full,generated-staging
Kings Vegetable Oil 5L - Bundle of 3,Kings,oil,Vegetable Oil,BS-KINGS-VEGETABLE-OI-5L-0147-B3,false,,,,5L x 3,item,25900,14.0,29550,0,5,,Kings Vegetable Oil 5L Nigeria product pack bundle 3,Pending automated product-image enrichment,Estimated staging price — supplier verification required,,,Nigeria/Imported,2026-08-10,"Stage catalogue item; verify exact pack, image and supplier price before live sale.",,,,,unverified,35,0,pending-full,generated-staging
Palm Oil 500ml - Bundle of 3,Generic,oil,Palm Oil,BS-GENERIC-PALM-OIL-500ML-0148-B3,false,,,,500ml x 3,item,2600,14.0,2950,0,5,,Generic Palm Oil 500ml Nigeria product pack bundle 3,Pending automated product-image enrichment,Estimated staging price — supplier verification required,,,Nigeria/Imported,2026-08-10,"Stage catalogue item; verify exact pack, image and supplier price before live sale.",,,,,unverified,35,0,pending-full,generated-staging
Palm Oil 1L - Bundle of 3,Generic,oil,Palm Oil,BS-GENERIC-PALM-OIL-1L-0149-B3,false,,,,1L x 3,item,4800,14.0,5450,0,5,,Generic Palm Oil 1L Nigeria product pack bundle 3,Pending automated product-image enrichment,Estimated staging price — supplier verification required,,,Nigeria/Imported,2026-08-10,"Stage catalogue item; verify exact pack, image and supplier price before live sale.",,,,,unverified,35,0,pending-full,generated-staging
Palm Oil 2L - Bundle of 3,Generic,oil,Palm Oil,BS-GENERIC-PALM-OIL-2L-0150-B3,false,,,,2L x 3,item,9600,14.0,10950,0,5,,Generic Palm Oil 2L Nigeria product pack bundle 3,Pending automated product-image enrichment,Estimated staging price — supplier verification required,,,Nigeria/Imported,2026-08-10,"Stage catalogue item; verify exact pack, image and supplier price before live sale.",,,,,unverified,35,0,pending-full,generated-staging
Palm Oil 4L - Bundle of 3,Generic,oil,Palm Oil,BS-GENERIC-PALM-OIL-4L-0151-B3,false,,,,4L x 3,item,21700,14.0,24750,0,5,,Generic Palm Oil 4L Nigeria product pack bundle 3,Pending automated product-image enrichment,Estimated staging price — supplier verification required,,,Nigeria/Imported,2026-08-10,"Stage catalogue item; verify exact pack, image and supplier price before live sale.",,,,,unverified,35,0,pending-full,generated-staging
Palm Oil 5L - Bundle of 3,Generic,oil,Palm Oil,BS-GENERIC-PALM-OIL-5L-0152-B3,false,,,,5L x 3,item,25600,14.0,29200,0,5,,Generic Palm Oil 5L Nigeria product pack bundle 3,Pending automated product-image enrichment,Estimated staging price — supplier verification required,,,Nigeria/Imported,2026-08-10,"Stage catalogue item; verify exact pack, image and supplier price before live sale.",,,,,unverified,35,0,pending-full,generated-staging
Palm Oil 25L - Bundle of 3,Generic,oil,Palm Oil,BS-GENERIC-PALM-OIL-25L-0153-B3,false,,,,25L x 3,item,123550,14.0,140850,0,5,,Generic Palm Oil 25L Nigeria product pack bundle 3,Pending automated product-image enrichment,Estimated staging price — supplier verification required,,,Nigeria/Imported,2026-08-10,"Stage catalogue item; verify exact pack, image and supplier price before live sale.",,,,,unverified,35,0,pending-full,generated-staging
Blue Band Margarine 250g - Bundle of 3,Blue Band,oil,Margarine,BS-BLUE-BAN-MARGARINE-250G-0154-B3,false,,,,250g x 3,item,1150,14.0,1300,0,5,,Blue Band Margarine 250g Nigeria product pack bundle 3,Pending automated product-image enrichment,Estimated staging price — supplier verification required,,,Nigeria/Imported,2026-08-10,"Stage catalogue item; verify exact pack, image and supplier price before live sale.",,,,,unverified,35,0,pending-full,generated-staging
Blue Band Margarine 500g - Bundle of 3,Blue Band,oil,Margarine,BS-BLUE-BAN-MARGARINE-500G-0155-B3,false,,,,500g x 3,item,2200,14.0,2500,0,5,,Blue Band Margarine 500g Nigeria product pack bundle 3,Pending automated product-image enrichment,Estimated staging price — supplier verification required,,,Nigeria/Imported,2026-08-10,"Stage catalogue item; verify exact pack, image and supplier price before live sale.",,,,,unverified,35,0,pending-full,generated-staging
Blue Band Margarine 900g - Bundle of 3,Blue Band,oil,Margarine,BS-BLUE-BAN-MARGARINE-900G-0156-B3,false,,,,900g x 3,item,4050,14.0,4600,0,5,,Blue Band Margarine 900g Nigeria product pack bundle 3,Pending automated product-image enrichment,Estimated staging price — supplier verification required,,,Nigeria/Imported,2026-08-10,"Stage catalogue item; verify exact pack, image and supplier price before live sale.",,,,,unverified,35,0,pending-full,generated-staging
President Butter 200g - Bundle of 3,President,oil,Butter,BS-PRESIDEN-BUTTER-200G-0157-B3,false,,,,200g x 3,item,2350,14.0,2700,0,5,,President Butter 200g Nigeria product pack bundle 3,Pending automated product-image enrichment,Estimated staging price — supplier verification required,,,Nigeria/Imported,2026-08-10,"Stage catalogue item; verify exact pack, image and supplier price before live sale.",,,,,unverified,35,0,pending-full,generated-staging
President Butter 250g - Bundle of 3,President,oil,Butter,BS-PRESIDEN-BUTTER-250G-0158-B3,false,,,,250g x 3,item,3200,14.0,3650,0,5,,President Butter 250g Nigeria product pack bundle 3,Pending automated product-image enrichment,Estimated staging price — supplier verification required,,,Nigeria/Imported,2026-08-10,"Stage catalogue item; verify exact pack, image and supplier price before live sale.",,,,,unverified,35,0,pending-full,generated-staging
President Butter 500g - Bundle of 3,President,oil,Butter,BS-PRESIDEN-BUTTER-500G-0159-B3,false,,,,500g x 3,item,5800,14.0,6600,0,5,,President Butter 500g Nigeria product pack bundle 3,Pending automated product-image enrichment,Estimated staging price — supplier verification required,,,Nigeria/Imported,2026-08-10,"Stage catalogue item; verify exact pack, image and supplier price before live sale.",,,,,unverified,35,0,pending-full,generated-staging
Maggi Seasoning Cubes Chicken 100g - Bundle of 3,Maggi,spices,Seasoning Cubes Chicken,BS-MAGGI-SEASONING-CU-100G-0160-B3,false,,,,100g x 3,item,450,22.0,550,0,5,,Maggi Seasoning Cubes Chicken 100g Nigeria product pack bundle 3,Pending automated product-image enrichment,Estimated staging price — supplier verification required,,,Nigeria/Imported,2026-08-10,"Stage catalogue item; verify exact pack, image and supplier price before live sale.",,,,,unverified,35,0,pending-full,generated-staging
Maggi Seasoning Cubes Chicken 400g - Bundle of 3,Maggi,spices,Seasoning Cubes Chicken,BS-MAGGI-SEASONING-CU-400G-0161-B3,false,,,,400g x 3,item,1300,22.0,1600,0,5,,Maggi Seasoning Cubes Chicken 400g Nigeria product pack bundle 3,Pending automated product-image enrichment,Estimated staging price — supplier verification required,,,Nigeria/Imported,2026-08-10,"Stage catalogue item; verify exact pack, image and supplier price before live sale.",,,,,unverified,35,0,pending-full,generated-staging
Maggi Seasoning Cubes Chicken 1kg - Bundle of 3,Maggi,spices,Seasoning Cubes Chicken,BS-MAGGI-SEASONING-CU-1KG-0162-B3,false,,,,1kg x 3,item,3650,22.0,4450,0,5,,Maggi Seasoning Cubes Chicken 1kg Nigeria product pack bundle 3,Pending automated product-image enrichment,Estimated staging price — supplier verification required,,,Nigeria/Imported,2026-08-10,"Stage catalogue item; verify exact pack, image and supplier price before live sale.",,,,,unverified,35,0,pending-full,generated-staging
Knorr Seasoning Cubes Chicken 100g - Bundle of 3,Knorr,spices,Seasoning Cubes Chicken,BS-KNORR-SEASONING-CU-100G-0163-B3,false,,,,100g x 3,item,450,22.0,550,0,5,,Knorr Seasoning Cubes Chicken 100g Nigeria product pack bundle 3,Pending automated product-image enrichment,Estimated staging price — supplier verification required,,,Nigeria/Imported,2026-08-10,"Stage catalogue item; verify exact pack, image and supplier price before live sale.",,,,,unverified,35,0,pending-full,generated-staging
Knorr Seasoning Cubes Chicken 400g - Bundle of 3,Knorr,spices,Seasoning Cubes Chicken,BS-KNORR-SEASONING-CU-400G-0164-B3,false,,,,400g x 3,item,1600,22.0,1950,0,5,,Knorr Seasoning Cubes Chicken 400g Nigeria product pack bundle 3,Pending automated product-image enrichment,Estimated staging price — supplier verification required,,,Nigeria/Imported,2026-08-10,"Stage catalogue item; verify exact pack, image and supplier price before live sale.",,,,,unverified,35,0,pending-full,generated-staging
Knorr Seasoning Cubes Chicken 1kg - Bundle of 3,Knorr,spices,Seasoning Cubes Chicken,BS-KNORR-SEASONING-CU-1KG-0165-B3,false,,,,1kg x 3,item,4050,22.0,4950,0,5,,Knorr Seasoning Cubes Chicken 1kg Nigeria product pack bundle 3,Pending automated product-image enrichment,Estimated staging price — supplier verification required,,,Nigeria/Imported,2026-08-10,"Stage catalogue item; verify exact pack, image and supplier price before live sale.",,,,,unverified,35,0,pending-full,generated-staging
Onga Seasoning Powder 50g - Bundle of 3,Onga,spices,Seasoning Powder,BS-ONGA-SEASONING-PO-50G-0166-B3,false,,,,50g x 3,item,450,22.0,550,0,5,,Onga Seasoning Powder 50g Nigeria product pack bundle 3,Pending automated product-image enrichment,Estimated staging price — supplier verification required,,,Nigeria/Imported,2026-08-10,"Stage catalogue item; verify exact pack, image and supplier price before live sale.",,,,,unverified,35,0,pending-full,generated-staging
Onga Seasoning Powder 100g - Bundle of 3,Onga,spices,Seasoning Powder,BS-ONGA-SEASONING-PO-100G-0167-B3,false,,,,100g x 3,item,450,22.0,550,0,5,,Onga Seasoning Powder 100g Nigeria product pack bundle 3,Pending automated product-image enrichment,Estimated staging price — supplier verification required,,,Nigeria/Imported,2026-08-10,"Stage catalogue item; verify exact pack, image and supplier price before live sale.",,,,,unverified,35,0,pending-full,generated-staging
Onga Seasoning Powder 400g - Bundle of 3,Onga,spices,Seasoning Powder,BS-ONGA-SEASONING-PO-400G-0168-B3,false,,,,400g x 3,item,750,22.0,900,0,5,,Onga Seasoning Powder 400g Nigeria product pack bundle 3,Pending automated product-image enrichment,Estimated staging price — supplier verification required,,,Nigeria/Imported,2026-08-10,"Stage catalogue item; verify exact pack, image and supplier price before live sale.",,,,,unverified,35,0,pending-full,generated-staging
Lion Curry Powder 50g - Bundle of 3,Lion,spices,Curry Powder,BS-LION-CURRY-POWDER-50G-0169-B3,false,,,,50g x 3,item,450,22.0,550,0,5,,Lion Curry Powder 50g Nigeria product pack bundle 3,Pending automated product-image enrichment,Estimated staging price — supplier verification required,,,Nigeria/Imported,2026-08-10,"Stage catalogue item; verify exact pack, image and supplier price before live sale.",,,,,unverified,35,0,pending-full,generated-staging
Lion Curry Powder 100g - Bundle of 3,Lion,spices,Curry Powder,BS-LION-CURRY-POWDER-100G-0170-B3,false,,,,100g x 3,item,450,22.0,550,0,5,,Lion Curry Powder 100g Nigeria product pack bundle 3,Pending automated product-image enrichment,Estimated staging price — supplier verification required,,,Nigeria/Imported,2026-08-10,"Stage catalogue item; verify exact pack, image and supplier price before live sale.",,,,,unverified,35,0,pending-full,generated-staging
Lion Curry Powder 250g - Bundle of 3,Lion,spices,Curry Powder,BS-LION-CURRY-POWDER-250G-0171-B3,false,,,,250g x 3,item,450,22.0,550,0,5,,Lion Curry Powder 250g Nigeria product pack bundle 3,Pending automated product-image enrichment,Estimated staging price — supplier verification required,,,Nigeria/Imported,2026-08-10,"Stage catalogue item; verify exact pack, image and supplier price before live sale.",,,,,unverified,35,0,pending-full,generated-staging
Lion Thyme 20g - Bundle of 3,Lion,spices,Thyme,BS-LION-THYME-20G-0172-B3,false,,,,20g x 3,item,450,22.0,550,0,5,,Lion Thyme 20g Nigeria product pack bundle 3,Pending automated product-image enrichment,Estimated staging price — supplier verification required,,,Nigeria/Imported,2026-08-10,"Stage catalogue item; verify exact pack, image and supplier price before live sale.",,,,,unverified,35,0,pending-full,generated-staging
Lion Thyme 50g - Bundle of 3,Lion,spices,Thyme,BS-LION-THYME-50G-0173-B3,false,,,,50g x 3,item,450,22.0,550,0,5,,Lion Thyme 50g Nigeria product pack bundle 3,Pending automated product-image enrichment,Estimated staging price — supplier verification required,,,Nigeria/Imported,2026-08-10,"Stage catalogue item; verify exact pack, image and supplier price before live sale.",,,,,unverified,35,0,pending-full,generated-staging
Lion Thyme 100g - Bundle of 3,Lion,spices,Thyme,BS-LION-THYME-100G-0174-B3,false,,,,100g x 3,item,450,22.0,550,0,5,,Lion Thyme 100g Nigeria product pack bundle 3,Pending automated product-image enrichment,Estimated staging price — supplier verification required,,,Nigeria/Imported,2026-08-10,"Stage catalogue item; verify exact pack, image and supplier price before live sale.",,,,,unverified,35,0,pending-full,generated-staging
Gino Tomato Paste 70g - Bundle of 3,Gino,spices,Tomato Paste,BS-GINO-TOMATO-PASTE-70G-0175-B3,false,,,,70g x 3,item,450,22.0,550,0,5,,Gino Tomato Paste 70g Nigeria product pack bundle 3,Pending automated product-image enrichment,Estimated staging price — supplier verification required,,,Nigeria/Imported,2026-08-10,"Stage catalogue item; verify exact pack, image and supplier price before live sale.",,,,,unverified,35,0,pending-full,generated-staging
Gino Tomato Paste 210g - Bundle of 3,Gino,spices,Tomato Paste,BS-GINO-TOMATO-PASTE-210G-0176-B3,false,,,,210g x 3,item,450,22.0,550,0,5,,Gino Tomato Paste 210g Nigeria product pack bundle 3,Pending automated product-image enrichment,Estimated staging price — supplier verification required,,,Nigeria/Imported,2026-08-10,"Stage catalogue item; verify exact pack, image and supplier price before live sale.",,,,,unverified,35,0,pending-full,generated-staging
Gino Tomato Paste 400g - Bundle of 3,Gino,spices,Tomato Paste,BS-GINO-TOMATO-PASTE-400G-0177-B3,false,,,,400g x 3,item,450,22.0,550,0,5,,Gino Tomato Paste 400g Nigeria product pack bundle 3,Pending automated product-image enrichment,Estimated staging price — supplier verification required,,,Nigeria/Imported,2026-08-10,"Stage catalogue item; verify exact pack, image and supplier price before live sale.",,,,,unverified,35,0,pending-full,generated-staging
Gino Tomato Paste 850g - Bundle of 3,Gino,spices,Tomato Paste,BS-GINO-TOMATO-PASTE-850G-0178-B3,false,,,,850g x 3,item,850,22.0,1050,0,5,,Gino Tomato Paste 850g Nigeria product pack bundle 3,Pending automated product-image enrichment,Estimated staging price — supplier verification required,,,Nigeria/Imported,2026-08-10,"Stage catalogue item; verify exact pack, image and supplier price before live sale.",,,,,unverified,35,0,pending-full,generated-staging
Gino Tomato Paste 70g x 50 - Bundle of 3,Gino,spices,Tomato Paste,BS-GINO-TOMATO-PASTE-70G-X-50-0179-B3,false,,,,70g x 50 x 3,item,3500,22.0,4250,0,5,,Gino Tomato Paste 70g x 50 Nigeria product pack bundle 3,Pending automated product-image enrichment,Estimated staging price — supplier verification required,,,Nigeria/Imported,2026-08-10,"Stage catalogue item; verify exact pack, image and supplier price before live sale.",,,,,unverified,35,0,pending-full,generated-staging
Tasty Tom Tomato Paste 70g - Bundle of 3,Tasty Tom,spices,Tomato Paste,BS-TASTY-TO-TOMATO-PASTE-70G-0180-B3,false,,,,70g x 3,item,450,22.0,550,0,5,,Tasty Tom Tomato Paste 70g Nigeria product pack bundle 3,Pending automated product-image enrichment,Estimated staging price — supplier verification required,,,Nigeria/Imported,2026-08-10,"Stage catalogue item; verify exact pack, image and supplier price before live sale.",,,,,unverified,35,0,pending-full,generated-staging
Tasty Tom Tomato Paste 210g - Bundle of 3,Tasty Tom,spices,Tomato Paste,BS-TASTY-TO-TOMATO-PASTE-210G-0181-B3,false,,,,210g x 3,item,450,22.0,550,0,5,,Tasty Tom Tomato Paste 210g Nigeria product pack bundle 3,Pending automated product-image enrichment,Estimated staging price — supplier verification required,,,Nigeria/Imported,2026-08-10,"Stage catalogue item; verify exact pack, image and supplier price before live sale.",,,,,unverified,35,0,pending-full,generated-staging
Tasty Tom Tomato Paste 400g - Bundle of 3,Tasty Tom,spices,Tomato Paste,BS-TASTY-TO-TOMATO-PASTE-400G-0182-B3,false,,,,400g x 3,item,450,22.0,550,0,5,,Tasty Tom Tomato Paste 400g Nigeria product pack bundle 3,Pending automated product-image enrichment,Estimated staging price — supplier verification required,,,Nigeria/Imported,2026-08-10,"Stage catalogue item; verify exact pack, image and supplier price before live sale.",,,,,unverified,35,0,pending-full,generated-staging
Tasty Tom Tomato Paste 850g - Bundle of 3,Tasty Tom,spices,Tomato Paste,BS-TASTY-TO-TOMATO-PASTE-850G-0183-B3,false,,,,850g x 3,item,1000,22.0,1200,0,5,,Tasty Tom Tomato Paste 850g Nigeria product pack bundle 3,Pending automated product-image enrichment,Estimated staging price — supplier verification required,,,Nigeria/Imported,2026-08-10,"Stage catalogue item; verify exact pack, image and supplier price before live sale.",,,,,unverified,35,0,pending-full,generated-staging
Tasty Tom Tomato Paste 70g x 50 - Bundle of 3,Tasty Tom,spices,Tomato Paste,BS-TASTY-TO-TOMATO-PASTE-70G-X-50-0184-B3,false,,,,70g x 50 x 3,item,3350,22.0,4100,0,5,,Tasty Tom Tomato Paste 70g x 50 Nigeria product pack bundle 3,Pending automated product-image enrichment,Estimated staging price — supplier verification required,,,Nigeria/Imported,2026-08-10,"Stage catalogue item; verify exact pack, image and supplier price before live sale.",,,,,unverified,35,0,pending-full,generated-staging
De Rica Tomato Paste 70g - Bundle of 3,De Rica,spices,Tomato Paste,BS-DE-RICA-TOMATO-PASTE-70G-0185-B3,false,,,,70g x 3,item,450,22.0,550,0,5,,De Rica Tomato Paste 70g Nigeria product pack bundle 3,Pending automated product-image enrichment,Estimated staging price — supplier verification required,,,Nigeria/Imported,2026-08-10,"Stage catalogue item; verify exact pack, image and supplier price before live sale.",,,,,unverified,35,0,pending-full,generated-staging
De Rica Tomato Paste 210g - Bundle of 3,De Rica,spices,Tomato Paste,BS-DE-RICA-TOMATO-PASTE-210G-0186-B3,false,,,,210g x 3,item,450,22.0,550,0,5,,De Rica Tomato Paste 210g Nigeria product pack bundle 3,Pending automated product-image enrichment,Estimated staging price — supplier verification required,,,Nigeria/Imported,2026-08-10,"Stage catalogue item; verify exact pack, image and supplier price before live sale.",,,,,unverified,35,0,pending-full,generated-staging
De Rica Tomato Paste 400g - Bundle of 3,De Rica,spices,Tomato Paste,BS-DE-RICA-TOMATO-PASTE-400G-0187-B3,false,,,,400g x 3,item,450,22.0,550,0,5,,De Rica Tomato Paste 400g Nigeria product pack bundle 3,Pending automated product-image enrichment,Estimated staging price — supplier verification required,,,Nigeria/Imported,2026-08-10,"Stage catalogue item; verify exact pack, image and supplier price before live sale.",,,,,unverified,35,0,pending-full,generated-staging
De Rica Tomato Paste 850g - Bundle of 3,De Rica,spices,Tomato Paste,BS-DE-RICA-TOMATO-PASTE-850G-0188-B3,false,,,,850g x 3,item,850,22.0,1050,0,5,,De Rica Tomato Paste 850g Nigeria product pack bundle 3,Pending automated product-image enrichment,Estimated staging price — supplier verification required,,,Nigeria/Imported,2026-08-10,"Stage catalogue item; verify exact pack, image and supplier price before live sale.",,,,,unverified,35,0,pending-full,generated-staging
Gino Jollof Mix 70g - Bundle of 3,Gino,spices,Jollof Mix,BS-GINO-JOLLOF-MIX-70G-0189-B3,false,,,,70g x 3,item,450,22.0,550,0,5,,Gino Jollof Mix 70g Nigeria product pack bundle 3,Pending automated product-image enrichment,Estimated staging price — supplier verification required,,,Nigeria/Imported,2026-08-10,"Stage catalogue item; verify exact pack, image and supplier price before live sale.",,,,,unverified,35,0,pending-full,generated-staging
Gino Jollof Mix 210g - Bundle of 3,Gino,spices,Jollof Mix,BS-GINO-JOLLOF-MIX-210G-0190-B3,false,,,,210g x 3,item,450,22.0,550,0,5,,Gino Jollof Mix 210g Nigeria product pack bundle 3,Pending automated product-image enrichment,Estimated staging price — supplier verification required,,,Nigeria/Imported,2026-08-10,"Stage catalogue item; verify exact pack, image and supplier price before live sale.",,,,,unverified,35,0,pending-full,generated-staging
Gino Jollof Mix 400g - Bundle of 3,Gino,spices,Jollof Mix,BS-GINO-JOLLOF-MIX-400G-0191-B3,false,,,,400g x 3,item,450,22.0,550,0,5,,Gino Jollof Mix 400g Nigeria product pack bundle 3,Pending automated product-image enrichment,Estimated staging price — supplier verification required,,,Nigeria/Imported,2026-08-10,"Stage catalogue item; verify exact pack, image and supplier price before live sale.",,,,,unverified,35,0,pending-full,generated-staging
Dangote Salt 250g - Bundle of 3,Dangote,spices,Salt,BS-DANGOTE-SALT-250G-0192-B3,false,,,,250g x 3,item,450,22.0,550,0,5,,Dangote Salt 250g Nigeria product pack bundle 3,Pending automated product-image enrichment,Estimated staging price — supplier verification required,,,Nigeria/Imported,2026-08-10,"Stage catalogue item; verify exact pack, image and supplier price before live sale.",,,,,unverified,35,0,pending-full,generated-staging
Dangote Salt 500g - Bundle of 3,Dangote,spices,Salt,BS-DANGOTE-SALT-500G-0193-B3,false,,,,500g x 3,item,450,22.0,550,0,5,,Dangote Salt 500g Nigeria product pack bundle 3,Pending automated product-image enrichment,Estimated staging price — supplier verification required,,,Nigeria/Imported,2026-08-10,"Stage catalogue item; verify exact pack, image and supplier price before live sale.",,,,,unverified,35,0,pending-full,generated-staging
Dangote Salt 1kg - Bundle of 3,Dangote,spices,Salt,BS-DANGOTE-SALT-1KG-0194-B3,false,,,,1kg x 3,item,750,22.0,900,0,5,,Dangote Salt 1kg Nigeria product pack bundle 3,Pending automated product-image enrichment,Estimated staging price — supplier verification required,,,Nigeria/Imported,2026-08-10,"Stage catalogue item; verify exact pack, image and supplier price before live sale.",,,,,unverified,35,0,pending-full,generated-staging
Mr Chef Salt 250g - Bundle of 3,Mr Chef,spices,Salt,BS-MR-CHEF-SALT-250G-0195-B3,false,,,,250g x 3,item,450,22.0,550,0,5,,Mr Chef Salt 250g Nigeria product pack bundle 3,Pending automated product-image enrichment,Estimated staging price — supplier verification required,,,Nigeria/Imported,2026-08-10,"Stage catalogue item; verify exact pack, image and supplier price before live sale.",,,,,unverified,35,0,pending-full,generated-staging
Mr Chef Salt 500g - Bundle of 3,Mr Chef,spices,Salt,BS-MR-CHEF-SALT-500G-0196-B3,false,,,,500g x 3,item,450,22.0,550,0,5,,Mr Chef Salt 500g Nigeria product pack bundle 3,Pending automated product-image enrichment,Estimated staging price — supplier verification required,,,Nigeria/Imported,2026-08-10,"Stage catalogue item; verify exact pack, image and supplier price before live sale.",,,,,unverified,35,0,pending-full,generated-staging
Mr Chef Salt 1kg - Bundle of 3,Mr Chef,spices,Salt,BS-MR-CHEF-SALT-1KG-0197-B3,false,,,,1kg x 3,item,750,22.0,900,0,5,,Mr Chef Salt 1kg Nigeria product pack bundle 3,Pending automated product-image enrichment,Estimated staging price — supplier verification required,,,Nigeria/Imported,2026-08-10,"Stage catalogue item; verify exact pack, image and supplier price before live sale.",,,,,unverified,35,0,pending-full,generated-staging
Ground Pepper 50g - Bundle of 3,Generic,spices,Ground Pepper,BS-GENERIC-GROUND-PEPPE-50G-0198-B3,false,,,,50g x 3,item,450,22.0,550,0,5,,Generic Ground Pepper 50g Nigeria product pack bundle 3,Pending automated product-image enrichment,Estimated staging price — supplier verification required,,,Nigeria/Imported,2026-08-10,"Stage catalogue item; verify exact pack, image and supplier price before live sale.",,,,,unverified,35,0,pending-full,generated-staging
Ground Pepper 100g - Bundle of 3,Generic,spices,Ground Pepper,BS-GENERIC-GROUND-PEPPE-100G-0199-B3,false,,,,100g x 3,item,450,22.0,550,0,5,,Generic Ground Pepper 100g Nigeria product pack bundle 3,Pending automated product-image enrichment,Estimated staging price — supplier verification required,,,Nigeria/Imported,2026-08-10,"Stage catalogue item; verify exact pack, image and supplier price before live sale.",,,,,unverified,35,0,pending-full,generated-staging
Ground Pepper 250g - Bundle of 3,Generic,spices,Ground Pepper,BS-GENERIC-GROUND-PEPPE-250G-0200-B3,false,,,,250g x 3,item,750,22.0,900,0,5,,Generic Ground Pepper 250g Nigeria product pack bundle 3,Pending automated product-image enrichment,Estimated staging price — supplier verification required,,,Nigeria/Imported,2026-08-10,"Stage catalogue item; verify exact pack, image and supplier price before live sale.",,,,,unverified,35,0,pending-full,generated-staging
Ground Pepper 500g - Bundle of 3,Generic,spices,Ground Pepper,BS-GENERIC-GROUND-PEPPE-500G-0201-B3,false,,,,500g x 3,item,1450,22.0,1750,0,5,,Generic Ground Pepper 500g Nigeria product pack bundle 3,Pending automated product-image enrichment,Estimated staging price — supplier verification required,,,Nigeria/Imported,2026-08-10,"Stage catalogue item; verify exact pack, image and supplier price before live sale.",,,,,unverified,35,0,pending-full,generated-staging
Ground Pepper 1kg - Bundle of 3,Generic,spices,Ground Pepper,BS-GENERIC-GROUND-PEPPE-1KG-0202-B3,false,,,,1kg x 3,item,2900,22.0,3550,0,5,,Generic Ground Pepper 1kg Nigeria product pack bundle 3,Pending automated product-image enrichment,Estimated staging price — supplier verification required,,,Nigeria/Imported,2026-08-10,"Stage catalogue item; verify exact pack, image and supplier price before live sale.",,,,,unverified,35,0,pending-full,generated-staging
Crayfish 100g - Bundle of 3,Generic,spices,Crayfish,BS-GENERIC-CRAYFISH-100G-0203-B3,false,,,,100g x 3,item,750,22.0,900,0,5,,Generic Crayfish 100g Nigeria product pack bundle 3,Pending automated product-image enrichment,Estimated staging price — supplier verification required,,,Nigeria/Imported,2026-08-10,"Stage catalogue item; verify exact pack, image and supplier price before live sale.",,,,,unverified,35,0,pending-full,generated-staging
Crayfish 250g - Bundle of 3,Generic,spices,Crayfish,BS-GENERIC-CRAYFISH-250G-0204-B3,false,,,,250g x 3,item,1450,22.0,1750,0,5,,Generic Crayfish 250g Nigeria product pack bundle 3,Pending automated product-image enrichment,Estimated staging price — supplier verification required,,,Nigeria/Imported,2026-08-10,"Stage catalogue item; verify exact pack, image and supplier price before live sale.",,,,,unverified,35,0,pending-full,generated-staging
Crayfish 500g - Bundle of 3,Generic,spices,Crayfish,BS-GENERIC-CRAYFISH-500G-0205-B3,false,,,,500g x 3,item,3200,22.0,3900,0,5,,Generic Crayfish 500g Nigeria product pack bundle 3,Pending automated product-image enrichment,Estimated staging price — supplier verification required,,,Nigeria/Imported,2026-08-10,"Stage catalogue item; verify exact pack, image and supplier price before live sale.",,,,,unverified,35,0,pending-full,generated-staging
Crayfish 1kg - Bundle of 3,Generic,spices,Crayfish,BS-GENERIC-CRAYFISH-1KG-0206-B3,false,,,,1kg x 3,item,6100,22.0,7450,0,5,,Generic Crayfish 1kg Nigeria product pack bundle 3,Pending automated product-image enrichment,Estimated staging price — supplier verification required,,,Nigeria/Imported,2026-08-10,"Stage catalogue item; verify exact pack, image and supplier price before live sale.",,,,,unverified,35,0,pending-full,generated-staging
Egusi 250g - Bundle of 3,Generic,spices,Egusi,BS-GENERIC-EGUSI-250G-0207-B3,false,,,,250g x 3,item,1750,22.0,2150,0,5,,Generic Egusi 250g Nigeria product pack bundle 3,Pending automated product-image enrichment,Estimated staging price — supplier verification required,,,Nigeria/Imported,2026-08-10,"Stage catalogue item; verify exact pack, image and supplier price before live sale.",,,,,unverified,35,0,pending-full,generated-staging
Egusi 500g - Bundle of 3,Generic,spices,Egusi,BS-GENERIC-EGUSI-500G-0208-B3,false,,,,500g x 3,item,3200,22.0,3900,0,5,,Generic Egusi 500g Nigeria product pack bundle 3,Pending automated product-image enrichment,Estimated staging price — supplier verification required,,,Nigeria/Imported,2026-08-10,"Stage catalogue item; verify exact pack, image and supplier price before live sale.",,,,,unverified,35,0,pending-full,generated-staging
Egusi 1kg - Bundle of 3,Generic,spices,Egusi,BS-GENERIC-EGUSI-1KG-0209-B3,false,,,,1kg x 3,item,6850,22.0,8350,0,5,,Generic Egusi 1kg Nigeria product pack bundle 3,Pending automated product-image enrichment,Estimated staging price — supplier verification required,,,Nigeria/Imported,2026-08-10,"Stage catalogue item; verify exact pack, image and supplier price before live sale.",,,,,unverified,35,0,pending-full,generated-staging
Egusi 2kg - Bundle of 3,Generic,spices,Egusi,BS-GENERIC-EGUSI-2KG-0210-B3,false,,,,2kg x 3,item,15300,22.0,18650,0,5,,Generic Egusi 2kg Nigeria product pack bundle 3,Pending automated product-image enrichment,Estimated staging price — supplier verification required,,,Nigeria/Imported,2026-08-10,"Stage catalogue item; verify exact pack, image and supplier price before live sale.",,,,,unverified,35,0,pending-full,generated-staging
Ogbono 100g - Bundle of 3,Generic,spices,Ogbono,BS-GENERIC-OGBONO-100G-0211-B3,false,,,,100g x 3,item,750,22.0,900,0,5,,Generic Ogbono 100g Nigeria product pack bundle 3,Pending automated product-image enrichment,Estimated staging price — supplier verification required,,,Nigeria/Imported,2026-08-10,"Stage catalogue item; verify exact pack, image and supplier price before live sale.",,,,,unverified,35,0,pending-full,generated-staging
Ogbono 250g - Bundle of 3,Generic,spices,Ogbono,BS-GENERIC-OGBONO-250G-0212-B3,false,,,,250g x 3,item,1900,22.0,2300,0,5,,Generic Ogbono 250g Nigeria product pack bundle 3,Pending automated product-image enrichment,Estimated staging price — supplier verification required,,,Nigeria/Imported,2026-08-10,"Stage catalogue item; verify exact pack, image and supplier price before live sale.",,,,,unverified,35,0,pending-full,generated-staging
Ogbono 500g - Bundle of 3,Generic,spices,Ogbono,BS-GENERIC-OGBONO-500G-0213-B3,false,,,,500g x 3,item,3650,22.0,4450,0,5,,Generic Ogbono 500g Nigeria product pack bundle 3,Pending automated product-image enrichment,Estimated staging price — supplier verification required,,,Nigeria/Imported,2026-08-10,"Stage catalogue item; verify exact pack, image and supplier price before live sale.",,,,,unverified,35,0,pending-full,generated-staging
Ogbono 1kg - Bundle of 3,Generic,spices,Ogbono,BS-GENERIC-OGBONO-1KG-0214-B3,false,,,,1kg x 3,item,7300,22.0,8900,0,5,,Generic Ogbono 1kg Nigeria product pack bundle 3,Pending automated product-image enrichment,Estimated staging price — supplier verification required,,,Nigeria/Imported,2026-08-10,"Stage catalogue item; verify exact pack, image and supplier price before live sale.",,,,,unverified,35,0,pending-full,generated-staging
Peak Powdered Milk 150g - Bundle of 3,Peak,drinks,Powdered Milk,BS-PEAK-POWDERED-MIL-150G-0215-B3,false,,,,150g x 3,item,1150,18.0,1350,0,5,,Peak Powdered Milk 150g Nigeria product pack bundle 3,Pending automated product-image enrichment,Estimated staging price — supplier verification required,,,Nigeria/Imported,2026-08-10,"Stage catalogue item; verify exact pack, image and supplier price before live sale.",,,,,unverified,35,0,pending-full,generated-staging
Peak Powdered Milk 360g - Bundle of 3,Peak,drinks,Powdered Milk,BS-PEAK-POWDERED-MIL-360G-0216-B3,false,,,,360g x 3,item,2750,18.0,3250,0,5,,Peak Powdered Milk 360g Nigeria product pack bundle 3,Pending automated product-image enrichment,Estimated staging price — supplier verification required,,,Nigeria/Imported,2026-08-10,"Stage catalogue item; verify exact pack, image and supplier price before live sale.",,,,,unverified,35,0,pending-full,generated-staging
Peak Powdered Milk 400g - Bundle of 3,Peak,drinks,Powdered Milk,BS-PEAK-POWDERED-MIL-400G-0217-B3,false,,,,400g x 3,item,2900,18.0,3400,0,5,,Peak Powdered Milk 400g Nigeria product pack bundle 3,Pending automated product-image enrichment,Estimated staging price — supplier verification required,,,Nigeria/Imported,2026-08-10,"Stage catalogue item; verify exact pack, image and supplier price before live sale.",,,,,unverified,35,0,pending-full,generated-staging
Peak Powdered Milk 800g - Bundle of 3,Peak,drinks,Powdered Milk,BS-PEAK-POWDERED-MIL-800G-0218-B3,false,,,,800g x 3,item,5800,18.0,6850,0,5,,Peak Powdered Milk 800g Nigeria product pack bundle 3,Pending automated product-image enrichment,Estimated staging price — supplier verification required,,,Nigeria/Imported,2026-08-10,"Stage catalogue item; verify exact pack, image and supplier price before live sale.",,,,,unverified,35,0,pending-full,generated-staging
Peak Powdered Milk 900g - Bundle of 3,Peak,drinks,Powdered Milk,BS-PEAK-POWDERED-MIL-900G-0219-B3,false,,,,900g x 3,item,5950,18.0,7000,0,5,,Peak Powdered Milk 900g Nigeria product pack bundle 3,Pending automated product-image enrichment,Estimated staging price — supplier verification required,,,Nigeria/Imported,2026-08-10,"Stage catalogue item; verify exact pack, image and supplier price before live sale.",,,,,unverified,35,0,pending-full,generated-staging
Dano Powdered Milk 150g - Bundle of 3,Dano,drinks,Powdered Milk,BS-DANO-POWDERED-MIL-150G-0220-B3,false,,,,150g x 3,item,850,18.0,1000,0,5,,Dano Powdered Milk 150g Nigeria product pack bundle 3,Pending automated product-image enrichment,Estimated staging price — supplier verification required,,,Nigeria/Imported,2026-08-10,"Stage catalogue item; verify exact pack, image and supplier price before live sale.",,,,,unverified,35,0,pending-full,generated-staging
Dano Powdered Milk 360g - Bundle of 3,Dano,drinks,Powdered Milk,BS-DANO-POWDERED-MIL-360G-0221-B3,false,,,,360g x 3,item,2450,18.0,2900,0,5,,Dano Powdered Milk 360g Nigeria product pack bundle 3,Pending automated product-image enrichment,Estimated staging price — supplier verification required,,,Nigeria/Imported,2026-08-10,"Stage catalogue item; verify exact pack, image and supplier price before live sale.",,,,,unverified,35,0,pending-full,generated-staging
Dano Powdered Milk 400g - Bundle of 3,Dano,drinks,Powdered Milk,BS-DANO-POWDERED-MIL-400G-0222-B3,false,,,,400g x 3,item,2600,18.0,3050,0,5,,Dano Powdered Milk 400g Nigeria product pack bundle 3,Pending automated product-image enrichment,Estimated staging price — supplier verification required,,,Nigeria/Imported,2026-08-10,"Stage catalogue item; verify exact pack, image and supplier price before live sale.",,,,,unverified,35,0,pending-full,generated-staging
Dano Powdered Milk 800g - Bundle of 3,Dano,drinks,Powdered Milk,BS-DANO-POWDERED-MIL-800G-0223-B3,false,,,,800g x 3,item,5250,18.0,6200,0,5,,Dano Powdered Milk 800g Nigeria product pack bundle 3,Pending automated product-image enrichment,Estimated staging price — supplier verification required,,,Nigeria/Imported,2026-08-10,"Stage catalogue item; verify exact pack, image and supplier price before live sale.",,,,,unverified,35,0,pending-full,generated-staging
Dano Powdered Milk 900g - Bundle of 3,Dano,drinks,Powdered Milk,BS-DANO-POWDERED-MIL-900G-0224-B3,false,,,,900g x 3,item,6100,18.0,7200,0,5,,Dano Powdered Milk 900g Nigeria product pack bundle 3,Pending automated product-image enrichment,Estimated staging price — supplier verification required,,,Nigeria/Imported,2026-08-10,"Stage catalogue item; verify exact pack, image and supplier price before live sale.",,,,,unverified,35,0,pending-full,generated-staging
Peak Evaporated Milk 160g - Bundle of 3,Peak,drinks,Evaporated Milk,BS-PEAK-EVAPORATED-M-160G-0225-B3,false,,,,160g x 3,item,450,18.0,550,0,5,,Peak Evaporated Milk 160g Nigeria product pack bundle 3,Pending automated product-image enrichment,Estimated staging price — supplier verification required,,,Nigeria/Imported,2026-08-10,"Stage catalogue item; verify exact pack, image and supplier price before live sale.",,,,,unverified,35,0,pending-full,generated-staging
Peak Evaporated Milk 170g x 24 - Bundle of 3,Peak,drinks,Evaporated Milk,BS-PEAK-EVAPORATED-M-170G-X-24-0226-B3,false,,,,170g x 24 x 3,item,7850,18.0,9250,0,5,,Peak Evaporated Milk 170g x 24 Nigeria product pack bundle 3,Pending automated product-image enrichment,Estimated staging price — supplier verification required,,,Nigeria/Imported,2026-08-10,"Stage catalogue item; verify exact pack, image and supplier price before live sale.",,,,,unverified,35,0,pending-full,generated-staging
Milo Chocolate Drink 200g - Bundle of 3,Milo,drinks,Chocolate Drink,BS-MILO-CHOCOLATE-DR-200G-0227-B3,false,,,,200g x 3,item,1450,18.0,1700,0,5,,Milo Chocolate Drink 200g Nigeria product pack bundle 3,Pending automated product-image enrichment,Estimated staging price — supplier verification required,,,Nigeria/Imported,2026-08-10,"Stage catalogue item; verify exact pack, image and supplier price before live sale.",,,,,unverified,35,0,pending-full,generated-staging
Milo Chocolate Drink 400g - Bundle of 3,Milo,drinks,Chocolate Drink,BS-MILO-CHOCOLATE-DR-400G-0228-B3,false,,,,400g x 3,item,3050,18.0,3600,0,5,,Milo Chocolate Drink 400g Nigeria product pack bundle 3,Pending automated product-image enrichment,Estimated staging price — supplier verification required,,,Nigeria/Imported,2026-08-10,"Stage catalogue item; verify exact pack, image and supplier price before live sale.",,,,,unverified,35,0,pending-full,generated-staging
Milo Chocolate Drink 800g - Bundle of 3,Milo,drinks,Chocolate Drink,BS-MILO-CHOCOLATE-DR-800G-0229-B3,false,,,,800g x 3,item,5550,18.0,6550,0,5,,Milo Chocolate Drink 800g Nigeria product pack bundle 3,Pending automated product-image enrichment,Estimated staging price — supplier verification required,,,Nigeria/Imported,2026-08-10,"Stage catalogue item; verify exact pack, image and supplier price before live sale.",,,,,unverified,35,0,pending-full,generated-staging
Milo Chocolate Drink 1kg - Bundle of 3,Milo,drinks,Chocolate Drink,BS-MILO-CHOCOLATE-DR-1KG-0230-B3,false,,,,1kg x 3,item,8000,18.0,9450,0,5,,Milo Chocolate Drink 1kg Nigeria product pack bundle 3,Pending automated product-image enrichment,Estimated staging price — supplier verification required,,,Nigeria/Imported,2026-08-10,"Stage catalogue item; verify exact pack, image and supplier price before live sale.",,,,,unverified,35,0,pending-full,generated-staging
Bournvita Chocolate Drink 200g - Bundle of 3,Bournvita,drinks,Chocolate Drink,BS-BOURNVIT-CHOCOLATE-DR-200G-0231-B3,false,,,,200g x 3,item,1300,18.0,1550,0,5,,Bournvita Chocolate Drink 200g Nigeria product pack bundle 3,Pending automated product-image enrichment,Estimated staging price — supplier verification required,,,Nigeria/Imported,2026-08-10,"Stage catalogue item; verify exact pack, image and supplier price before live sale.",,,,,unverified,35,0,pending-full,generated-staging
Bournvita Chocolate Drink 500g - Bundle of 3,Bournvita,drinks,Chocolate Drink,BS-BOURNVIT-CHOCOLATE-DR-500G-0232-B3,false,,,,500g x 3,item,3500,18.0,4150,0,5,,Bournvita Chocolate Drink 500g Nigeria product pack bundle 3,Pending automated product-image enrichment,Estimated staging price — supplier verification required,,,Nigeria/Imported,2026-08-10,"Stage catalogue item; verify exact pack, image and supplier price before live sale.",,,,,unverified,35,0,pending-full,generated-staging
Bournvita Chocolate Drink 900g - Bundle of 3,Bournvita,drinks,Chocolate Drink,BS-BOURNVIT-CHOCOLATE-DR-900G-0233-B3,false,,,,900g x 3,item,6700,18.0,7900,0,5,,Bournvita Chocolate Drink 900g Nigeria product pack bundle 3,Pending automated product-image enrichment,Estimated staging price — supplier verification required,,,Nigeria/Imported,2026-08-10,"Stage catalogue item; verify exact pack, image and supplier price before live sale.",,,,,unverified,35,0,pending-full,generated-staging
Lipton Tea 25 bags - Bundle of 3,Lipton,drinks,Tea,BS-LIPTON-TEA-25-BAGS-0234-B3,false,,,,25 bags x 3,item,12650,18.0,14950,0,5,,Lipton Tea 25 bags Nigeria product pack bundle 3,Pending automated product-image enrichment,Estimated staging price — supplier verification required,,,Nigeria/Imported,2026-08-10,"Stage catalogue item; verify exact pack, image and supplier price before live sale.",,,,,unverified,35,0,pending-full,generated-staging
Lipton Tea 50 bags - Bundle of 3,Lipton,drinks,Tea,BS-LIPTON-TEA-50-BAGS-0235-B3,false,,,,50 bags x 3,item,23300,18.0,27500,0,5,,Lipton Tea 50 bags Nigeria product pack bundle 3,Pending automated product-image enrichment,Estimated staging price — supplier verification required,,,Nigeria/Imported,2026-08-10,"Stage catalogue item; verify exact pack, image and supplier price before live sale.",,,,,unverified,35,0,pending-full,generated-staging
Lipton Tea 100 bags - Bundle of 3,Lipton,drinks,Tea,BS-LIPTON-TEA-100-BAGS-0236-B3,false,,,,100 bags x 3,item,45700,18.0,53950,0,5,,Lipton Tea 100 bags Nigeria product pack bundle 3,Pending automated product-image enrichment,Estimated staging price — supplier verification required,,,Nigeria/Imported,2026-08-10,"Stage catalogue item; verify exact pack, image and supplier price before live sale.",,,,,unverified,35,0,pending-full,generated-staging
Nescafe Coffee 50g - Bundle of 3,Nescafe,drinks,Coffee,BS-NESCAFE-COFFEE-50G-0237-B3,false,,,,50g x 3,item,450,18.0,550,0,5,,Nescafe Coffee 50g Nigeria product pack bundle 3,Pending automated product-image enrichment,Estimated staging price — supplier verification required,,,Nigeria/Imported,2026-08-10,"Stage catalogue item; verify exact pack, image and supplier price before live sale.",,,,,unverified,35,0,pending-full,generated-staging
Nescafe Coffee 100g - Bundle of 3,Nescafe,drinks,Coffee,BS-NESCAFE-COFFEE-100G-0238-B3,false,,,,100g x 3,item,450,18.0,550,0,5,,Nescafe Coffee 100g Nigeria product pack bundle 3,Pending automated product-image enrichment,Estimated staging price — supplier verification required,,,Nigeria/Imported,2026-08-10,"Stage catalogue item; verify exact pack, image and supplier price before live sale.",,,,,unverified,35,0,pending-full,generated-staging
Nescafe Coffee 200g - Bundle of 3,Nescafe,drinks,Coffee,BS-NESCAFE-COFFEE-200G-0239-B3,false,,,,200g x 3,item,1000,18.0,1200,0,5,,Nescafe Coffee 200g Nigeria product pack bundle 3,Pending automated product-image enrichment,Estimated staging price — supplier verification required,,,Nigeria/Imported,2026-08-10,"Stage catalogue item; verify exact pack, image and supplier price before live sale.",,,,,unverified,35,0,pending-full,generated-staging
Maltina Malt Drink 330ml - Bundle of 3,Maltina,drinks,Malt Drink,BS-MALTINA-MALT-DRINK-330ML-0240-B3,false,,,,330ml x 3,item,450,18.0,550,0,5,,Maltina Malt Drink 330ml Nigeria product pack bundle 3,Pending automated product-image enrichment,Estimated staging price — supplier verification required,,,Nigeria/Imported,2026-08-10,"Stage catalogue item; verify exact pack, image and supplier price before live sale.",,,,,unverified,35,0,pending-full,generated-staging
Maltina Malt Drink 330ml x 24 - Bundle of 3,Maltina,drinks,Malt Drink,BS-MALTINA-MALT-DRINK-330ML-X-24-0241-B3,false,,,,330ml x 24 x 3,item,11500,18.0,13550,0,5,,Maltina Malt Drink 330ml x 24 Nigeria product pack bundle 3,Pending automated product-image enrichment,Estimated staging price — supplier verification required,,,Nigeria/Imported,2026-08-10,"Stage catalogue item; verify exact pack, image and supplier price before live sale.",,,,,unverified,35,0,pending-full,generated-staging
Malta Guinness Malt Drink 330ml - Bundle of 3,Malta Guinness,drinks,Malt Drink,BS-MALTA-GU-MALT-DRINK-330ML-0242-B3,false,,,,330ml x 3,item,600,18.0,700,0,5,,Malta Guinness Malt Drink 330ml Nigeria product pack bundle 3,Pending automated product-image enrichment,Estimated staging price — supplier verification required,,,Nigeria/Imported,2026-08-10,"Stage catalogue item; verify exact pack, image and supplier price before live sale.",,,,,unverified,35,0,pending-full,generated-staging
Malta Guinness Malt Drink 330ml x 24 - Bundle of 3,Malta Guinness,drinks,Malt Drink,BS-MALTA-GU-MALT-DRINK-330ML-X-24-0243-B3,false,,,,330ml x 24 x 3,item,12800,18.0,15100,0,5,,Malta Guinness Malt Drink 330ml x 24 Nigeria product pack bundle 3,Pending automated product-image enrichment,Estimated staging price — supplier verification required,,,Nigeria/Imported,2026-08-10,"Stage catalogue item; verify exact pack, image and supplier price before live sale.",,,,,unverified,35,0,pending-full,generated-staging
Coca-Cola Soft Drink Cola 35cl - Bundle of 3,Coca-Cola,drinks,Soft Drink Cola,BS-COCA-COL-SOFT-DRINK-C-35CL-0244-B3,false,,,,35cl x 3,item,450,18.0,550,0,5,,Coca-Cola Soft Drink Cola 35cl Nigeria product pack bundle 3,Pending automated product-image enrichment,Estimated staging price — supplier verification required,,,Nigeria/Imported,2026-08-10,"Stage catalogue item; verify exact pack, image and supplier price before live sale.",,,,,unverified,35,0,pending-full,generated-staging
Coca-Cola Soft Drink Cola 50cl - Bundle of 3,Coca-Cola,drinks,Soft Drink Cola,BS-COCA-COL-SOFT-DRINK-C-50CL-0245-B3,false,,,,50cl x 3,item,600,18.0,700,0,5,,Coca-Cola Soft Drink Cola 50cl Nigeria product pack bundle 3,Pending automated product-image enrichment,Estimated staging price — supplier verification required,,,Nigeria/Imported,2026-08-10,"Stage catalogue item; verify exact pack, image and supplier price before live sale.",,,,,unverified,35,0,pending-full,generated-staging
Coca-Cola Soft Drink Cola 1L - Bundle of 3,Coca-Cola,drinks,Soft Drink Cola,BS-COCA-COL-SOFT-DRINK-C-1L-0246-B3,false,,,,1L x 3,item,1150,18.0,1350,0,5,,Coca-Cola Soft Drink Cola 1L Nigeria product pack bundle 3,Pending automated product-image enrichment,Estimated staging price — supplier verification required,,,Nigeria/Imported,2026-08-10,"Stage catalogue item; verify exact pack, image and supplier price before live sale.",,,,,unverified,35,0,pending-full,generated-staging
Coca-Cola Soft Drink Cola 1.5L - Bundle of 3,Coca-Cola,drinks,Soft Drink Cola,BS-COCA-COL-SOFT-DRINK-C-1-5L-0247-B3,false,,,,1.5L x 3,item,1750,18.0,2050,0,5,,Coca-Cola Soft Drink Cola 1.5L Nigeria product pack bundle 3,Pending automated product-image enrichment,Estimated staging price — supplier verification required,,,Nigeria/Imported,2026-08-10,"Stage catalogue item; verify exact pack, image and supplier price before live sale.",,,,,unverified,35,0,pending-full,generated-staging
Coca-Cola Soft Drink Cola 50cl x 12 - Bundle of 3,Coca-Cola,drinks,Soft Drink Cola,BS-COCA-COL-SOFT-DRINK-C-50CL-X-12-0248-B3,false,,,,50cl x 12 x 3,item,7000,18.0,8250,0,5,,Coca-Cola Soft Drink Cola 50cl x 12 Nigeria product pack bundle 3,Pending automated product-image enrichment,Estimated staging price — supplier verification required,,,Nigeria/Imported,2026-08-10,"Stage catalogue item; verify exact pack, image and supplier price before live sale.",,,,,unverified,35,0,pending-full,generated-staging
Fanta Soft Drink Orange 35cl - Bundle of 3,Fanta,drinks,Soft Drink Orange,BS-FANTA-SOFT-DRINK-O-35CL-0249-B3,false,,,,35cl x 3,item,450,18.0,550,0,5,,Fanta Soft Drink Orange 35cl Nigeria product pack bundle 3,Pending automated product-image enrichment,Estimated staging price — supplier verification required,,,Nigeria/Imported,2026-08-10,"Stage catalogue item; verify exact pack, image and supplier price before live sale.",,,,,unverified,35,0,pending-full,generated-staging
Fanta Soft Drink Orange 50cl - Bundle of 3,Fanta,drinks,Soft Drink Orange,BS-FANTA-SOFT-DRINK-O-50CL-0250-B3,false,,,,50cl x 3,item,600,18.0,700,0,5,,Fanta Soft Drink Orange 50cl Nigeria product pack bundle 3,Pending automated product-image enrichment,Estimated staging price — supplier verification required,,,Nigeria/Imported,2026-08-10,"Stage catalogue item; verify exact pack, image and supplier price before live sale.",,,,,unverified,35,0,pending-full,generated-staging
Fanta Soft Drink Orange 1L - Bundle of 3,Fanta,drinks,Soft Drink Orange,BS-FANTA-SOFT-DRINK-O-1L-0251-B3,false,,,,1L x 3,item,1150,18.0,1350,0,5,,Fanta Soft Drink Orange 1L Nigeria product pack bundle 3,Pending automated product-image enrichment,Estimated staging price — supplier verification required,,,Nigeria/Imported,2026-08-10,"Stage catalogue item; verify exact pack, image and supplier price before live sale.",,,,,unverified,35,0,pending-full,generated-staging
Fanta Soft Drink Orange 1.5L - Bundle of 3,Fanta,drinks,Soft Drink Orange,BS-FANTA-SOFT-DRINK-O-1-5L-0252-B3,false,,,,1.5L x 3,item,1900,18.0,2250,0,5,,Fanta Soft Drink Orange 1.5L Nigeria product pack bundle 3,Pending automated product-image enrichment,Estimated staging price — supplier verification required,,,Nigeria/Imported,2026-08-10,"Stage catalogue item; verify exact pack, image and supplier price before live sale.",,,,,unverified,35,0,pending-full,generated-staging
Fanta Soft Drink Orange 50cl x 12 - Bundle of 3,Fanta,drinks,Soft Drink Orange,BS-FANTA-SOFT-DRINK-O-50CL-X-12-0253-B3,false,,,,50cl x 12 x 3,item,6550,18.0,7750,0,5,,Fanta Soft Drink Orange 50cl x 12 Nigeria product pack bundle 3,Pending automated product-image enrichment,Estimated staging price — supplier verification required,,,Nigeria/Imported,2026-08-10,"Stage catalogue item; verify exact pack, image and supplier price before live sale.",,,,,unverified,35,0,pending-full,generated-staging
Sprite Soft Drink Lemon-Lime 35cl - Bundle of 3,Sprite,drinks,Soft Drink Lemon-Lime,BS-SPRITE-SOFT-DRINK-L-35CL-0254-B3,false,,,,35cl x 3,item,450,18.0,550,0,5,,Sprite Soft Drink Lemon-Lime 35cl Nigeria product pack bundle 3,Pending automated product-image enrichment,Estimated staging price — supplier verification required,,,Nigeria/Imported,2026-08-10,"Stage catalogue item; verify exact pack, image and supplier price before live sale.",,,,,unverified,35,0,pending-full,generated-staging
Sprite Soft Drink Lemon-Lime 50cl - Bundle of 3,Sprite,drinks,Soft Drink Lemon-Lime,BS-SPRITE-SOFT-DRINK-L-50CL-0255-B3,false,,,,50cl x 3,item,600,18.0,700,0,5,,Sprite Soft Drink Lemon-Lime 50cl Nigeria product pack bundle 3,Pending automated product-image enrichment,Estimated staging price — supplier verification required,,,Nigeria/Imported,2026-08-10,"Stage catalogue item; verify exact pack, image and supplier price before live sale.",,,,,unverified,35,0,pending-full,generated-staging
Sprite Soft Drink Lemon-Lime 1L - Bundle of 3,Sprite,drinks,Soft Drink Lemon-Lime,BS-SPRITE-SOFT-DRINK-L-1L-0256-B3,false,,,,1L x 3,item,1300,18.0,1550,0,5,,Sprite Soft Drink Lemon-Lime 1L Nigeria product pack bundle 3,Pending automated product-image enrichment,Estimated staging price — supplier verification required,,,Nigeria/Imported,2026-08-10,"Stage catalogue item; verify exact pack, image and supplier price before live sale.",,,,,unverified,35,0,pending-full,generated-staging
Sprite Soft Drink Lemon-Lime 1.5L - Bundle of 3,Sprite,drinks,Soft Drink Lemon-Lime,BS-SPRITE-SOFT-DRINK-L-1-5L-0257-B3,false,,,,1.5L x 3,item,1600,18.0,1900,0,5,,Sprite Soft Drink Lemon-Lime 1.5L Nigeria product pack bundle 3,Pending automated product-image enrichment,Estimated staging price — supplier verification required,,,Nigeria/Imported,2026-08-10,"Stage catalogue item; verify exact pack, image and supplier price before live sale.",,,,,unverified,35,0,pending-full,generated-staging
Sprite Soft Drink Lemon-Lime 50cl x 12 - Bundle of 3,Sprite,drinks,Soft Drink Lemon-Lime,BS-SPRITE-SOFT-DRINK-L-50CL-X-12-0258-B3,false,,,,50cl x 12 x 3,item,6700,18.0,7900,0,5,,Sprite Soft Drink Lemon-Lime 50cl x 12 Nigeria product pack bundle 3,Pending automated product-image enrichment,Estimated staging price — supplier verification required,,,Nigeria/Imported,2026-08-10,"Stage catalogue item; verify exact pack, image and supplier price before live sale.",,,,,unverified,35,0,pending-full,generated-staging
Chivita Fruit Juice 315ml - Bundle of 3,Chivita,drinks,Fruit Juice,BS-CHIVITA-FRUIT-JUICE-315ML-0259-B3,false,,,,315ml x 3,item,750,18.0,900,0,5,,Chivita Fruit Juice 315ml Nigeria product pack bundle 3,Pending automated product-image enrichment,Estimated staging price — supplier verification required,,,Nigeria/Imported,2026-08-10,"Stage catalogue item; verify exact pack, image and supplier price before live sale.",,,,,unverified,35,0,pending-full,generated-staging
Chivita Fruit Juice 1L - Bundle of 3,Chivita,drinks,Fruit Juice,BS-CHIVITA-FRUIT-JUICE-1L-0260-B3,false,,,,1L x 3,item,2900,18.0,3400,0,5,,Chivita Fruit Juice 1L Nigeria product pack bundle 3,Pending automated product-image enrichment,Estimated staging price — supplier verification required,,,Nigeria/Imported,2026-08-10,"Stage catalogue item; verify exact pack, image and supplier price before live sale.",,,,,unverified,35,0,pending-full,generated-staging
Five Alive Fruit Juice 350ml - Bundle of 3,Five Alive,drinks,Fruit Juice,BS-FIVE-ALI-FRUIT-JUICE-350ML-0261-B3,false,,,,350ml x 3,item,850,18.0,1000,0,5,,Five Alive Fruit Juice 350ml Nigeria product pack bundle 3,Pending automated product-image enrichment,Estimated staging price — supplier verification required,,,Nigeria/Imported,2026-08-10,"Stage catalogue item; verify exact pack, image and supplier price before live sale.",,,,,unverified,35,0,pending-full,generated-staging
Five Alive Fruit Juice 1L - Bundle of 3,Five Alive,drinks,Fruit Juice,BS-FIVE-ALI-FRUIT-JUICE-1L-0262-B3,false,,,,1L x 3,item,2600,18.0,3050,0,5,,Five Alive Fruit Juice 1L Nigeria product pack bundle 3,Pending automated product-image enrichment,Estimated staging price — supplier verification required,,,Nigeria/Imported,2026-08-10,"Stage catalogue item; verify exact pack, image and supplier price before live sale.",,,,,unverified,35,0,pending-full,generated-staging
Eva Bottled Water 75cl - Bundle of 3,Eva,drinks,Bottled Water,BS-EVA-BOTTLED-WATE-75CL-0263-B3,false,,,,75cl x 3,item,600,18.0,700,0,5,,Eva Bottled Water 75cl Nigeria product pack bundle 3,Pending automated product-image enrichment,Estimated staging price — supplier verification required,,,Nigeria/Imported,2026-08-10,"Stage catalogue item; verify exact pack, image and supplier price before live sale.",,,,,unverified,35,0,pending-full,generated-staging
Eva Bottled Water 1.5L - Bundle of 3,Eva,drinks,Bottled Water,BS-EVA-BOTTLED-WATE-1-5L-0264-B3,false,,,,1.5L x 3,item,1300,18.0,1550,0,5,,Eva Bottled Water 1.5L Nigeria product pack bundle 3,Pending automated product-image enrichment,Estimated staging price — supplier verification required,,,Nigeria/Imported,2026-08-10,"Stage catalogue item; verify exact pack, image and supplier price before live sale.",,,,,unverified,35,0,pending-full,generated-staging
Eva Bottled Water 75cl x 12 - Bundle of 3,Eva,drinks,Bottled Water,BS-EVA-BOTTLED-WATE-75CL-X-12-0265-B3,false,,,,75cl x 12 x 3,item,8450,18.0,9950,0,5,,Eva Bottled Water 75cl x 12 Nigeria product pack bundle 3,Pending automated product-image enrichment,Estimated staging price — supplier verification required,,,Nigeria/Imported,2026-08-10,"Stage catalogue item; verify exact pack, image and supplier price before live sale.",,,,,unverified,35,0,pending-full,generated-staging
Nestlé Pure Life Bottled Water 60cl - Bundle of 3,Nestlé Pure Life,drinks,Bottled Water,BS-NESTL-PU-BOTTLED-WATE-60CL-0266-B3,false,,,,60cl x 3,item,600,18.0,700,0,5,,Nestlé Pure Life Bottled Water 60cl Nigeria product pack bundle 3,Pending automated product-image enrichment,Estimated staging price — supplier verification required,,,Nigeria/Imported,2026-08-10,"Stage catalogue item; verify exact pack, image and supplier price before live sale.",,,,,unverified,35,0,pending-full,generated-staging
Nestlé Pure Life Bottled Water 1.5L - Bundle of 3,Nestlé Pure Life,drinks,Bottled Water,BS-NESTL-PU-BOTTLED-WATE-1-5L-0267-B3,false,,,,1.5L x 3,item,1300,18.0,1550,0,5,,Nestlé Pure Life Bottled Water 1.5L Nigeria product pack bundle 3,Pending automated product-image enrichment,Estimated staging price — supplier verification required,,,Nigeria/Imported,2026-08-10,"Stage catalogue item; verify exact pack, image and supplier price before live sale.",,,,,unverified,35,0,pending-full,generated-staging
Nestlé Pure Life Bottled Water 60cl x 12 - Bundle of 3,Nestlé Pure Life,drinks,Bottled Water,BS-NESTL-PU-BOTTLED-WATE-60CL-X-12-0268-B3,false,,,,60cl x 12 x 3,item,6400,18.0,7550,0,5,,Nestlé Pure Life Bottled Water 60cl x 12 Nigeria product pack bundle 3,Pending automated product-image enrichment,Estimated staging price — supplier verification required,,,Nigeria/Imported,2026-08-10,"Stage catalogue item; verify exact pack, image and supplier price before live sale.",,,,,unverified,35,0,pending-full,generated-staging
Eggs 6 pcs - Bundle of 3,Farm Fresh,fresh,Eggs,BS-FARM-FRE-EGGS-6-PCS-0269-B3,false,,,,6 pcs x 3,item,3650,24.0,4550,0,5,,Farm Fresh Eggs 6 pcs Nigeria product pack bundle 3,Pending automated product-image enrichment,Estimated staging price — supplier verification required,,,Nigeria/Imported,2026-08-10,"Stage catalogue item; verify exact pack, image and supplier price before live sale.",,,,,unverified,35,0,pending-full,generated-staging
Eggs 12 pcs - Bundle of 3,Farm Fresh,fresh,Eggs,BS-FARM-FRE-EGGS-12-PCS-0270-B3,false,,,,12 pcs x 3,item,6400,24.0,7950,0,5,,Farm Fresh Eggs 12 pcs Nigeria product pack bundle 3,Pending automated product-image enrichment,Estimated staging price — supplier verification required,,,Nigeria/Imported,2026-08-10,"Stage catalogue item; verify exact pack, image and supplier price before live sale.",,,,,unverified,35,0,pending-full,generated-staging
Eggs 30 pcs - Bundle of 3,Farm Fresh,fresh,Eggs,BS-FARM-FRE-EGGS-30-PCS-0271-B3,false,,,,30 pcs x 3,item,18600,24.0,23050,0,5,,Farm Fresh Eggs 30 pcs Nigeria product pack bundle 3,Pending automated product-image enrichment,Estimated staging price — supplier verification required,,,Nigeria/Imported,2026-08-10,"Stage catalogue item; verify exact pack, image and supplier price before live sale.",,,,,unverified,35,0,pending-full,generated-staging
Tomatoes 500g - Bundle of 3,Fresh,fresh,Tomatoes,BS-FRESH-TOMATOES-500G-0272-B3,false,,,,500g x 3,item,1750,24.0,2150,0,5,,Fresh Tomatoes 500g Nigeria product pack bundle 3,Pending automated product-image enrichment,Estimated staging price — supplier verification required,,,Nigeria/Imported,2026-08-10,"Stage catalogue item; verify exact pack, image and supplier price before live sale.",,,,,unverified,35,0,pending-full,generated-staging
Tomatoes 1kg - Bundle of 3,Fresh,fresh,Tomatoes,BS-FRESH-TOMATOES-1KG-0273-B3,false,,,,1kg x 3,item,3650,24.0,4550,0,5,,Fresh Tomatoes 1kg Nigeria product pack bundle 3,Pending automated product-image enrichment,Estimated staging price — supplier verification required,,,Nigeria/Imported,2026-08-10,"Stage catalogue item; verify exact pack, image and supplier price before live sale.",,,,,unverified,35,0,pending-full,generated-staging
Tomatoes 2kg - Bundle of 3,Fresh,fresh,Tomatoes,BS-FRESH-TOMATOES-2KG-0274-B3,false,,,,2kg x 3,item,7550,24.0,9350,0,5,,Fresh Tomatoes 2kg Nigeria product pack bundle 3,Pending automated product-image enrichment,Estimated staging price — supplier verification required,,,Nigeria/Imported,2026-08-10,"Stage catalogue item; verify exact pack, image and supplier price before live sale.",,,,,unverified,35,0,pending-full,generated-staging
Tomatoes 5kg - Bundle of 3,Fresh,fresh,Tomatoes,BS-FRESH-TOMATOES-5KG-0275-B3,false,,,,5kg x 3,item,16450,24.0,20400,0,5,,Fresh Tomatoes 5kg Nigeria product pack bundle 3,Pending automated product-image enrichment,Estimated staging price — supplier verification required,,,Nigeria/Imported,2026-08-10,"Stage catalogue item; verify exact pack, image and supplier price before live sale.",,,,,unverified,35,0,pending-full,generated-staging
Red Onion 500g - Bundle of 3,Fresh,fresh,Red Onion,BS-FRESH-RED-ONION-500G-0276-B3,false,,,,500g x 3,item,1300,24.0,1600,0,5,,Fresh Red Onion 500g Nigeria product pack bundle 3,Pending automated product-image enrichment,Estimated staging price — supplier verification required,,,Nigeria/Imported,2026-08-10,"Stage catalogue item; verify exact pack, image and supplier price before live sale.",,,,,unverified,35,0,pending-full,generated-staging
Red Onion 1kg - Bundle of 3,Fresh,fresh,Red Onion,BS-FRESH-RED-ONION-1KG-0277-B3,false,,,,1kg x 3,item,2750,24.0,3400,0,5,,Fresh Red Onion 1kg Nigeria product pack bundle 3,Pending automated product-image enrichment,Estimated staging price — supplier verification required,,,Nigeria/Imported,2026-08-10,"Stage catalogue item; verify exact pack, image and supplier price before live sale.",,,,,unverified,35,0,pending-full,generated-staging
Red Onion 2kg - Bundle of 3,Fresh,fresh,Red Onion,BS-FRESH-RED-ONION-2KG-0278-B3,false,,,,2kg x 3,item,5950,24.0,7400,0,5,,Fresh Red Onion 2kg Nigeria product pack bundle 3,Pending automated product-image enrichment,Estimated staging price — supplier verification required,,,Nigeria/Imported,2026-08-10,"Stage catalogue item; verify exact pack, image and supplier price before live sale.",,,,,unverified,35,0,pending-full,generated-staging
Red Onion 5kg - Bundle of 3,Fresh,fresh,Red Onion,BS-FRESH-RED-ONION-5KG-0279-B3,false,,,,5kg x 3,item,14100,24.0,17500,0,5,,Fresh Red Onion 5kg Nigeria product pack bundle 3,Pending automated product-image enrichment,Estimated staging price — supplier verification required,,,Nigeria/Imported,2026-08-10,"Stage catalogue item; verify exact pack, image and supplier price before live sale.",,,,,unverified,35,0,pending-full,generated-staging
Pepper 250g - Bundle of 3,Fresh,fresh,Pepper,BS-FRESH-PEPPER-250G-0280-B3,false,,,,250g x 3,item,1000,24.0,1250,0,5,,Fresh Pepper 250g Nigeria product pack bundle 3,Pending automated product-image enrichment,Estimated staging price — supplier verification required,,,Nigeria/Imported,2026-08-10,"Stage catalogue item; verify exact pack, image and supplier price before live sale.",,,,,unverified,35,0,pending-full,generated-staging
Pepper 500g - Bundle of 3,Fresh,fresh,Pepper,BS-FRESH-PEPPER-500G-0281-B3,false,,,,500g x 3,item,2200,24.0,2750,0,5,,Fresh Pepper 500g Nigeria product pack bundle 3,Pending automated product-image enrichment,Estimated staging price — supplier verification required,,,Nigeria/Imported,2026-08-10,"Stage catalogue item; verify exact pack, image and supplier price before live sale.",,,,,unverified,35,0,pending-full,generated-staging
Pepper 1kg - Bundle of 3,Fresh,fresh,Pepper,BS-FRESH-PEPPER-1KG-0282-B3,false,,,,1kg x 3,item,3950,24.0,4900,0,5,,Fresh Pepper 1kg Nigeria product pack bundle 3,Pending automated product-image enrichment,Estimated staging price — supplier verification required,,,Nigeria/Imported,2026-08-10,"Stage catalogue item; verify exact pack, image and supplier price before live sale.",,,,,unverified,35,0,pending-full,generated-staging
Pepper 2kg - Bundle of 3,Fresh,fresh,Pepper,BS-FRESH-PEPPER-2KG-0283-B3,false,,,,2kg x 3,item,8450,24.0,10500,0,5,,Fresh Pepper 2kg Nigeria product pack bundle 3,Pending automated product-image enrichment,Estimated staging price — supplier verification required,,,Nigeria/Imported,2026-08-10,"Stage catalogue item; verify exact pack, image and supplier price before live sale.",,,,,unverified,35,0,pending-full,generated-staging
Plantain 1kg - Bundle of 3,Fresh,fresh,Plantain,BS-FRESH-PLANTAIN-1KG-0284-B3,false,,,,1kg x 3,item,3350,24.0,4150,0,5,,Fresh Plantain 1kg Nigeria product pack bundle 3,Pending automated product-image enrichment,Estimated staging price — supplier verification required,,,Nigeria/Imported,2026-08-10,"Stage catalogue item; verify exact pack, image and supplier price before live sale.",,,,,unverified,35,0,pending-full,generated-staging
Plantain 2kg - Bundle of 3,Fresh,fresh,Plantain,BS-FRESH-PLANTAIN-2KG-0285-B3,false,,,,2kg x 3,item,7000,24.0,8700,0,5,,Fresh Plantain 2kg Nigeria product pack bundle 3,Pending automated product-image enrichment,Estimated staging price — supplier verification required,,,Nigeria/Imported,2026-08-10,"Stage catalogue item; verify exact pack, image and supplier price before live sale.",,,,,unverified,35,0,pending-full,generated-staging
Plantain 5kg - Bundle of 3,Fresh,fresh,Plantain,BS-FRESH-PLANTAIN-5KG-0286-B3,false,,,,5kg x 3,item,18900,24.0,23450,0,5,,Fresh Plantain 5kg Nigeria product pack bundle 3,Pending automated product-image enrichment,Estimated staging price — supplier verification required,,,Nigeria/Imported,2026-08-10,"Stage catalogue item; verify exact pack, image and supplier price before live sale.",,,,,unverified,35,0,pending-full,generated-staging
Yam Tuber 1 medium - Bundle of 3,Fresh,fresh,Yam Tuber,BS-FRESH-YAM-TUBER-1-MEDIUM-0287-B3,false,,,,1 medium x 3,item,7850,24.0,9750,0,5,,Fresh Yam Tuber 1 medium Nigeria product pack bundle 3,Pending automated product-image enrichment,Estimated staging price — supplier verification required,,,Nigeria/Imported,2026-08-10,"Stage catalogue item; verify exact pack, image and supplier price before live sale.",,,,,unverified,35,0,pending-full,generated-staging
Yam Tuber 1 large - Bundle of 3,Fresh,fresh,Yam Tuber,BS-FRESH-YAM-TUBER-1-LARGE-0288-B3,false,,,,1 large x 3,item,6850,24.0,8500,0,5,,Fresh Yam Tuber 1 large Nigeria product pack bundle 3,Pending automated product-image enrichment,Estimated staging price — supplier verification required,,,Nigeria/Imported,2026-08-10,"Stage catalogue item; verify exact pack, image and supplier price before live sale.",,,,,unverified,35,0,pending-full,generated-staging
Yam Tuber 5 tubers - Bundle of 3,Fresh,fresh,Yam Tuber,BS-FRESH-YAM-TUBER-5-TUBERS-0289-B3,false,,,,5 tubers x 3,item,7300,24.0,9050,0,5,,Fresh Yam Tuber 5 tubers Nigeria product pack bundle 3,Pending automated product-image enrichment,Estimated staging price — supplier verification required,,,Nigeria/Imported,2026-08-10,"Stage catalogue item; verify exact pack, image and supplier price before live sale.",,,,,unverified,35,0,pending-full,generated-staging
Irish Potato 1kg - Bundle of 3,Fresh,fresh,Irish Potato,BS-FRESH-IRISH-POTATO-1KG-0290-B3,false,,,,1kg x 3,item,4500,24.0,5600,0,5,,Fresh Irish Potato 1kg Nigeria product pack bundle 3,Pending automated product-image enrichment,Estimated staging price — supplier verification required,,,Nigeria/Imported,2026-08-10,"Stage catalogue item; verify exact pack, image and supplier price before live sale.",,,,,unverified,35,0,pending-full,generated-staging
Irish Potato 2kg - Bundle of 3,Fresh,fresh,Irish Potato,BS-FRESH-IRISH-POTATO-2KG-0291-B3,false,,,,2kg x 3,item,8600,24.0,10650,0,5,,Fresh Irish Potato 2kg Nigeria product pack bundle 3,Pending automated product-image enrichment,Estimated staging price — supplier verification required,,,Nigeria/Imported,2026-08-10,"Stage catalogue item; verify exact pack, image and supplier price before live sale.",,,,,unverified,35,0,pending-full,generated-staging
Irish Potato 5kg - Bundle of 3,Fresh,fresh,Irish Potato,BS-FRESH-IRISH-POTATO-5KG-0292-B3,false,,,,5kg x 3,item,24600,24.0,30500,0,5,,Fresh Irish Potato 5kg Nigeria product pack bundle 3,Pending automated product-image enrichment,Estimated staging price — supplier verification required,,,Nigeria/Imported,2026-08-10,"Stage catalogue item; verify exact pack, image and supplier price before live sale.",,,,,unverified,35,0,pending-full,generated-staging
Sweet Potato 1kg - Bundle of 3,Fresh,fresh,Sweet Potato,BS-FRESH-SWEET-POTATO-1KG-0293-B3,false,,,,1kg x 3,item,3950,24.0,4900,0,5,,Fresh Sweet Potato 1kg Nigeria product pack bundle 3,Pending automated product-image enrichment,Estimated staging price — supplier verification required,,,Nigeria/Imported,2026-08-10,"Stage catalogue item; verify exact pack, image and supplier price before live sale.",,,,,unverified,35,0,pending-full,generated-staging
Sweet Potato 2kg - Bundle of 3,Fresh,fresh,Sweet Potato,BS-FRESH-SWEET-POTATO-2KG-0294-B3,false,,,,2kg x 3,item,7300,24.0,9050,0,5,,Fresh Sweet Potato 2kg Nigeria product pack bundle 3,Pending automated product-image enrichment,Estimated staging price — supplier verification required,,,Nigeria/Imported,2026-08-10,"Stage catalogue item; verify exact pack, image and supplier price before live sale.",,,,,unverified,35,0,pending-full,generated-staging
Sweet Potato 5kg - Bundle of 3,Fresh,fresh,Sweet Potato,BS-FRESH-SWEET-POTATO-5KG-0295-B3,false,,,,5kg x 3,item,19950,24.0,24750,0,5,,Fresh Sweet Potato 5kg Nigeria product pack bundle 3,Pending automated product-image enrichment,Estimated staging price — supplier verification required,,,Nigeria/Imported,2026-08-10,"Stage catalogue item; verify exact pack, image and supplier price before live sale.",,,,,unverified,35,0,pending-full,generated-staging
Banana 1kg - Bundle of 3,Fresh,fresh,Banana,BS-FRESH-BANANA-1KG-0296-B3,false,,,,1kg x 3,item,4200,24.0,5200,0,5,,Fresh Banana 1kg Nigeria product pack bundle 3,Pending automated product-image enrichment,Estimated staging price — supplier verification required,,,Nigeria/Imported,2026-08-10,"Stage catalogue item; verify exact pack, image and supplier price before live sale.",,,,,unverified,35,0,pending-full,generated-staging
Banana 2kg - Bundle of 3,Fresh,fresh,Banana,BS-FRESH-BANANA-2KG-0297-B3,false,,,,2kg x 3,item,8150,24.0,10100,0,5,,Fresh Banana 2kg Nigeria product pack bundle 3,Pending automated product-image enrichment,Estimated staging price — supplier verification required,,,Nigeria/Imported,2026-08-10,"Stage catalogue item; verify exact pack, image and supplier price before live sale.",,,,,unverified,35,0,pending-full,generated-staging
Orange 1kg - Bundle of 3,Fresh,fresh,Orange,BS-FRESH-ORANGE-1KG-0298-B3,false,,,,1kg x 3,item,3200,24.0,3950,0,5,,Fresh Orange 1kg Nigeria product pack bundle 3,Pending automated product-image enrichment,Estimated staging price — supplier verification required,,,Nigeria/Imported,2026-08-10,"Stage catalogue item; verify exact pack, image and supplier price before live sale.",,,,,unverified,35,0,pending-full,generated-staging
Orange 2kg - Bundle of 3,Fresh,fresh,Orange,BS-FRESH-ORANGE-2KG-0299-B3,false,,,,2kg x 3,item,6550,24.0,8100,0,5,,Fresh Orange 2kg Nigeria product pack bundle 3,Pending automated product-image enrichment,Estimated staging price — supplier verification required,,,Nigeria/Imported,2026-08-10,"Stage catalogue item; verify exact pack, image and supplier price before live sale.",,,,,unverified,35,0,pending-full,generated-staging
Orange 5kg - Bundle of 3,Fresh,fresh,Orange,BS-FRESH-ORANGE-5KG-0300-B3,false,,,,5kg x 3,item,18750,24.0,23250,0,5,,Fresh Orange 5kg Nigeria product pack bundle 3,Pending automated product-image enrichment,Estimated staging price — supplier verification required,,,Nigeria/Imported,2026-08-10,"Stage catalogue item; verify exact pack, image and supplier price before live sale.",,,,,unverified,35,0,pending-full,generated-staging
Pineapple 1 piece - Bundle of 3,Fresh,fresh,Pineapple,BS-FRESH-PINEAPPLE-1-PIECE-0301-B3,false,,,,1 piece x 3,item,5650,24.0,7000,0,5,,Fresh Pineapple 1 piece Nigeria product pack bundle 3,Pending automated product-image enrichment,Estimated staging price — supplier verification required,,,Nigeria/Imported,2026-08-10,"Stage catalogue item; verify exact pack, image and supplier price before live sale.",,,,,unverified,35,0,pending-full,generated-staging
Pineapple 3 pieces - Bundle of 3,Fresh,fresh,Pineapple,BS-FRESH-PINEAPPLE-3-PIECES-0302-B3,false,,,,3 pieces x 3,item,5400,24.0,6700,0,5,,Fresh Pineapple 3 pieces Nigeria product pack bundle 3,Pending automated product-image enrichment,Estimated staging price — supplier verification required,,,Nigeria/Imported,2026-08-10,"Stage catalogue item; verify exact pack, image and supplier price before live sale.",,,,,unverified,35,0,pending-full,generated-staging
Chicken Whole 1kg - Bundle of 3,Frozen,fresh,Chicken Whole,BS-FROZEN-CHICKEN-WHOL-1KG-0303-B3,false,,,,1kg x 3,item,10900,24.0,13500,0,5,,Frozen Chicken Whole 1kg Nigeria product pack bundle 3,Pending automated product-image enrichment,Estimated staging price — supplier verification required,,,Nigeria/Imported,2026-08-10,"Stage catalogue item; verify exact pack, image and supplier price before live sale.",,,,,unverified,35,0,pending-full,generated-staging
Chicken Whole 2kg - Bundle of 3,Frozen,fresh,Chicken Whole,BS-FROZEN-CHICKEN-WHOL-2KG-0304-B3,false,,,,2kg x 3,item,20800,24.0,25800,0,5,,Frozen Chicken Whole 2kg Nigeria product pack bundle 3,Pending automated product-image enrichment,Estimated staging price — supplier verification required,,,Nigeria/Imported,2026-08-10,"Stage catalogue item; verify exact pack, image and supplier price before live sale.",,,,,unverified,35,0,pending-full,generated-staging
Chicken Whole 5kg - Bundle of 3,Frozen,fresh,Chicken Whole,BS-FROZEN-CHICKEN-WHOL-5KG-0305-B3,false,,,,5kg x 3,item,48150,24.0,59700,0,5,,Frozen Chicken Whole 5kg Nigeria product pack bundle 3,Pending automated product-image enrichment,Estimated staging price — supplier verification required,,,Nigeria/Imported,2026-08-10,"Stage catalogue item; verify exact pack, image and supplier price before live sale.",,,,,unverified,35,0,pending-full,generated-staging
Chicken Whole 10kg - Bundle of 3,Frozen,fresh,Chicken Whole,BS-FROZEN-CHICKEN-WHOL-10KG-0306-B3,false,,,,10kg x 3,item,96050,24.0,119100,0,5,,Frozen Chicken Whole 10kg Nigeria product pack bundle 3,Pending automated product-image enrichment,Estimated staging price — supplier verification required,,,Nigeria/Imported,2026-08-10,"Stage catalogue item; verify exact pack, image and supplier price before live sale.",,,,,unverified,35,0,pending-full,generated-staging
Turkey 1kg - Bundle of 3,Frozen,fresh,Turkey,BS-FROZEN-TURKEY-1KG-0307-B3,false,,,,1kg x 3,item,14250,24.0,17650,0,5,,Frozen Turkey 1kg Nigeria product pack bundle 3,Pending automated product-image enrichment,Estimated staging price — supplier verification required,,,Nigeria/Imported,2026-08-10,"Stage catalogue item; verify exact pack, image and supplier price before live sale.",,,,,unverified,35,0,pending-full,generated-staging
Turkey 2kg - Bundle of 3,Frozen,fresh,Turkey,BS-FROZEN-TURKEY-2KG-0308-B3,false,,,,2kg x 3,item,31450,24.0,39000,0,5,,Frozen Turkey 2kg Nigeria product pack bundle 3,Pending automated product-image enrichment,Estimated staging price — supplier verification required,,,Nigeria/Imported,2026-08-10,"Stage catalogue item; verify exact pack, image and supplier price before live sale.",,,,,unverified,35,0,pending-full,generated-staging
Turkey 5kg - Bundle of 3,Frozen,fresh,Turkey,BS-FROZEN-TURKEY-5KG-0309-B3,false,,,,5kg x 3,item,77400,24.0,96000,0,5,,Frozen Turkey 5kg Nigeria product pack bundle 3,Pending automated product-image enrichment,Estimated staging price — supplier verification required,,,Nigeria/Imported,2026-08-10,"Stage catalogue item; verify exact pack, image and supplier price before live sale.",,,,,unverified,35,0,pending-full,generated-staging
Turkey 10kg - Bundle of 3,Frozen,fresh,Turkey,BS-FROZEN-TURKEY-10KG-0310-B3,false,,,,10kg x 3,item,156400,24.0,193950,0,5,,Frozen Turkey 10kg Nigeria product pack bundle 3,Pending automated product-image enrichment,Estimated staging price — supplier verification required,,,Nigeria/Imported,2026-08-10,"Stage catalogue item; verify exact pack, image and supplier price before live sale.",,,,,unverified,35,0,pending-full,generated-staging
Beef 500g - Bundle of 3,Fresh,fresh,Beef,BS-FRESH-BEEF-500G-0311-B3,false,,,,500g x 3,item,6550,24.0,8100,0,5,,Fresh Beef 500g Nigeria product pack bundle 3,Pending automated product-image enrichment,Estimated staging price — supplier verification required,,,Nigeria/Imported,2026-08-10,"Stage catalogue item; verify exact pack, image and supplier price before live sale.",,,,,unverified,35,0,pending-full,generated-staging
Beef 1kg - Bundle of 3,Fresh,fresh,Beef,BS-FRESH-BEEF-1KG-0312-B3,false,,,,1kg x 3,item,11650,24.0,14450,0,5,,Fresh Beef 1kg Nigeria product pack bundle 3,Pending automated product-image enrichment,Estimated staging price — supplier verification required,,,Nigeria/Imported,2026-08-10,"Stage catalogue item; verify exact pack, image and supplier price before live sale.",,,,,unverified,35,0,pending-full,generated-staging
Beef 2kg - Bundle of 3,Fresh,fresh,Beef,BS-FRESH-BEEF-2KG-0313-B3,false,,,,2kg x 3,item,23550,24.0,29200,0,5,,Fresh Beef 2kg Nigeria product pack bundle 3,Pending automated product-image enrichment,Estimated staging price — supplier verification required,,,Nigeria/Imported,2026-08-10,"Stage catalogue item; verify exact pack, image and supplier price before live sale.",,,,,unverified,35,0,pending-full,generated-staging
Beef 5kg - Bundle of 3,Fresh,fresh,Beef,BS-FRESH-BEEF-5KG-0314-B3,false,,,,5kg x 3,item,57350,24.0,71100,0,5,,Fresh Beef 5kg Nigeria product pack bundle 3,Pending automated product-image enrichment,Estimated staging price — supplier verification required,,,Nigeria/Imported,2026-08-10,"Stage catalogue item; verify exact pack, image and supplier price before live sale.",,,,,unverified,35,0,pending-full,generated-staging
Mackerel Fish 1kg - Bundle of 3,Frozen,fresh,Mackerel Fish,BS-FROZEN-MACKEREL-FIS-1KG-0315-B3,false,,,,1kg x 3,item,12350,24.0,15300,0,5,,Frozen Mackerel Fish 1kg Nigeria product pack bundle 3,Pending automated product-image enrichment,Estimated staging price — supplier verification required,,,Nigeria/Imported,2026-08-10,"Stage catalogue item; verify exact pack, image and supplier price before live sale.",,,,,unverified,35,0,pending-full,generated-staging
Mackerel Fish 2kg - Bundle of 3,Frozen,fresh,Mackerel Fish,BS-FROZEN-MACKEREL-FIS-2KG-0316-B3,false,,,,2kg x 3,item,25150,24.0,31200,0,5,,Frozen Mackerel Fish 2kg Nigeria product pack bundle 3,Pending automated product-image enrichment,Estimated staging price — supplier verification required,,,Nigeria/Imported,2026-08-10,"Stage catalogue item; verify exact pack, image and supplier price before live sale.",,,,,unverified,35,0,pending-full,generated-staging
Mackerel Fish 5kg - Bundle of 3,Frozen,fresh,Mackerel Fish,BS-FROZEN-MACKEREL-FIS-5KG-0317-B3,false,,,,5kg x 3,item,57750,24.0,71600,0,5,,Frozen Mackerel Fish 5kg Nigeria product pack bundle 3,Pending automated product-image enrichment,Estimated staging price — supplier verification required,,,Nigeria/Imported,2026-08-10,"Stage catalogue item; verify exact pack, image and supplier price before live sale.",,,,,unverified,35,0,pending-full,generated-staging
Ariel Laundry Detergent 200g - Bundle of 3,Ariel,household,Laundry Detergent,BS-ARIEL-LAUNDRY-DETE-200G-0318-B3,false,,,,200g x 3,item,1000,22.0,1200,0,5,,Ariel Laundry Detergent 200g Nigeria product pack bundle 3,Pending automated product-image enrichment,Estimated staging price — supplier verification required,,,Nigeria/Imported,2026-08-10,"Stage catalogue item; verify exact pack, image and supplier price before live sale.",,,,,unverified,35,0,pending-full,generated-staging
Ariel Laundry Detergent 500g - Bundle of 3,Ariel,household,Laundry Detergent,BS-ARIEL-LAUNDRY-DETE-500G-0319-B3,false,,,,500g x 3,item,2350,22.0,2850,0,5,,Ariel Laundry Detergent 500g Nigeria product pack bundle 3,Pending automated product-image enrichment,Estimated staging price — supplier verification required,,,Nigeria/Imported,2026-08-10,"Stage catalogue item; verify exact pack, image and supplier price before live sale.",,,,,unverified,35,0,pending-full,generated-staging
Ariel Laundry Detergent 1kg - Bundle of 3,Ariel,household,Laundry Detergent,BS-ARIEL-LAUNDRY-DETE-1KG-0320-B3,false,,,,1kg x 3,item,5400,22.0,6600,0,5,,Ariel Laundry Detergent 1kg Nigeria product pack bundle 3,Pending automated product-image enrichment,Estimated staging price — supplier verification required,,,Nigeria/Imported,2026-08-10,"Stage catalogue item; verify exact pack, image and supplier price before live sale.",,,,,unverified,35,0,pending-full,generated-staging
Ariel Laundry Detergent 2kg - Bundle of 3,Ariel,household,Laundry Detergent,BS-ARIEL-LAUNDRY-DETE-2KG-0321-B3,false,,,,2kg x 3,item,10600,22.0,12950,0,5,,Ariel Laundry Detergent 2kg Nigeria product pack bundle 3,Pending automated product-image enrichment,Estimated staging price — supplier verification required,,,Nigeria/Imported,2026-08-10,"Stage catalogue item; verify exact pack, image and supplier price before live sale.",,,,,unverified,35,0,pending-full,generated-staging
Omo Laundry Detergent 200g - Bundle of 3,Omo,household,Laundry Detergent,BS-OMO-LAUNDRY-DETE-200G-0322-B3,false,,,,200g x 3,item,1000,22.0,1200,0,5,,Omo Laundry Detergent 200g Nigeria product pack bundle 3,Pending automated product-image enrichment,Estimated staging price — supplier verification required,,,Nigeria/Imported,2026-08-10,"Stage catalogue item; verify exact pack, image and supplier price before live sale.",,,,,unverified,35,0,pending-full,generated-staging
Omo Laundry Detergent 500g - Bundle of 3,Omo,household,Laundry Detergent,BS-OMO-LAUNDRY-DETE-500G-0323-B3,false,,,,500g x 3,item,2600,22.0,3150,0,5,,Omo Laundry Detergent 500g Nigeria product pack bundle 3,Pending automated product-image enrichment,Estimated staging price — supplier verification required,,,Nigeria/Imported,2026-08-10,"Stage catalogue item; verify exact pack, image and supplier price before live sale.",,,,,unverified,35,0,pending-full,generated-staging
Omo Laundry Detergent 1kg - Bundle of 3,Omo,household,Laundry Detergent,BS-OMO-LAUNDRY-DETE-1KG-0324-B3,false,,,,1kg x 3,item,5250,22.0,6400,0,5,,Omo Laundry Detergent 1kg Nigeria product pack bundle 3,Pending automated product-image enrichment,Estimated staging price — supplier verification required,,,Nigeria/Imported,2026-08-10,"Stage catalogue item; verify exact pack, image and supplier price before live sale.",,,,,unverified,35,0,pending-full,generated-staging
Omo Laundry Detergent 2kg - Bundle of 3,Omo,household,Laundry Detergent,BS-OMO-LAUNDRY-DETE-2KG-0325-B3,false,,,,2kg x 3,item,8900,22.0,10850,0,5,,Omo Laundry Detergent 2kg Nigeria product pack bundle 3,Pending automated product-image enrichment,Estimated staging price — supplier verification required,,,Nigeria/Imported,2026-08-10,"Stage catalogue item; verify exact pack, image and supplier price before live sale.",,,,,unverified,35,0,pending-full,generated-staging
Sunlight Laundry Detergent 200g - Bundle of 3,Sunlight,household,Laundry Detergent,BS-SUNLIGHT-LAUNDRY-DETE-200G-0326-B3,false,,,,200g x 3,item,850,22.0,1050,0,5,,Sunlight Laundry Detergent 200g Nigeria product pack bundle 3,Pending automated product-image enrichment,Estimated staging price — supplier verification required,,,Nigeria/Imported,2026-08-10,"Stage catalogue item; verify exact pack, image and supplier price before live sale.",,,,,unverified,35,0,pending-full,generated-staging
Sunlight Laundry Detergent 500g - Bundle of 3,Sunlight,household,Laundry Detergent,BS-SUNLIGHT-LAUNDRY-DETE-500G-0327-B3,false,,,,500g x 3,item,2200,22.0,2700,0,5,,Sunlight Laundry Detergent 500g Nigeria product pack bundle 3,Pending automated product-image enrichment,Estimated staging price — supplier verification required,,,Nigeria/Imported,2026-08-10,"Stage catalogue item; verify exact pack, image and supplier price before live sale.",,,,,unverified,35,0,pending-full,generated-staging
Sunlight Laundry Detergent 1kg - Bundle of 3,Sunlight,household,Laundry Detergent,BS-SUNLIGHT-LAUNDRY-DETE-1KG-0328-B3,false,,,,1kg x 3,item,4800,22.0,5850,0,5,,Sunlight Laundry Detergent 1kg Nigeria product pack bundle 3,Pending automated product-image enrichment,Estimated staging price — supplier verification required,,,Nigeria/Imported,2026-08-10,"Stage catalogue item; verify exact pack, image and supplier price before live sale.",,,,,unverified,35,0,pending-full,generated-staging
Sunlight Laundry Detergent 2kg - Bundle of 3,Sunlight,household,Laundry Detergent,BS-SUNLIGHT-LAUNDRY-DETE-2KG-0329-B3,false,,,,2kg x 3,item,9300,22.0,11350,0,5,,Sunlight Laundry Detergent 2kg Nigeria product pack bundle 3,Pending automated product-image enrichment,Estimated staging price — supplier verification required,,,Nigeria/Imported,2026-08-10,"Stage catalogue item; verify exact pack, image and supplier price before live sale.",,,,,unverified,35,0,pending-full,generated-staging
Morning Fresh Dishwashing Liquid 250ml - Bundle of 3,Morning Fresh,household,Dishwashing Liquid,BS-MORNING--DISHWASHING--250ML-0330-B3,false,,,,250ml x 3,item,850,22.0,1050,0,5,,Morning Fresh Dishwashing Liquid 250ml Nigeria product pack bundle 3,Pending automated product-image enrichment,Estimated staging price — supplier verification required,,,Nigeria/Imported,2026-08-10,"Stage catalogue item; verify exact pack, image and supplier price before live sale.",,,,,unverified,35,0,pending-full,generated-staging
Morning Fresh Dishwashing Liquid 500ml - Bundle of 3,Morning Fresh,household,Dishwashing Liquid,BS-MORNING--DISHWASHING--500ML-0331-B3,false,,,,500ml x 3,item,1900,22.0,2300,0,5,,Morning Fresh Dishwashing Liquid 500ml Nigeria product pack bundle 3,Pending automated product-image enrichment,Estimated staging price — supplier verification required,,,Nigeria/Imported,2026-08-10,"Stage catalogue item; verify exact pack, image and supplier price before live sale.",,,,,unverified,35,0,pending-full,generated-staging
Morning Fresh Dishwashing Liquid 1L - Bundle of 3,Morning Fresh,household,Dishwashing Liquid,BS-MORNING--DISHWASHING--1L-0332-B3,false,,,,1L x 3,item,3350,22.0,4100,0,5,,Morning Fresh Dishwashing Liquid 1L Nigeria product pack bundle 3,Pending automated product-image enrichment,Estimated staging price — supplier verification required,,,Nigeria/Imported,2026-08-10,"Stage catalogue item; verify exact pack, image and supplier price before live sale.",,,,,unverified,35,0,pending-full,generated-staging
Hypo Bleach 250ml - Bundle of 3,Hypo,household,Bleach,BS-HYPO-BLEACH-250ML-0333-B3,false,,,,250ml x 3,item,600,22.0,750,0,5,,Hypo Bleach 250ml Nigeria product pack bundle 3,Pending automated product-image enrichment,Estimated staging price — supplier verification required,,,Nigeria/Imported,2026-08-10,"Stage catalogue item; verify exact pack, image and supplier price before live sale.",,,,,unverified,35,0,pending-full,generated-staging
Hypo Bleach 500ml - Bundle of 3,Hypo,household,Bleach,BS-HYPO-BLEACH-500ML-0334-B3,false,,,,500ml x 3,item,1150,22.0,1400,0,5,,Hypo Bleach 500ml Nigeria product pack bundle 3,Pending automated product-image enrichment,Estimated staging price — supplier verification required,,,Nigeria/Imported,2026-08-10,"Stage catalogue item; verify exact pack, image and supplier price before live sale.",,,,,unverified,35,0,pending-full,generated-staging
Hypo Bleach 1L - Bundle of 3,Hypo,household,Bleach,BS-HYPO-BLEACH-1L-0335-B3,false,,,,1L x 3,item,2450,22.0,3000,0,5,,Hypo Bleach 1L Nigeria product pack bundle 3,Pending automated product-image enrichment,Estimated staging price — supplier verification required,,,Nigeria/Imported,2026-08-10,"Stage catalogue item; verify exact pack, image and supplier price before live sale.",,,,,unverified,35,0,pending-full,generated-staging
Dettol Toilet Soap 70g - Bundle of 3,Dettol,household,Toilet Soap,BS-DETTOL-TOILET-SOAP-70G-0336-B3,false,,,,70g x 3,item,450,22.0,550,0,5,,Dettol Toilet Soap 70g Nigeria product pack bundle 3,Pending automated product-image enrichment,Estimated staging price — supplier verification required,,,Nigeria/Imported,2026-08-10,"Stage catalogue item; verify exact pack, image and supplier price before live sale.",,,,,unverified,35,0,pending-full,generated-staging
Dettol Toilet Soap 110g - Bundle of 3,Dettol,household,Toilet Soap,BS-DETTOL-TOILET-SOAP-110G-0337-B3,false,,,,110g x 3,item,450,22.0,550,0,5,,Dettol Toilet Soap 110g Nigeria product pack bundle 3,Pending automated product-image enrichment,Estimated staging price — supplier verification required,,,Nigeria/Imported,2026-08-10,"Stage catalogue item; verify exact pack, image and supplier price before live sale.",,,,,unverified,35,0,pending-full,generated-staging
Dettol Toilet Soap 110g x 6 - Bundle of 3,Dettol,household,Toilet Soap,BS-DETTOL-TOILET-SOAP-110G-X-6-0338-B3,false,,,,110g x 6 x 3,item,2050,22.0,2500,0,5,,Dettol Toilet Soap 110g x 6 Nigeria product pack bundle 3,Pending automated product-image enrichment,Estimated staging price — supplier verification required,,,Nigeria/Imported,2026-08-10,"Stage catalogue item; verify exact pack, image and supplier price before live sale.",,,,,unverified,35,0,pending-full,generated-staging
Premier Cool Toilet Soap 70g - Bundle of 3,Premier Cool,household,Toilet Soap,BS-PREMIER--TOILET-SOAP-70G-0339-B3,false,,,,70g x 3,item,450,22.0,550,0,5,,Premier Cool Toilet Soap 70g Nigeria product pack bundle 3,Pending automated product-image enrichment,Estimated staging price — supplier verification required,,,Nigeria/Imported,2026-08-10,"Stage catalogue item; verify exact pack, image and supplier price before live sale.",,,,,unverified,35,0,pending-full,generated-staging
Premier Cool Toilet Soap 110g - Bundle of 3,Premier Cool,household,Toilet Soap,BS-PREMIER--TOILET-SOAP-110G-0340-B3,false,,,,110g x 3,item,450,22.0,550,0,5,,Premier Cool Toilet Soap 110g Nigeria product pack bundle 3,Pending automated product-image enrichment,Estimated staging price — supplier verification required,,,Nigeria/Imported,2026-08-10,"Stage catalogue item; verify exact pack, image and supplier price before live sale.",,,,,unverified,35,0,pending-full,generated-staging
Premier Cool Toilet Soap 110g x 6 - Bundle of 3,Premier Cool,household,Toilet Soap,BS-PREMIER--TOILET-SOAP-110G-X-6-0341-B3,false,,,,110g x 6 x 3,item,1600,22.0,1950,0,5,,Premier Cool Toilet Soap 110g x 6 Nigeria product pack bundle 3,Pending automated product-image enrichment,Estimated staging price — supplier verification required,,,Nigeria/Imported,2026-08-10,"Stage catalogue item; verify exact pack, image and supplier price before live sale.",,,,,unverified,35,0,pending-full,generated-staging
Lux Bath Soap 80g - Bundle of 3,Lux,household,Bath Soap,BS-LUX-BATH-SOAP-80G-0342-B3,false,,,,80g x 3,item,450,22.0,550,0,5,,Lux Bath Soap 80g Nigeria product pack bundle 3,Pending automated product-image enrichment,Estimated staging price — supplier verification required,,,Nigeria/Imported,2026-08-10,"Stage catalogue item; verify exact pack, image and supplier price before live sale.",,,,,unverified,35,0,pending-full,generated-staging
Lux Bath Soap 120g - Bundle of 3,Lux,household,Bath Soap,BS-LUX-BATH-SOAP-120G-0343-B3,false,,,,120g x 3,item,450,22.0,550,0,5,,Lux Bath Soap 120g Nigeria product pack bundle 3,Pending automated product-image enrichment,Estimated staging price — supplier verification required,,,Nigeria/Imported,2026-08-10,"Stage catalogue item; verify exact pack, image and supplier price before live sale.",,,,,unverified,35,0,pending-full,generated-staging
Lux Bath Soap 120g x 6 - Bundle of 3,Lux,household,Bath Soap,BS-LUX-BATH-SOAP-120G-X-6-0344-B3,false,,,,120g x 6 x 3,item,1750,22.0,2150,0,5,,Lux Bath Soap 120g x 6 Nigeria product pack bundle 3,Pending automated product-image enrichment,Estimated staging price — supplier verification required,,,Nigeria/Imported,2026-08-10,"Stage catalogue item; verify exact pack, image and supplier price before live sale.",,,,,unverified,35,0,pending-full,generated-staging
Closeup Toothpaste 100ml - Bundle of 3,Closeup,household,Toothpaste,BS-CLOSEUP-TOOTHPASTE-100ML-0345-B3,false,,,,100ml x 3,item,450,22.0,550,0,5,,Closeup Toothpaste 100ml Nigeria product pack bundle 3,Pending automated product-image enrichment,Estimated staging price — supplier verification required,,,Nigeria/Imported,2026-08-10,"Stage catalogue item; verify exact pack, image and supplier price before live sale.",,,,,unverified,35,0,pending-full,generated-staging
Closeup Toothpaste 140ml - Bundle of 3,Closeup,household,Toothpaste,BS-CLOSEUP-TOOTHPASTE-140ML-0346-B3,false,,,,140ml x 3,item,750,22.0,900,0,5,,Closeup Toothpaste 140ml Nigeria product pack bundle 3,Pending automated product-image enrichment,Estimated staging price — supplier verification required,,,Nigeria/Imported,2026-08-10,"Stage catalogue item; verify exact pack, image and supplier price before live sale.",,,,,unverified,35,0,pending-full,generated-staging
Closeup Toothpaste 200ml - Bundle of 3,Closeup,household,Toothpaste,BS-CLOSEUP-TOOTHPASTE-200ML-0347-B3,false,,,,200ml x 3,item,1000,22.0,1200,0,5,,Closeup Toothpaste 200ml Nigeria product pack bundle 3,Pending automated product-image enrichment,Estimated staging price — supplier verification required,,,Nigeria/Imported,2026-08-10,"Stage catalogue item; verify exact pack, image and supplier price before live sale.",,,,,unverified,35,0,pending-full,generated-staging
Pepsodent Toothpaste 100ml - Bundle of 3,Pepsodent,household,Toothpaste,BS-PEPSODEN-TOOTHPASTE-100ML-0348-B3,false,,,,100ml x 3,item,450,22.0,550,0,5,,Pepsodent Toothpaste 100ml Nigeria product pack bundle 3,Pending automated product-image enrichment,Estimated staging price — supplier verification required,,,Nigeria/Imported,2026-08-10,"Stage catalogue item; verify exact pack, image and supplier price before live sale.",,,,,unverified,35,0,pending-full,generated-staging
Pepsodent Toothpaste 140ml - Bundle of 3,Pepsodent,household,Toothpaste,BS-PEPSODEN-TOOTHPASTE-140ML-0349-B3,false,,,,140ml x 3,item,600,22.0,750,0,5,,Pepsodent Toothpaste 140ml Nigeria product pack bundle 3,Pending automated product-image enrichment,Estimated staging price — supplier verification required,,,Nigeria/Imported,2026-08-10,"Stage catalogue item; verify exact pack, image and supplier price before live sale.",,,,,unverified,35,0,pending-full,generated-staging
Pepsodent Toothpaste 200ml - Bundle of 3,Pepsodent,household,Toothpaste,BS-PEPSODEN-TOOTHPASTE-200ML-0350-B3,false,,,,200ml x 3,item,850,22.0,1050,0,5,,Pepsodent Toothpaste 200ml Nigeria product pack bundle 3,Pending automated product-image enrichment,Estimated staging price — supplier verification required,,,Nigeria/Imported,2026-08-10,"Stage catalogue item; verify exact pack, image and supplier price before live sale.",,,,,unverified,35,0,pending-full,generated-staging
Rose Carla Tissue Paper 4 rolls - Bundle of 3,Rose Carla,household,Tissue Paper,BS-ROSE-CAR-TISSUE-PAPER-4-ROLLS-0351-B3,false,,,,4 rolls x 3,item,4800,22.0,5850,0,5,,Rose Carla Tissue Paper 4 rolls Nigeria product pack bundle 3,Pending automated product-image enrichment,Estimated staging price — supplier verification required,,,Nigeria/Imported,2026-08-10,"Stage catalogue item; verify exact pack, image and supplier price before live sale.",,,,,unverified,35,0,pending-full,generated-staging
