name,brand,category,subcategory,sku,hasVariants,optionType,variantName,variantSku,packSize,unit,estimatedCost,markupPct,price,stock,lowStockThreshold,imageUrl,imageSearchQuery,imageStatus,priceStatus,supplier,barcode,country,lastPriceCheck,notes
Big Bull Rice 1kg,Big Bull,grains,Rice,BS-BIG-BULL-RICE-1KG-0001,false,,,,1kg,item,650,0.16,750,0,5,assets/rice.jpg,Big Bull Rice 1kg Nigeria product pack,Category placeholder – replace with verified product image,Estimated – verify with supplier,,,Nigeria/Imported,2026-08-10,"Stage catalogue item; verify exact pack, image and supplier price before live sale."
Big Bull Rice 2kg,Big Bull,grains,Rice,BS-BIG-BULL-RICE-2KG-0002,false,,,,2kg,item,1200,0.16,1400,0,5,assets/rice.jpg,Big Bull Rice 2kg Nigeria product pack,Category placeholder – replace with verified product image,Estimated – verify with supplier,,,Nigeria/Imported,2026-08-10,"Stage catalogue item; verify exact pack, image and supplier price before live sale."
Big Bull Rice 5kg,Big Bull,grains,Rice,BS-BIG-BULL-RICE-5KG-0003,false,,,,5kg,item,3150,0.16,3650,0,5,assets/rice.jpg,Big Bull Rice 5kg Nigeria product pack,Category placeholder – replace with verified product image,Estimated – verify with supplier,,,Nigeria/Imported,2026-08-10,"Stage catalogue item; verify exact pack, image and supplier price before live sale."
Big Bull Rice 10kg,Big Bull,grains,Rice,BS-BIG-BULL-RICE-10KG-0004,false,,,,10kg,item,6250,0.16,7250,0,5,assets/rice.jpg,Big Bull Rice 10kg Nigeria product pack,Category placeholder – replace with verified product image,Estimated – verify with supplier,,,Nigeria/Imported,2026-08-10,"Stage catalogue item; verify exact pack, image and supplier price before live sale."
Big Bull Rice 25kg,Big Bull,grains,Rice,BS-BIG-BULL-RICE-25KG-0005,false,,,,25kg,item,17100,0.16,19850,0,5,assets/rice.jpg,Big Bull Rice 25kg Nigeria product pack,Category placeholder – replace with verified product image,Estimated – verify with supplier,,,Nigeria/Imported,2026-08-10,"Stage catalogue item; verify exact pack, image and supplier price before live sale."
Big Bull Rice 50kg,Big Bull,grains,Rice,BS-BIG-BULL-RICE-50KG-0006,false,,,,50kg,item,33850,0.16,39250,0,5,assets/rice.jpg,Big Bull Rice 50kg Nigeria product pack,Category placeholder – replace with verified product image,Estimated – verify with supplier,,,Nigeria/Imported,2026-08-10,"Stage catalogue item; verify exact pack, image and supplier price before live sale."
Mama Gold Rice 1kg,Mama Gold,grains,Rice,BS-MAMA-GOL-RICE-1KG-0007,false,,,,1kg,item,750,0.16,850,0,5,assets/rice.jpg,Mama Gold Rice 1kg Nigeria product pack,Category placeholder – replace with verified product image,Estimated – verify with supplier,,,Nigeria/Imported,2026-08-10,"Stage catalogue item; verify exact pack, image and supplier price before live sale."
Mama Gold Rice 5kg,Mama Gold,grains,Rice,BS-MAMA-GOL-RICE-5KG-0008,false,,,,5kg,item,3250,0.16,3750,0,5,assets/rice.jpg,Mama Gold Rice 5kg Nigeria product pack,Category placeholder – replace with verified product image,Estimated – verify with supplier,,,Nigeria/Imported,2026-08-10,"Stage catalogue item; verify exact pack, image and supplier price before live sale."
Mama Gold Rice 10kg,Mama Gold,grains,Rice,BS-MAMA-GOL-RICE-10KG-0009,false,,,,10kg,item,6950,0.16,8050,0,5,assets/rice.jpg,Mama Gold Rice 10kg Nigeria product pack,Category placeholder – replace with verified product image,Estimated – verify with supplier,,,Nigeria/Imported,2026-08-10,"Stage catalogue item; verify exact pack, image and supplier price before live sale."
Mama Gold Rice 25kg,Mama Gold,grains,Rice,BS-MAMA-GOL-RICE-25KG-0010,false,,,,25kg,item,16200,0.16,18800,0,5,assets/rice.jpg,Mama Gold Rice 25kg Nigeria product pack,Category placeholder – replace with verified product image,Estimated – verify with supplier,,,Nigeria/Imported,2026-08-10,"Stage catalogue item; verify exact pack, image and supplier price before live sale."
Mama Gold Rice 50kg,Mama Gold,grains,Rice,BS-MAMA-GOL-RICE-50KG-0011,false,,,,50kg,item,33600,0.16,39000,0,5,assets/rice.jpg,Mama Gold Rice 50kg Nigeria product pack,Category placeholder – replace with verified product image,Estimated – verify with supplier,,,Nigeria/Imported,2026-08-10,"Stage catalogue item; verify exact pack, image and supplier price before live sale."
Royal Stallion Rice 1kg,Royal Stallion,grains,Rice,BS-ROYAL-ST-RICE-1KG-0012,false,,,,1kg,item,750,0.16,850,0,5,assets/rice.jpg,Royal Stallion Rice 1kg Nigeria product pack,Category placeholder – replace with verified product image,Estimated – verify with supplier,,,Nigeria/Imported,2026-08-10,"Stage catalogue item; verify exact pack, image and supplier price before live sale."
Royal Stallion Rice 5kg,Royal Stallion,grains,Rice,BS-ROYAL-ST-RICE-5KG-0013,false,,,,5kg,item,3350,0.16,3900,0,5,assets/rice.jpg,Royal Stallion Rice 5kg Nigeria product pack,Category placeholder – replace with verified product image,Estimated – verify with supplier,,,Nigeria/Imported,2026-08-10,"Stage catalogue item; verify exact pack, image and supplier price before live sale."
Royal Stallion Rice 10kg,Royal Stallion,grains,Rice,BS-ROYAL-ST-RICE-10KG-0014,false,,,,10kg,item,6900,0.16,8000,0,5,assets/rice.jpg,Royal Stallion Rice 10kg Nigeria product pack,Category placeholder – replace with verified product image,Estimated – verify with supplier,,,Nigeria/Imported,2026-08-10,"Stage catalogue item; verify exact pack, image and supplier price before live sale."
Royal Stallion Rice 25kg,Royal Stallion,grains,Rice,BS-ROYAL-ST-RICE-25KG-0015,false,,,,25kg,item,18650,0.16,21650,0,5,assets/rice.jpg,Royal Stallion Rice 25kg Nigeria product pack,Category placeholder – replace with verified product image,Estimated – verify with supplier,,,Nigeria/Imported,2026-08-10,"Stage catalogue item; verify exact pack, image and supplier price before live sale."
Royal Stallion Rice 50kg,Royal Stallion,grains,Rice,BS-ROYAL-ST-RICE-50KG-0016,false,,,,50kg,item,36650,0.16,42500,0,5,assets/rice.jpg,Royal Stallion Rice 50kg Nigeria product pack,Category placeholder – replace with verified product image,Estimated – verify with supplier,,,Nigeria/Imported,2026-08-10,"Stage catalogue item; verify exact pack, image and supplier price before live sale."
Cap Rice Rice 1kg,Cap Rice,grains,Rice,BS-CAP-RICE-RICE-1KG-0017,false,,,,1kg,item,650,0.16,750,0,5,assets/rice.jpg,Cap Rice Rice 1kg Nigeria product pack,Category placeholder – replace with verified product image,Estimated – verify with supplier,,,Nigeria/Imported,2026-08-10,"Stage catalogue item; verify exact pack, image and supplier price before live sale."
Cap Rice Rice 5kg,Cap Rice,grains,Rice,BS-CAP-RICE-RICE-5KG-0018,false,,,,5kg,item,3500,0.16,4050,0,5,assets/rice.jpg,Cap Rice Rice 5kg Nigeria product pack,Category placeholder – replace with verified product image,Estimated – verify with supplier,,,Nigeria/Imported,2026-08-10,"Stage catalogue item; verify exact pack, image and supplier price before live sale."
Cap Rice Rice 10kg,Cap Rice,grains,Rice,BS-CAP-RICE-RICE-10KG-0019,false,,,,10kg,item,7250,0.16,8400,0,5,assets/rice.jpg,Cap Rice Rice 10kg Nigeria product pack,Category placeholder – replace with verified product image,Estimated – verify with supplier,,,Nigeria/Imported,2026-08-10,"Stage catalogue item; verify exact pack, image and supplier price before live sale."
Cap Rice Rice 25kg,Cap Rice,grains,Rice,BS-CAP-RICE-RICE-25KG-0020,false,,,,25kg,item,15650,0.16,18150,0,5,assets/rice.jpg,Cap Rice Rice 25kg Nigeria product pack,Category placeholder – replace with verified product image,Estimated – verify with supplier,,,Nigeria/Imported,2026-08-10,"Stage catalogue item; verify exact pack, image and supplier price before live sale."
Cap Rice Rice 50kg,Cap Rice,grains,Rice,BS-CAP-RICE-RICE-50KG-0021,false,,,,50kg,item,36200,0.16,42000,0,5,assets/rice.jpg,Cap Rice Rice 50kg Nigeria product pack,Category placeholder – replace with verified product image,Estimated – verify with supplier,,,Nigeria/Imported,2026-08-10,"Stage catalogue item; verify exact pack, image and supplier price before live sale."
Tropical Sun Basmati Rice 1kg,Tropical Sun,grains,Basmati Rice,BS-TROPICAL-BASMATI-RICE-1KG-0022,false,,,,1kg,item,1550,0.16,1800,0,5,assets/rice.jpg,Tropical Sun Basmati Rice 1kg Nigeria product pack,Category placeholder – replace with verified product image,Estimated – verify with supplier,,,Nigeria/Imported,2026-08-10,"Stage catalogue item; verify exact pack, image and supplier price before live sale."
Tropical Sun Basmati Rice 2kg,Tropical Sun,grains,Basmati Rice,BS-TROPICAL-BASMATI-RICE-2KG-0023,false,,,,2kg,item,2950,0.16,3400,0,5,assets/rice.jpg,Tropical Sun Basmati Rice 2kg Nigeria product pack,Category placeholder – replace with verified product image,Estimated – verify with supplier,,,Nigeria/Imported,2026-08-10,"Stage catalogue item; verify exact pack, image and supplier price before live sale."
Tropical Sun Basmati Rice 5kg,Tropical Sun,grains,Basmati Rice,BS-TROPICAL-BASMATI-RICE-5KG-0024,false,,,,5kg,item,7100,0.16,8250,0,5,assets/rice.jpg,Tropical Sun Basmati Rice 5kg Nigeria product pack,Category placeholder – replace with verified product image,Estimated – verify with supplier,,,Nigeria/Imported,2026-08-10,"Stage catalogue item; verify exact pack, image and supplier price before live sale."
Tropical Sun Basmati Rice 10kg,Tropical Sun,grains,Basmati Rice,BS-TROPICAL-BASMATI-RICE-10KG-0025,false,,,,10kg,item,16400,0.16,19000,0,5,assets/rice.jpg,Tropical Sun Basmati Rice 10kg Nigeria product pack,Category placeholder – replace with verified product image,Estimated – verify with supplier,,,Nigeria/Imported,2026-08-10,"Stage catalogue item; verify exact pack, image and supplier price before live sale."
Brown Beans 500g,Generic,grains,Brown Beans,BS-GENERIC-BROWN-BEANS-500G-0026,false,,,,500g,item,400,0.16,450,0,5,assets/rice.jpg,Generic Brown Beans 500g Nigeria product pack,Category placeholder – replace with verified product image,Estimated – verify with supplier,,,Nigeria/Imported,2026-08-10,"Stage catalogue item; verify exact pack, image and supplier price before live sale."
Brown Beans 1kg,Generic,grains,Brown Beans,BS-GENERIC-BROWN-BEANS-1KG-0027,false,,,,1kg,item,800,0.16,950,0,5,assets/rice.jpg,Generic Brown Beans 1kg Nigeria product pack,Category placeholder – replace with verified product image,Estimated – verify with supplier,,,Nigeria/Imported,2026-08-10,"Stage catalogue item; verify exact pack, image and supplier price before live sale."
Brown Beans 2kg,Generic,grains,Brown Beans,BS-GENERIC-BROWN-BEANS-2KG-0028,false,,,,2kg,item,1600,0.16,1850,0,5,assets/rice.jpg,Generic Brown Beans 2kg Nigeria product pack,Category placeholder – replace with verified product image,Estimated – verify with supplier,,,Nigeria/Imported,2026-08-10,"Stage catalogue item; verify exact pack, image and supplier price before live sale."
Brown Beans 5kg,Generic,grains,Brown Beans,BS-GENERIC-BROWN-BEANS-5KG-0029,false,,,,5kg,item,4550,0.16,5300,0,5,assets/rice.jpg,Generic Brown Beans 5kg Nigeria product pack,Category placeholder – replace with verified product image,Estimated – verify with supplier,,,Nigeria/Imported,2026-08-10,"Stage catalogue item; verify exact pack, image and supplier price before live sale."
Brown Beans 10kg,Generic,grains,Brown Beans,BS-GENERIC-BROWN-BEANS-10KG-0030,false,,,,10kg,item,8750,0.16,10150,0,5,assets/rice.jpg,Generic Brown Beans 10kg Nigeria product pack,Category placeholder – replace with verified product image,Estimated – verify with supplier,,,Nigeria/Imported,2026-08-10,"Stage catalogue item; verify exact pack, image and supplier price before live sale."
Brown Beans 25kg,Generic,grains,Brown Beans,BS-GENERIC-BROWN-BEANS-25KG-0031,false,,,,25kg,item,22650,0.16,26250,0,5,assets/rice.jpg,Generic Brown Beans 25kg Nigeria product pack,Category placeholder – replace with verified product image,Estimated – verify with supplier,,,Nigeria/Imported,2026-08-10,"Stage catalogue item; verify exact pack, image and supplier price before live sale."
White Beans 500g,Generic,grains,White Beans,BS-GENERIC-WHITE-BEANS-500G-0032,false,,,,500g,item,450,0.16,500,0,5,assets/rice.jpg,Generic White Beans 500g Nigeria product pack,Category placeholder – replace with verified product image,Estimated – verify with supplier,,,Nigeria/Imported,2026-08-10,"Stage catalogue item; verify exact pack, image and supplier price before live sale."
White Beans 1kg,Generic,grains,White Beans,BS-GENERIC-WHITE-BEANS-1KG-0033,false,,,,1kg,item,900,0.16,1050,0,5,assets/rice.jpg,Generic White Beans 1kg Nigeria product pack,Category placeholder – replace with verified product image,Estimated – verify with supplier,,,Nigeria/Imported,2026-08-10,"Stage catalogue item; verify exact pack, image and supplier price before live sale."
White Beans 2kg,Generic,grains,White Beans,BS-GENERIC-WHITE-BEANS-2KG-0034,false,,,,2kg,item,1950,0.16,2250,0,5,assets/rice.jpg,Generic White Beans 2kg Nigeria product pack,Category placeholder – replace with verified product image,Estimated – verify with supplier,,,Nigeria/Imported,2026-08-10,"Stage catalogue item; verify exact pack, image and supplier price before live sale."
White Beans 5kg,Generic,grains,White Beans,BS-GENERIC-WHITE-BEANS-5KG-0035,false,,,,5kg,item,4450,0.16,5150,0,5,assets/rice.jpg,Generic White Beans 5kg Nigeria product pack,Category placeholder – replace with verified product image,Estimated – verify with supplier,,,Nigeria/Imported,2026-08-10,"Stage catalogue item; verify exact pack, image and supplier price before live sale."
White Beans 10kg,Generic,grains,White Beans,BS-GENERIC-WHITE-BEANS-10KG-0036,false,,,,10kg,item,9150,0.16,10600,0,5,assets/rice.jpg,Generic White Beans 10kg Nigeria product pack,Category placeholder – replace with verified product image,Estimated – verify with supplier,,,Nigeria/Imported,2026-08-10,"Stage catalogue item; verify exact pack, image and supplier price before live sale."
White Beans 25kg,Generic,grains,White Beans,BS-GENERIC-WHITE-BEANS-25KG-0037,false,,,,25kg,item,24050,0.16,27900,0,5,assets/rice.jpg,Generic White Beans 25kg Nigeria product pack,Category placeholder – replace with verified product image,Estimated – verify with supplier,,,Nigeria/Imported,2026-08-10,"Stage catalogue item; verify exact pack, image and supplier price before live sale."
Garri White 500g,Generic,grains,Garri White,BS-GENERIC-GARRI-WHITE-500G-0038,false,,,,500g,item,300,0.16,350,0,5,assets/rice.jpg,Generic Garri White 500g Nigeria product pack,Category placeholder – replace with verified product image,Estimated – verify with supplier,,,Nigeria/Imported,2026-08-10,"Stage catalogue item; verify exact pack, image and supplier price before live sale."
Garri White 1kg,Generic,grains,Garri White,BS-GENERIC-GARRI-WHITE-1KG-0039,false,,,,1kg,item,650,0.16,750,0,5,assets/rice.jpg,Generic Garri White 1kg Nigeria product pack,Category placeholder – replace with verified product image,Estimated – verify with supplier,,,Nigeria/Imported,2026-08-10,"Stage catalogue item; verify exact pack, image and supplier price before live sale."
Garri White 2kg,Generic,grains,Garri White,BS-GENERIC-GARRI-WHITE-2KG-0040,false,,,,2kg,item,1250,0.16,1450,0,5,assets/rice.jpg,Generic Garri White 2kg Nigeria product pack,Category placeholder – replace with verified product image,Estimated – verify with supplier,,,Nigeria/Imported,2026-08-10,"Stage catalogue item; verify exact pack, image and supplier price before live sale."
Garri White 5kg,Generic,grains,Garri White,BS-GENERIC-GARRI-WHITE-5KG-0041,false,,,,5kg,item,3150,0.16,3650,0,5,assets/rice.jpg,Generic Garri White 5kg Nigeria product pack,Category placeholder – replace with verified product image,Estimated – verify with supplier,,,Nigeria/Imported,2026-08-10,"Stage catalogue item; verify exact pack, image and supplier price before live sale."
Garri White 10kg,Generic,grains,Garri White,BS-GENERIC-GARRI-WHITE-10KG-0042,false,,,,10kg,item,5550,0.16,6450,0,5,assets/rice.jpg,Generic Garri White 10kg Nigeria product pack,Category placeholder – replace with verified product image,Estimated – verify with supplier,,,Nigeria/Imported,2026-08-10,"Stage catalogue item; verify exact pack, image and supplier price before live sale."
Garri White 25kg,Generic,grains,Garri White,BS-GENERIC-GARRI-WHITE-25KG-0043,false,,,,25kg,item,14400,0.16,16700,0,5,assets/rice.jpg,Generic Garri White 25kg Nigeria product pack,Category placeholder – replace with verified product image,Estimated – verify with supplier,,,Nigeria/Imported,2026-08-10,"Stage catalogue item; verify exact pack, image and supplier price before live sale."
Garri Yellow 500g,Generic,grains,Garri Yellow,BS-GENERIC-GARRI-YELLOW-500G-0044,false,,,,500g,item,300,0.16,350,0,5,assets/rice.jpg,Generic Garri Yellow 500g Nigeria product pack,Category placeholder – replace with verified product image,Estimated – verify with supplier,,,Nigeria/Imported,2026-08-10,"Stage catalogue item; verify exact pack, image and supplier price before live sale."
Garri Yellow 1kg,Generic,grains,Garri Yellow,BS-GENERIC-GARRI-YELLOW-1KG-0045,false,,,,1kg,item,600,0.16,700,0,5,assets/rice.jpg,Generic Garri Yellow 1kg Nigeria product pack,Category placeholder – replace with verified product image,Estimated – verify with supplier,,,Nigeria/Imported,2026-08-10,"Stage catalogue item; verify exact pack, image and supplier price before live sale."
Garri Yellow 2kg,Generic,grains,Garri Yellow,BS-GENERIC-GARRI-YELLOW-2KG-0046,false,,,,2kg,item,1250,0.16,1450,0,5,assets/rice.jpg,Generic Garri Yellow 2kg Nigeria product pack,Category placeholder – replace with verified product image,Estimated – verify with supplier,,,Nigeria/Imported,2026-08-10,"Stage catalogue item; verify exact pack, image and supplier price before live sale."
Garri Yellow 5kg,Generic,grains,Garri Yellow,BS-GENERIC-GARRI-YELLOW-5KG-0047,false,,,,5kg,item,3050,0.16,3550,0,5,assets/rice.jpg,Generic Garri Yellow 5kg Nigeria product pack,Category placeholder – replace with verified product image,Estimated – verify with supplier,,,Nigeria/Imported,2026-08-10,"Stage catalogue item; verify exact pack, image and supplier price before live sale."
Garri Yellow 10kg,Generic,grains,Garri Yellow,BS-GENERIC-GARRI-YELLOW-10KG-0048,false,,,,10kg,item,6300,0.16,7300,0,5,assets/rice.jpg,Generic Garri Yellow 10kg Nigeria product pack,Category placeholder – replace with verified product image,Estimated – verify with supplier,,,Nigeria/Imported,2026-08-10,"Stage catalogue item; verify exact pack, image and supplier price before live sale."
Garri Yellow 25kg,Generic,grains,Garri Yellow,BS-GENERIC-GARRI-YELLOW-25KG-0049,false,,,,25kg,item,16800,0.16,19500,0,5,assets/rice.jpg,Generic Garri Yellow 25kg Nigeria product pack,Category placeholder – replace with verified product image,Estimated – verify with supplier,,,Nigeria/Imported,2026-08-10,"Stage catalogue item; verify exact pack, image and supplier price before live sale."
Golden Penny Semolina 500g,Golden Penny,grains,Semolina,BS-GOLDEN-P-SEMOLINA-500G-0050,false,,,,500g,item,450,0.16,500,0,5,assets/rice.jpg,Golden Penny Semolina 500g Nigeria product pack,Category placeholder – replace with verified product image,Estimated – verify with supplier,,,Nigeria/Imported,2026-08-10,"Stage catalogue item; verify exact pack, image and supplier price before live sale."
Golden Penny Semolina 1kg,Golden Penny,grains,Semolina,BS-GOLDEN-P-SEMOLINA-1KG-0051,false,,,,1kg,item,900,0.16,1050,0,5,assets/rice.jpg,Golden Penny Semolina 1kg Nigeria product pack,Category placeholder – replace with verified product image,Estimated – verify with supplier,,,Nigeria/Imported,2026-08-10,"Stage catalogue item; verify exact pack, image and supplier price before live sale."
Golden Penny Semolina 2kg,Golden Penny,grains,Semolina,BS-GOLDEN-P-SEMOLINA-2KG-0052,false,,,,2kg,item,1700,0.16,1950,0,5,assets/rice.jpg,Golden Penny Semolina 2kg Nigeria product pack,Category placeholder – replace with verified product image,Estimated – verify with supplier,,,Nigeria/Imported,2026-08-10,"Stage catalogue item; verify exact pack, image and supplier price before live sale."
Golden Penny Semolina 5kg,Golden Penny,grains,Semolina,BS-GOLDEN-P-SEMOLINA-5KG-0053,false,,,,5kg,item,4350,0.16,5050,0,5,assets/rice.jpg,Golden Penny Semolina 5kg Nigeria product pack,Category placeholder – replace with verified product image,Estimated – verify with supplier,,,Nigeria/Imported,2026-08-10,"Stage catalogue item; verify exact pack, image and supplier price before live sale."
Golden Penny Semolina 10kg,Golden Penny,grains,Semolina,BS-GOLDEN-P-SEMOLINA-10KG-0054,false,,,,10kg,item,9800,0.16,11350,0,5,assets/rice.jpg,Golden Penny Semolina 10kg Nigeria product pack,Category placeholder – replace with verified product image,Estimated – verify with supplier,,,Nigeria/Imported,2026-08-10,"Stage catalogue item; verify exact pack, image and supplier price before live sale."
Honeywell Semolina 500g,Honeywell,grains,Semolina,BS-HONEYWEL-SEMOLINA-500G-0055,false,,,,500g,item,500,0.16,600,0,5,assets/rice.jpg,Honeywell Semolina 500g Nigeria product pack,Category placeholder – replace with verified product image,Estimated – verify with supplier,,,Nigeria/Imported,2026-08-10,"Stage catalogue item; verify exact pack, image and supplier price before live sale."
Honeywell Semolina 1kg,Honeywell,grains,Semolina,BS-HONEYWEL-SEMOLINA-1KG-0056,false,,,,1kg,item,950,0.16,1100,0,5,assets/rice.jpg,Honeywell Semolina 1kg Nigeria product pack,Category placeholder – replace with verified product image,Estimated – verify with supplier,,,Nigeria/Imported,2026-08-10,"Stage catalogue item; verify exact pack, image and supplier price before live sale."
Honeywell Semolina 2kg,Honeywell,grains,Semolina,BS-HONEYWEL-SEMOLINA-2KG-0057,false,,,,2kg,item,1750,0.16,2050,0,5,assets/rice.jpg,Honeywell Semolina 2kg Nigeria product pack,Category placeholder – replace with verified product image,Estimated – verify with supplier,,,Nigeria/Imported,2026-08-10,"Stage catalogue item; verify exact pack, image and supplier price before live sale."
Honeywell Semolina 5kg,Honeywell,grains,Semolina,BS-HONEYWEL-SEMOLINA-5KG-0058,false,,,,5kg,item,4850,0.16,5650,0,5,assets/rice.jpg,Honeywell Semolina 5kg Nigeria product pack,Category placeholder – replace with verified product image,Estimated – verify with supplier,,,Nigeria/Imported,2026-08-10,"Stage catalogue item; verify exact pack, image and supplier price before live sale."
Honeywell Semolina 10kg,Honeywell,grains,Semolina,BS-HONEYWEL-SEMOLINA-10KG-0059,false,,,,10kg,item,8750,0.16,10150,0,5,assets/rice.jpg,Honeywell Semolina 10kg Nigeria product pack,Category placeholder – replace with verified product image,Estimated – verify with supplier,,,Nigeria/Imported,2026-08-10,"Stage catalogue item; verify exact pack, image and supplier price before live sale."
Golden Penny Wheat Meal 500g,Golden Penny,grains,Wheat Meal,BS-GOLDEN-P-WHEAT-MEAL-500G-0060,false,,,,500g,item,400,0.16,450,0,5,assets/rice.jpg,Golden Penny Wheat Meal 500g Nigeria product pack,Category placeholder – replace with verified product image,Estimated – verify with supplier,,,Nigeria/Imported,2026-08-10,"Stage catalogue item; verify exact pack, image and supplier price before live sale."
Golden Penny Wheat Meal 1kg,Golden Penny,grains,Wheat Meal,BS-GOLDEN-P-WHEAT-MEAL-1KG-0061,false,,,,1kg,item,950,0.16,1100,0,5,assets/rice.jpg,Golden Penny Wheat Meal 1kg Nigeria product pack,Category placeholder – replace with verified product image,Estimated – verify with supplier,,,Nigeria/Imported,2026-08-10,"Stage catalogue item; verify exact pack, image and supplier price before live sale."
Golden Penny Wheat Meal 2kg,Golden Penny,grains,Wheat Meal,BS-GOLDEN-P-WHEAT-MEAL-2KG-0062,false,,,,2kg,item,1750,0.16,2050,0,5,assets/rice.jpg,Golden Penny Wheat Meal 2kg Nigeria product pack,Category placeholder – replace with verified product image,Estimated – verify with supplier,,,Nigeria/Imported,2026-08-10,"Stage catalogue item; verify exact pack, image and supplier price before live sale."
Golden Penny Wheat Meal 5kg,Golden Penny,grains,Wheat Meal,BS-GOLDEN-P-WHEAT-MEAL-5KG-0063,false,,,,5kg,item,4350,0.16,5050,0,5,assets/rice.jpg,Golden Penny Wheat Meal 5kg Nigeria product pack,Category placeholder – replace with verified product image,Estimated – verify with supplier,,,Nigeria/Imported,2026-08-10,"Stage catalogue item; verify exact pack, image and supplier price before live sale."
Honeywell Wheat Meal 500g,Honeywell,grains,Wheat Meal,BS-HONEYWEL-WHEAT-MEAL-500G-0064,false,,,,500g,item,450,0.16,500,0,5,assets/rice.jpg,Honeywell Wheat Meal 500g Nigeria product pack,Category placeholder – replace with verified product image,Estimated – verify with supplier,,,Nigeria/Imported,2026-08-10,"Stage catalogue item; verify exact pack, image and supplier price before live sale."
Honeywell Wheat Meal 1kg,Honeywell,grains,Wheat Meal,BS-HONEYWEL-WHEAT-MEAL-1KG-0065,false,,,,1kg,item,950,0.16,1100,0,5,assets/rice.jpg,Honeywell Wheat Meal 1kg Nigeria product pack,Category placeholder – replace with verified product image,Estimated – verify with supplier,,,Nigeria/Imported,2026-08-10,"Stage catalogue item; verify exact pack, image and supplier price before live sale."
Honeywell Wheat Meal 2kg,Honeywell,grains,Wheat Meal,BS-HONEYWEL-WHEAT-MEAL-2KG-0066,false,,,,2kg,item,1850,0.16,2150,0,5,assets/rice.jpg,Honeywell Wheat Meal 2kg Nigeria product pack,Category placeholder – replace with verified product image,Estimated – verify with supplier,,,Nigeria/Imported,2026-08-10,"Stage catalogue item; verify exact pack, image and supplier price before live sale."
Honeywell Wheat Meal 5kg,Honeywell,grains,Wheat Meal,BS-HONEYWEL-WHEAT-MEAL-5KG-0067,false,,,,5kg,item,4200,0.16,4850,0,5,assets/rice.jpg,Honeywell Wheat Meal 5kg Nigeria product pack,Category placeholder – replace with verified product image,Estimated – verify with supplier,,,Nigeria/Imported,2026-08-10,"Stage catalogue item; verify exact pack, image and supplier price before live sale."
Golden Penny Spaghetti 500g,Golden Penny,grains,Spaghetti,BS-GOLDEN-P-SPAGHETTI-500G-0068,false,,,,500g,item,400,0.16,450,0,5,assets/rice.jpg,Golden Penny Spaghetti 500g Nigeria product pack,Category placeholder – replace with verified product image,Estimated – verify with supplier,,,Nigeria/Imported,2026-08-10,"Stage catalogue item; verify exact pack, image and supplier price before live sale."
Golden Penny Spaghetti 500g x 20,Golden Penny,grains,Spaghetti,BS-GOLDEN-P-SPAGHETTI-500G-X-20-0069,false,,,,500g x 20,item,8800,0.16,10200,0,5,assets/rice.jpg,Golden Penny Spaghetti 500g x 20 Nigeria product pack,Category placeholder – replace with verified product image,Estimated – verify with supplier,,,Nigeria/Imported,2026-08-10,"Stage catalogue item; verify exact pack, image and supplier price before live sale."
Dangote Spaghetti 500g,Dangote,grains,Spaghetti,BS-DANGOTE-SPAGHETTI-500G-0070,false,,,,500g,item,450,0.16,500,0,5,assets/rice.jpg,Dangote Spaghetti 500g Nigeria product pack,Category placeholder – replace with verified product image,Estimated – verify with supplier,,,Nigeria/Imported,2026-08-10,"Stage catalogue item; verify exact pack, image and supplier price before live sale."
Dangote Spaghetti 500g x 20,Dangote,grains,Spaghetti,BS-DANGOTE-SPAGHETTI-500G-X-20-0071,false,,,,500g x 20,item,8450,0.16,9800,0,5,assets/rice.jpg,Dangote Spaghetti 500g x 20 Nigeria product pack,Category placeholder – replace with verified product image,Estimated – verify with supplier,,,Nigeria/Imported,2026-08-10,"Stage catalogue item; verify exact pack, image and supplier price before live sale."
Honeywell Spaghetti 500g,Honeywell,grains,Spaghetti,BS-HONEYWEL-SPAGHETTI-500G-0072,false,,,,500g,item,500,0.16,600,0,5,assets/rice.jpg,Honeywell Spaghetti 500g Nigeria product pack,Category placeholder – replace with verified product image,Estimated – verify with supplier,,,Nigeria/Imported,2026-08-10,"Stage catalogue item; verify exact pack, image and supplier price before live sale."
Honeywell Spaghetti 500g x 20,Honeywell,grains,Spaghetti,BS-HONEYWEL-SPAGHETTI-500G-X-20-0073,false,,,,500g x 20,item,9700,0.16,11250,0,5,assets/rice.jpg,Honeywell Spaghetti 500g x 20 Nigeria product pack,Category placeholder – replace with verified product image,Estimated – verify with supplier,,,Nigeria/Imported,2026-08-10,"Stage catalogue item; verify exact pack, image and supplier price before live sale."
Golden Penny Macaroni 500g,Golden Penny,grains,Macaroni,BS-GOLDEN-P-MACARONI-500G-0074,false,,,,500g,item,450,0.16,500,0,5,assets/rice.jpg,Golden Penny Macaroni 500g Nigeria product pack,Category placeholder – replace with verified product image,Estimated – verify with supplier,,,Nigeria/Imported,2026-08-10,"Stage catalogue item; verify exact pack, image and supplier price before live sale."
Golden Penny Macaroni 500g x 20,Golden Penny,grains,Macaroni,BS-GOLDEN-P-MACARONI-500G-X-20-0075,false,,,,500g x 20,item,9350,0.16,10850,0,5,assets/rice.jpg,Golden Penny Macaroni 500g x 20 Nigeria product pack,Category placeholder – replace with verified product image,Estimated – verify with supplier,,,Nigeria/Imported,2026-08-10,"Stage catalogue item; verify exact pack, image and supplier price before live sale."
Indomie Noodles Chicken 70g,Indomie,grains,Noodles Chicken,BS-INDOMIE-NOODLES-CHIC-70G-0076,false,,,,70g,item,150,0.16,150,0,5,assets/rice.jpg,Indomie Noodles Chicken 70g Nigeria product pack,Category placeholder – replace with verified product image,Estimated – verify with supplier,,,Nigeria/Imported,2026-08-10,"Stage catalogue item; verify exact pack, image and supplier price before live sale."
Indomie Noodles Chicken 70g x 40,Indomie,grains,Noodles Chicken,BS-INDOMIE-NOODLES-CHIC-70G-X-40-0077,false,,,,70g x 40,item,700,0.16,800,0,5,assets/rice.jpg,Indomie Noodles Chicken 70g x 40 Nigeria product pack,Category placeholder – replace with verified product image,Estimated – verify with supplier,,,Nigeria/Imported,2026-08-10,"Stage catalogue item; verify exact pack, image and supplier price before live sale."
Indomie Noodles Chicken 120g,Indomie,grains,Noodles Chicken,BS-INDOMIE-NOODLES-CHIC-120G-0078,false,,,,120g,item,150,0.16,150,0,5,assets/rice.jpg,Indomie Noodles Chicken 120g Nigeria product pack,Category placeholder – replace with verified product image,Estimated – verify with supplier,,,Nigeria/Imported,2026-08-10,"Stage catalogue item; verify exact pack, image and supplier price before live sale."
Indomie Noodles Chicken 120g x 40,Indomie,grains,Noodles Chicken,BS-INDOMIE-NOODLES-CHIC-120G-X-40-0079,false,,,,120g x 40,item,1050,0.16,1200,0,5,assets/rice.jpg,Indomie Noodles Chicken 120g x 40 Nigeria product pack,Category placeholder – replace with verified product image,Estimated – verify with supplier,,,Nigeria/Imported,2026-08-10,"Stage catalogue item; verify exact pack, image and supplier price before live sale."
Indomie Noodles Onion Chicken 70g,Indomie,grains,Noodles Onion Chicken,BS-INDOMIE-NOODLES-ONIO-70G-0080,false,,,,70g,item,150,0.16,150,0,5,assets/rice.jpg,Indomie Noodles Onion Chicken 70g Nigeria product pack,Category placeholder – replace with verified product image,Estimated – verify with supplier,,,Nigeria/Imported,2026-08-10,"Stage catalogue item; verify exact pack, image and supplier price before live sale."
Indomie Noodles Onion Chicken 70g x 40,Indomie,grains,Noodles Onion Chicken,BS-INDOMIE-NOODLES-ONIO-70G-X-40-0081,false,,,,70g x 40,item,650,0.16,750,0,5,assets/rice.jpg,Indomie Noodles Onion Chicken 70g x 40 Nigeria product pack,Category placeholder – replace with verified product image,Estimated – verify with supplier,,,Nigeria/Imported,2026-08-10,"Stage catalogue item; verify exact pack, image and supplier price before live sale."
Indomie Noodles Oriental 70g,Indomie,grains,Noodles Oriental,BS-INDOMIE-NOODLES-ORIE-70G-0082,false,,,,70g,item,150,0.16,150,0,5,assets/rice.jpg,Indomie Noodles Oriental 70g Nigeria product pack,Category placeholder – replace with verified product image,Estimated – verify with supplier,,,Nigeria/Imported,2026-08-10,"Stage catalogue item; verify exact pack, image and supplier price before live sale."
Indomie Noodles Oriental 70g x 40,Indomie,grains,Noodles Oriental,BS-INDOMIE-NOODLES-ORIE-70G-X-40-0083,false,,,,70g x 40,item,650,0.16,750,0,5,assets/rice.jpg,Indomie Noodles Oriental 70g x 40 Nigeria product pack,Category placeholder – replace with verified product image,Estimated – verify with supplier,,,Nigeria/Imported,2026-08-10,"Stage catalogue item; verify exact pack, image and supplier price before live sale."
Golden Penny Noodles Chicken 70g,Golden Penny,grains,Noodles Chicken,BS-GOLDEN-P-NOODLES-CHIC-70G-0084,false,,,,70g,item,150,0.16,150,0,5,assets/rice.jpg,Golden Penny Noodles Chicken 70g Nigeria product pack,Category placeholder – replace with verified product image,Estimated – verify with supplier,,,Nigeria/Imported,2026-08-10,"Stage catalogue item; verify exact pack, image and supplier price before live sale."
Golden Penny Noodles Chicken 70g x 40,Golden Penny,grains,Noodles Chicken,BS-GOLDEN-P-NOODLES-CHIC-70G-X-40-0085,false,,,,70g x 40,item,550,0.16,650,0,5,assets/rice.jpg,Golden Penny Noodles Chicken 70g x 40 Nigeria product pack,Category placeholder – replace with verified product image,Estimated – verify with supplier,,,Nigeria/Imported,2026-08-10,"Stage catalogue item; verify exact pack, image and supplier price before live sale."
Quaker Oats 500g,Quaker,grains,Oats,BS-QUAKER-OATS-500G-0086,false,,,,500g,item,1050,0.16,1200,0,5,assets/rice.jpg,Quaker Oats 500g Nigeria product pack,Category placeholder – replace with verified product image,Estimated – verify with supplier,,,Nigeria/Imported,2026-08-10,"Stage catalogue item; verify exact pack, image and supplier price before live sale."
Quaker Oats 1kg,Quaker,grains,Oats,BS-QUAKER-OATS-1KG-0087,false,,,,1kg,item,2400,0.16,2800,0,5,assets/rice.jpg,Quaker Oats 1kg Nigeria product pack,Category placeholder – replace with verified product image,Estimated – verify with supplier,,,Nigeria/Imported,2026-08-10,"Stage catalogue item; verify exact pack, image and supplier price before live sale."
Nasco Corn Flakes 350g,Nasco,grains,Corn Flakes,BS-NASCO-CORN-FLAKES-350G-0088,false,,,,350g,item,650,0.16,750,0,5,assets/rice.jpg,Nasco Corn Flakes 350g Nigeria product pack,Category placeholder – replace with verified product image,Estimated – verify with supplier,,,Nigeria/Imported,2026-08-10,"Stage catalogue item; verify exact pack, image and supplier price before live sale."
Nasco Corn Flakes 500g,Nasco,grains,Corn Flakes,BS-NASCO-CORN-FLAKES-500G-0089,false,,,,500g,item,850,0.16,1000,0,5,assets/rice.jpg,Nasco Corn Flakes 500g Nigeria product pack,Category placeholder – replace with verified product image,Estimated – verify with supplier,,,Nigeria/Imported,2026-08-10,"Stage catalogue item; verify exact pack, image and supplier price before live sale."
Nasco Corn Flakes 1kg,Nasco,grains,Corn Flakes,BS-NASCO-CORN-FLAKES-1KG-0090,false,,,,1kg,item,1650,0.16,1900,0,5,assets/rice.jpg,Nasco Corn Flakes 1kg Nigeria product pack,Category placeholder – replace with verified product image,Estimated – verify with supplier,,,Nigeria/Imported,2026-08-10,"Stage catalogue item; verify exact pack, image and supplier price before live sale."
Kellogg's Corn Flakes 350g,Kellogg's,grains,Corn Flakes,BS-KELLOGG--CORN-FLAKES-350G-0091,false,,,,350g,item,850,0.16,1000,0,5,assets/rice.jpg,Kellogg's Corn Flakes 350g Nigeria product pack,Category placeholder – replace with verified product image,Estimated – verify with supplier,,,Nigeria/Imported,2026-08-10,"Stage catalogue item; verify exact pack, image and supplier price before live sale."
Kellogg's Corn Flakes 500g,Kellogg's,grains,Corn Flakes,BS-KELLOGG--CORN-FLAKES-500G-0092,false,,,,500g,item,1350,0.16,1550,0,5,assets/rice.jpg,Kellogg's Corn Flakes 500g Nigeria product pack,Category placeholder – replace with verified product image,Estimated – verify with supplier,,,Nigeria/Imported,2026-08-10,"Stage catalogue item; verify exact pack, image and supplier price before live sale."
Kellogg's Corn Flakes 1kg,Kellogg's,grains,Corn Flakes,BS-KELLOGG--CORN-FLAKES-1KG-0093,false,,,,1kg,item,2750,0.16,3200,0,5,assets/rice.jpg,Kellogg's Corn Flakes 1kg Nigeria product pack,Category placeholder – replace with verified product image,Estimated – verify with supplier,,,Nigeria/Imported,2026-08-10,"Stage catalogue item; verify exact pack, image and supplier price before live sale."
Checkers Custard Vanilla 500g,Checkers,grains,Custard Vanilla,BS-CHECKERS-CUSTARD-VANI-500G-0094,false,,,,500g,item,600,0.16,700,0,5,assets/rice.jpg,Checkers Custard Vanilla 500g Nigeria product pack,Category placeholder – replace with verified product image,Estimated – verify with supplier,,,Nigeria/Imported,2026-08-10,"Stage catalogue item; verify exact pack, image and supplier price before live sale."
Checkers Custard Vanilla 1kg,Checkers,grains,Custard Vanilla,BS-CHECKERS-CUSTARD-VANI-1KG-0095,false,,,,1kg,item,1100,0.16,1300,0,5,assets/rice.jpg,Checkers Custard Vanilla 1kg Nigeria product pack,Category placeholder – replace with verified product image,Estimated – verify with supplier,,,Nigeria/Imported,2026-08-10,"Stage catalogue item; verify exact pack, image and supplier price before live sale."
Checkers Custard Vanilla 2kg,Checkers,grains,Custard Vanilla,BS-CHECKERS-CUSTARD-VANI-2KG-0096,false,,,,2kg,item,2350,0.16,2750,0,5,assets/rice.jpg,Checkers Custard Vanilla 2kg Nigeria product pack,Category placeholder – replace with verified product image,Estimated – verify with supplier,,,Nigeria/Imported,2026-08-10,"Stage catalogue item; verify exact pack, image and supplier price before live sale."
Bird's Custard Vanilla 450g,Bird's,grains,Custard Vanilla,BS-BIRD-S-CUSTARD-VANI-450G-0097,false,,,,450g,item,750,0.16,850,0,5,assets/rice.jpg,Bird's Custard Vanilla 450g Nigeria product pack,Category placeholder – replace with verified product image,Estimated – verify with supplier,,,Nigeria/Imported,2026-08-10,"Stage catalogue item; verify exact pack, image and supplier price before live sale."
Bird's Custard Vanilla 1kg,Bird's,grains,Custard Vanilla,BS-BIRD-S-CUSTARD-VANI-1KG-0098,false,,,,1kg,item,1500,0.16,1750,0,5,assets/rice.jpg,Bird's Custard Vanilla 1kg Nigeria product pack,Category placeholder – replace with verified product image,Estimated – verify with supplier,,,Nigeria/Imported,2026-08-10,"Stage catalogue item; verify exact pack, image and supplier price before live sale."
Golden Penny Flour 1kg,Golden Penny,grains,Flour,BS-GOLDEN-P-FLOUR-1KG-0099,false,,,,1kg,item,950,0.16,1100,0,5,assets/rice.jpg,Golden Penny Flour 1kg Nigeria product pack,Category placeholder – replace with verified product image,Estimated – verify with supplier,,,Nigeria/Imported,2026-08-10,"Stage catalogue item; verify exact pack, image and supplier price before live sale."
Golden Penny Flour 2kg,Golden Penny,grains,Flour,BS-GOLDEN-P-FLOUR-2KG-0100,false,,,,2kg,item,1850,0.16,2150,0,5,assets/rice.jpg,Golden Penny Flour 2kg Nigeria product pack,Category placeholder – replace with verified product image,Estimated – verify with supplier,,,Nigeria/Imported,2026-08-10,"Stage catalogue item; verify exact pack, image and supplier price before live sale."
Golden Penny Flour 5kg,Golden Penny,grains,Flour,BS-GOLDEN-P-FLOUR-5KG-0101,false,,,,5kg,item,3900,0.16,4500,0,5,assets/rice.jpg,Golden Penny Flour 5kg Nigeria product pack,Category placeholder – replace with verified product image,Estimated – verify with supplier,,,Nigeria/Imported,2026-08-10,"Stage catalogue item; verify exact pack, image and supplier price before live sale."
Golden Penny Flour 10kg,Golden Penny,grains,Flour,BS-GOLDEN-P-FLOUR-10KG-0102,false,,,,10kg,item,8900,0.16,10300,0,5,assets/rice.jpg,Golden Penny Flour 10kg Nigeria product pack,Category placeholder – replace with verified product image,Estimated – verify with supplier,,,Nigeria/Imported,2026-08-10,"Stage catalogue item; verify exact pack, image and supplier price before live sale."
Golden Penny Flour 25kg,Golden Penny,grains,Flour,BS-GOLDEN-P-FLOUR-25KG-0103,false,,,,25kg,item,22150,0.16,25700,0,5,assets/rice.jpg,Golden Penny Flour 25kg Nigeria product pack,Category placeholder – replace with verified product image,Estimated – verify with supplier,,,Nigeria/Imported,2026-08-10,"Stage catalogue item; verify exact pack, image and supplier price before live sale."
Golden Penny Flour 50kg,Golden Penny,grains,Flour,BS-GOLDEN-P-FLOUR-50KG-0104,false,,,,50kg,item,43200,0.16,50100,0,5,assets/rice.jpg,Golden Penny Flour 50kg Nigeria product pack,Category placeholder – replace with verified product image,Estimated – verify with supplier,,,Nigeria/Imported,2026-08-10,"Stage catalogue item; verify exact pack, image and supplier price before live sale."
Honeywell Flour 1kg,Honeywell,grains,Flour,BS-HONEYWEL-FLOUR-1KG-0105,false,,,,1kg,item,850,0.16,1000,0,5,assets/rice.jpg,Honeywell Flour 1kg Nigeria product pack,Category placeholder – replace with verified product image,Estimated – verify with supplier,,,Nigeria/Imported,2026-08-10,"Stage catalogue item; verify exact pack, image and supplier price before live sale."
Honeywell Flour 2kg,Honeywell,grains,Flour,BS-HONEYWEL-FLOUR-2KG-0106,false,,,,2kg,item,1800,0.16,2100,0,5,assets/rice.jpg,Honeywell Flour 2kg Nigeria product pack,Category placeholder – replace with verified product image,Estimated – verify with supplier,,,Nigeria/Imported,2026-08-10,"Stage catalogue item; verify exact pack, image and supplier price before live sale."
Honeywell Flour 5kg,Honeywell,grains,Flour,BS-HONEYWEL-FLOUR-5KG-0107,false,,,,5kg,item,4100,0.16,4750,0,5,assets/rice.jpg,Honeywell Flour 5kg Nigeria product pack,Category placeholder – replace with verified product image,Estimated – verify with supplier,,,Nigeria/Imported,2026-08-10,"Stage catalogue item; verify exact pack, image and supplier price before live sale."
Honeywell Flour 10kg,Honeywell,grains,Flour,BS-HONEYWEL-FLOUR-10KG-0108,false,,,,10kg,item,8700,0.16,10100,0,5,assets/rice.jpg,Honeywell Flour 10kg Nigeria product pack,Category placeholder – replace with verified product image,Estimated – verify with supplier,,,Nigeria/Imported,2026-08-10,"Stage catalogue item; verify exact pack, image and supplier price before live sale."
Honeywell Flour 25kg,Honeywell,grains,Flour,BS-HONEYWEL-FLOUR-25KG-0109,false,,,,25kg,item,21800,0.16,25300,0,5,assets/rice.jpg,Honeywell Flour 25kg Nigeria product pack,Category placeholder – replace with verified product image,Estimated – verify with supplier,,,Nigeria/Imported,2026-08-10,"Stage catalogue item; verify exact pack, image and supplier price before live sale."
Honeywell Flour 50kg,Honeywell,grains,Flour,BS-HONEYWEL-FLOUR-50KG-0110,false,,,,50kg,item,47500,0.16,55100,0,5,assets/rice.jpg,Honeywell Flour 50kg Nigeria product pack,Category placeholder – replace with verified product image,Estimated – verify with supplier,,,Nigeria/Imported,2026-08-10,"Stage catalogue item; verify exact pack, image and supplier price before live sale."
Dangote Sugar 500g,Dangote,grains,Sugar,BS-DANGOTE-SUGAR-500G-0111,false,,,,500g,item,500,0.16,600,0,5,assets/rice.jpg,Dangote Sugar 500g Nigeria product pack,Category placeholder – replace with verified product image,Estimated – verify with supplier,,,Nigeria/Imported,2026-08-10,"Stage catalogue item; verify exact pack, image and supplier price before live sale."
Dangote Sugar 1kg,Dangote,grains,Sugar,BS-DANGOTE-SUGAR-1KG-0112,false,,,,1kg,item,900,0.16,1050,0,5,assets/rice.jpg,Dangote Sugar 1kg Nigeria product pack,Category placeholder – replace with verified product image,Estimated – verify with supplier,,,Nigeria/Imported,2026-08-10,"Stage catalogue item; verify exact pack, image and supplier price before live sale."
Dangote Sugar 2kg,Dangote,grains,Sugar,BS-DANGOTE-SUGAR-2KG-0113,false,,,,2kg,item,1900,0.16,2200,0,5,assets/rice.jpg,Dangote Sugar 2kg Nigeria product pack,Category placeholder – replace with verified product image,Estimated – verify with supplier,,,Nigeria/Imported,2026-08-10,"Stage catalogue item; verify exact pack, image and supplier price before live sale."
Dangote Sugar 5kg,Dangote,grains,Sugar,BS-DANGOTE-SUGAR-5KG-0114,false,,,,5kg,item,4500,0.16,5200,0,5,assets/rice.jpg,Dangote Sugar 5kg Nigeria product pack,Category placeholder – replace with verified product image,Estimated – verify with supplier,,,Nigeria/Imported,2026-08-10,"Stage catalogue item; verify exact pack, image and supplier price before live sale."
Dangote Sugar 10kg,Dangote,grains,Sugar,BS-DANGOTE-SUGAR-10KG-0115,false,,,,10kg,item,10300,0.16,11950,0,5,assets/rice.jpg,Dangote Sugar 10kg Nigeria product pack,Category placeholder – replace with verified product image,Estimated – verify with supplier,,,Nigeria/Imported,2026-08-10,"Stage catalogue item; verify exact pack, image and supplier price before live sale."
Dangote Sugar 25kg,Dangote,grains,Sugar,BS-DANGOTE-SUGAR-25KG-0116,false,,,,25kg,item,25550,0.16,29650,0,5,assets/rice.jpg,Dangote Sugar 25kg Nigeria product pack,Category placeholder – replace with verified product image,Estimated – verify with supplier,,,Nigeria/Imported,2026-08-10,"Stage catalogue item; verify exact pack, image and supplier price before live sale."
Dangote Sugar 50kg,Dangote,grains,Sugar,BS-DANGOTE-SUGAR-50KG-0117,false,,,,50kg,item,46250,0.16,53650,0,5,assets/rice.jpg,Dangote Sugar 50kg Nigeria product pack,Category placeholder – replace with verified product image,Estimated – verify with supplier,,,Nigeria/Imported,2026-08-10,"Stage catalogue item; verify exact pack, image and supplier price before live sale."
BUA Sugar 500g,BUA,grains,Sugar,BS-BUA-SUGAR-500G-0118,false,,,,500g,item,500,0.16,600,0,5,assets/rice.jpg,BUA Sugar 500g Nigeria product pack,Category placeholder – replace with verified product image,Estimated – verify with supplier,,,Nigeria/Imported,2026-08-10,"Stage catalogue item; verify exact pack, image and supplier price before live sale."
BUA Sugar 1kg,BUA,grains,Sugar,BS-BUA-SUGAR-1KG-0119,false,,,,1kg,item,950,0.16,1100,0,5,assets/rice.jpg,BUA Sugar 1kg Nigeria product pack,Category placeholder – replace with verified product image,Estimated – verify with supplier,,,Nigeria/Imported,2026-08-10,"Stage catalogue item; verify exact pack, image and supplier price before live sale."
BUA Sugar 2kg,BUA,grains,Sugar,BS-BUA-SUGAR-2KG-0120,false,,,,2kg,item,1750,0.16,2050,0,5,assets/rice.jpg,BUA Sugar 2kg Nigeria product pack,Category placeholder – replace with verified product image,Estimated – verify with supplier,,,Nigeria/Imported,2026-08-10,"Stage catalogue item; verify exact pack, image and supplier price before live sale."
BUA Sugar 5kg,BUA,grains,Sugar,BS-BUA-SUGAR-5KG-0121,false,,,,5kg,item,4900,0.16,5700,0,5,assets/rice.jpg,BUA Sugar 5kg Nigeria product pack,Category placeholder – replace with verified product image,Estimated – verify with supplier,,,Nigeria/Imported,2026-08-10,"Stage catalogue item; verify exact pack, image and supplier price before live sale."
BUA Sugar 10kg,BUA,grains,Sugar,BS-BUA-SUGAR-10KG-0122,false,,,,10kg,item,9450,0.16,10950,0,5,assets/rice.jpg,BUA Sugar 10kg Nigeria product pack,Category placeholder – replace with verified product image,Estimated – verify with supplier,,,Nigeria/Imported,2026-08-10,"Stage catalogue item; verify exact pack, image and supplier price before live sale."
BUA Sugar 25kg,BUA,grains,Sugar,BS-BUA-SUGAR-25KG-0123,false,,,,25kg,item,24650,0.16,28600,0,5,assets/rice.jpg,BUA Sugar 25kg Nigeria product pack,Category placeholder – replace with verified product image,Estimated – verify with supplier,,,Nigeria/Imported,2026-08-10,"Stage catalogue item; verify exact pack, image and supplier price before live sale."
BUA Sugar 50kg,BUA,grains,Sugar,BS-BUA-SUGAR-50KG-0124,false,,,,50kg,item,47200,0.16,54750,0,5,assets/rice.jpg,BUA Sugar 50kg Nigeria product pack,Category placeholder – replace with verified product image,Estimated – verify with supplier,,,Nigeria/Imported,2026-08-10,"Stage catalogue item; verify exact pack, image and supplier price before live sale."
Devon King's Vegetable Oil 500ml,Devon King's,oil,Vegetable Oil,BS-DEVON-KI-VEGETABLE-OI-500ML-0125,false,,,,500ml,item,850,0.14,950,0,5,assets/vegetable-oil.jpg,Devon King's Vegetable Oil 500ml Nigeria product pack,Category placeholder – replace with verified product image,Estimated – verify with supplier,,,Nigeria/Imported,2026-08-10,"Stage catalogue item; verify exact pack, image and supplier price before live sale."
Devon King's Vegetable Oil 1L,Devon King's,oil,Vegetable Oil,BS-DEVON-KI-VEGETABLE-OI-1L-0126,false,,,,1L,item,1750,0.14,2000,0,5,assets/vegetable-oil.jpg,Devon King's Vegetable Oil 1L Nigeria product pack,Category placeholder – replace with verified product image,Estimated – verify with supplier,,,Nigeria/Imported,2026-08-10,"Stage catalogue item; verify exact pack, image and supplier price before live sale."
Devon King's Vegetable Oil 2L,Devon King's,oil,Vegetable Oil,BS-DEVON-KI-VEGETABLE-OI-2L-0127,false,,,,2L,item,3300,0.14,3750,0,5,assets/vegetable-oil.jpg,Devon King's Vegetable Oil 2L Nigeria product pack,Category placeholder – replace with verified product image,Estimated – verify with supplier,,,Nigeria/Imported,2026-08-10,"Stage catalogue item; verify exact pack, image and supplier price before live sale."
Devon King's Vegetable Oil 3L,Devon King's,oil,Vegetable Oil,BS-DEVON-KI-VEGETABLE-OI-3L-0128,false,,,,3L,item,5850,0.14,6650,0,5,assets/vegetable-oil.jpg,Devon King's Vegetable Oil 3L Nigeria product pack,Category placeholder – replace with verified product image,Estimated – verify with supplier,,,Nigeria/Imported,2026-08-10,"Stage catalogue item; verify exact pack, image and supplier price before live sale."
Devon King's Vegetable Oil 5L,Devon King's,oil,Vegetable Oil,BS-DEVON-KI-VEGETABLE-OI-5L-0129,false,,,,5L,item,9700,0.14,11050,0,5,assets/vegetable-oil.jpg,Devon King's Vegetable Oil 5L Nigeria product pack,Category placeholder – replace with verified product image,Estimated – verify with supplier,,,Nigeria/Imported,2026-08-10,"Stage catalogue item; verify exact pack, image and supplier price before live sale."
Devon King's Vegetable Oil 25L,Devon King's,oil,Vegetable Oil,BS-DEVON-KI-VEGETABLE-OI-25L-0130,false,,,,25L,item,48150,0.14,54900,0,5,assets/vegetable-oil.jpg,Devon King's Vegetable Oil 25L Nigeria product pack,Category placeholder – replace with verified product image,Estimated – verify with supplier,,,Nigeria/Imported,2026-08-10,"Stage catalogue item; verify exact pack, image and supplier price before live sale."
Power Oil Vegetable Oil 500ml,Power Oil,oil,Vegetable Oil,BS-POWER-OI-VEGETABLE-OI-500ML-0131,false,,,,500ml,item,950,0.14,1100,0,5,assets/vegetable-oil.jpg,Power Oil Vegetable Oil 500ml Nigeria product pack,Category placeholder – replace with verified product image,Estimated – verify with supplier,,,Nigeria/Imported,2026-08-10,"Stage catalogue item; verify exact pack, image and supplier price before live sale."
Power Oil Vegetable Oil 750ml,Power Oil,oil,Vegetable Oil,BS-POWER-OI-VEGETABLE-OI-750ML-0132,false,,,,750ml,item,1350,0.14,1550,0,5,assets/vegetable-oil.jpg,Power Oil Vegetable Oil 750ml Nigeria product pack,Category placeholder – replace with verified product image,Estimated – verify with supplier,,,Nigeria/Imported,2026-08-10,"Stage catalogue item; verify exact pack, image and supplier price before live sale."
Power Oil Vegetable Oil 1L,Power Oil,oil,Vegetable Oil,BS-POWER-OI-VEGETABLE-OI-1L-0133,false,,,,1L,item,2050,0.14,2350,0,5,assets/vegetable-oil.jpg,Power Oil Vegetable Oil 1L Nigeria product pack,Category placeholder – replace with verified product image,Estimated – verify with supplier,,,Nigeria/Imported,2026-08-10,"Stage catalogue item; verify exact pack, image and supplier price before live sale."
Power Oil Vegetable Oil 2L,Power Oil,oil,Vegetable Oil,BS-POWER-OI-VEGETABLE-OI-2L-0134,false,,,,2L,item,4150,0.14,4750,0,5,assets/vegetable-oil.jpg,Power Oil Vegetable Oil 2L Nigeria product pack,Category placeholder – replace with verified product image,Estimated – verify with supplier,,,Nigeria/Imported,2026-08-10,"Stage catalogue item; verify exact pack, image and supplier price before live sale."
Power Oil Vegetable Oil 3L,Power Oil,oil,Vegetable Oil,BS-POWER-OI-VEGETABLE-OI-3L-0135,false,,,,3L,item,5350,0.14,6100,0,5,assets/vegetable-oil.jpg,Power Oil Vegetable Oil 3L Nigeria product pack,Category placeholder – replace with verified product image,Estimated – verify with supplier,,,Nigeria/Imported,2026-08-10,"Stage catalogue item; verify exact pack, image and supplier price before live sale."
Power Oil Vegetable Oil 5L,Power Oil,oil,Vegetable Oil,BS-POWER-OI-VEGETABLE-OI-5L-0136,false,,,,5L,item,9550,0.14,10900,0,5,assets/vegetable-oil.jpg,Power Oil Vegetable Oil 5L Nigeria product pack,Category placeholder – replace with verified product image,Estimated – verify with supplier,,,Nigeria/Imported,2026-08-10,"Stage catalogue item; verify exact pack, image and supplier price before live sale."
Mamador Vegetable Oil 500ml,Mamador,oil,Vegetable Oil,BS-MAMADOR-VEGETABLE-OI-500ML-0137,false,,,,500ml,item,900,0.14,1050,0,5,assets/vegetable-oil.jpg,Mamador Vegetable Oil 500ml Nigeria product pack,Category placeholder – replace with verified product image,Estimated – verify with supplier,,,Nigeria/Imported,2026-08-10,"Stage catalogue item; verify exact pack, image and supplier price before live sale."
Mamador Vegetable Oil 1L,Mamador,oil,Vegetable Oil,BS-MAMADOR-VEGETABLE-OI-1L-0138,false,,,,1L,item,2050,0.14,2350,0,5,assets/vegetable-oil.jpg,Mamador Vegetable Oil 1L Nigeria product pack,Category placeholder – replace with verified product image,Estimated – verify with supplier,,,Nigeria/Imported,2026-08-10,"Stage catalogue item; verify exact pack, image and supplier price before live sale."
Mamador Vegetable Oil 2L,Mamador,oil,Vegetable Oil,BS-MAMADOR-VEGETABLE-OI-2L-0139,false,,,,2L,item,4150,0.14,4750,0,5,assets/vegetable-oil.jpg,Mamador Vegetable Oil 2L Nigeria product pack,Category placeholder – replace with verified product image,Estimated – verify with supplier,,,Nigeria/Imported,2026-08-10,"Stage catalogue item; verify exact pack, image and supplier price before live sale."
Mamador Vegetable Oil 3L,Mamador,oil,Vegetable Oil,BS-MAMADOR-VEGETABLE-OI-3L-0140,false,,,,3L,item,5500,0.14,6250,0,5,assets/vegetable-oil.jpg,Mamador Vegetable Oil 3L Nigeria product pack,Category placeholder – replace with verified product image,Estimated – verify with supplier,,,Nigeria/Imported,2026-08-10,"Stage catalogue item; verify exact pack, image and supplier price before live sale."
Mamador Vegetable Oil 4L,Mamador,oil,Vegetable Oil,BS-MAMADOR-VEGETABLE-OI-4L-0141,false,,,,4L,item,7850,0.14,8950,0,5,assets/vegetable-oil.jpg,Mamador Vegetable Oil 4L Nigeria product pack,Category placeholder – replace with verified product image,Estimated – verify with supplier,,,Nigeria/Imported,2026-08-10,"Stage catalogue item; verify exact pack, image and supplier price before live sale."
Mamador Vegetable Oil 5L,Mamador,oil,Vegetable Oil,BS-MAMADOR-VEGETABLE-OI-5L-0142,false,,,,5L,item,9950,0.14,11350,0,5,assets/vegetable-oil.jpg,Mamador Vegetable Oil 5L Nigeria product pack,Category placeholder – replace with verified product image,Estimated – verify with supplier,,,Nigeria/Imported,2026-08-10,"Stage catalogue item; verify exact pack, image and supplier price before live sale."
Kings Vegetable Oil 500ml,Kings,oil,Vegetable Oil,BS-KINGS-VEGETABLE-OI-500ML-0143,false,,,,500ml,item,850,0.14,950,0,5,assets/vegetable-oil.jpg,Kings Vegetable Oil 500ml Nigeria product pack,Category placeholder – replace with verified product image,Estimated – verify with supplier,,,Nigeria/Imported,2026-08-10,"Stage catalogue item; verify exact pack, image and supplier price before live sale."
Kings Vegetable Oil 1L,Kings,oil,Vegetable Oil,BS-KINGS-VEGETABLE-OI-1L-0144,false,,,,1L,item,1900,0.14,2150,0,5,assets/vegetable-oil.jpg,Kings Vegetable Oil 1L Nigeria product pack,Category placeholder – replace with verified product image,Estimated – verify with supplier,,,Nigeria/Imported,2026-08-10,"Stage catalogue item; verify exact pack, image and supplier price before live sale."
Kings Vegetable Oil 2L,Kings,oil,Vegetable Oil,BS-KINGS-VEGETABLE-OI-2L-0145,false,,,,2L,item,3500,0.14,4000,0,5,assets/vegetable-oil.jpg,Kings Vegetable Oil 2L Nigeria product pack,Category placeholder – replace with verified product image,Estimated – verify with supplier,,,Nigeria/Imported,2026-08-10,"Stage catalogue item; verify exact pack, image and supplier price before live sale."
Kings Vegetable Oil 3L,Kings,oil,Vegetable Oil,BS-KINGS-VEGETABLE-OI-3L-0146,false,,,,3L,item,5050,0.14,5750,0,5,assets/vegetable-oil.jpg,Kings Vegetable Oil 3L Nigeria product pack,Category placeholder – replace with verified product image,Estimated – verify with supplier,,,Nigeria/Imported,2026-08-10,"Stage catalogue item; verify exact pack, image and supplier price before live sale."
Kings Vegetable Oil 5L,Kings,oil,Vegetable Oil,BS-KINGS-VEGETABLE-OI-5L-0147,false,,,,5L,item,8900,0.14,10150,0,5,assets/vegetable-oil.jpg,Kings Vegetable Oil 5L Nigeria product pack,Category placeholder – replace with verified product image,Estimated – verify with supplier,,,Nigeria/Imported,2026-08-10,"Stage catalogue item; verify exact pack, image and supplier price before live sale."
Palm Oil 500ml,Generic,oil,Palm Oil,BS-GENERIC-PALM-OIL-500ML-0148,false,,,,500ml,item,900,0.14,1050,0,5,assets/vegetable-oil.jpg,Generic Palm Oil 500ml Nigeria product pack,Category placeholder – replace with verified product image,Estimated – verify with supplier,,,Nigeria/Imported,2026-08-10,"Stage catalogue item; verify exact pack, image and supplier price before live sale."
Palm Oil 1L,Generic,oil,Palm Oil,BS-GENERIC-PALM-OIL-1L-0149,false,,,,1L,item,1650,0.14,1900,0,5,assets/vegetable-oil.jpg,Generic Palm Oil 1L Nigeria product pack,Category placeholder – replace with verified product image,Estimated – verify with supplier,,,Nigeria/Imported,2026-08-10,"Stage catalogue item; verify exact pack, image and supplier price before live sale."
Palm Oil 2L,Generic,oil,Palm Oil,BS-GENERIC-PALM-OIL-2L-0150,false,,,,2L,item,3300,0.14,3750,0,5,assets/vegetable-oil.jpg,Generic Palm Oil 2L Nigeria product pack,Category placeholder – replace with verified product image,Estimated – verify with supplier,,,Nigeria/Imported,2026-08-10,"Stage catalogue item; verify exact pack, image and supplier price before live sale."
Palm Oil 4L,Generic,oil,Palm Oil,BS-GENERIC-PALM-OIL-4L-0151,false,,,,4L,item,7450,0.14,8500,0,5,assets/vegetable-oil.jpg,Generic Palm Oil 4L Nigeria product pack,Category placeholder – replace with verified product image,Estimated – verify with supplier,,,Nigeria/Imported,2026-08-10,"Stage catalogue item; verify exact pack, image and supplier price before live sale."
Palm Oil 5L,Generic,oil,Palm Oil,BS-GENERIC-PALM-OIL-5L-0152,false,,,,5L,item,8800,0.14,10050,0,5,assets/vegetable-oil.jpg,Generic Palm Oil 5L Nigeria product pack,Category placeholder – replace with verified product image,Estimated – verify with supplier,,,Nigeria/Imported,2026-08-10,"Stage catalogue item; verify exact pack, image and supplier price before live sale."
Palm Oil 25L,Generic,oil,Palm Oil,BS-GENERIC-PALM-OIL-25L-0153,false,,,,25L,item,42450,0.14,48400,0,5,assets/vegetable-oil.jpg,Generic Palm Oil 25L Nigeria product pack,Category placeholder – replace with verified product image,Estimated – verify with supplier,,,Nigeria/Imported,2026-08-10,"Stage catalogue item; verify exact pack, image and supplier price before live sale."
Blue Band Margarine 250g,Blue Band,oil,Margarine,BS-BLUE-BAN-MARGARINE-250G-0154,false,,,,250g,item,400,0.14,450,0,5,assets/vegetable-oil.jpg,Blue Band Margarine 250g Nigeria product pack,Category placeholder – replace with verified product image,Estimated – verify with supplier,,,Nigeria/Imported,2026-08-10,"Stage catalogue item; verify exact pack, image and supplier price before live sale."
Blue Band Margarine 500g,Blue Band,oil,Margarine,BS-BLUE-BAN-MARGARINE-500G-0155,false,,,,500g,item,750,0.14,850,0,5,assets/vegetable-oil.jpg,Blue Band Margarine 500g Nigeria product pack,Category placeholder – replace with verified product image,Estimated – verify with supplier,,,Nigeria/Imported,2026-08-10,"Stage catalogue item; verify exact pack, image and supplier price before live sale."
Blue Band Margarine 900g,Blue Band,oil,Margarine,BS-BLUE-BAN-MARGARINE-900G-0156,false,,,,900g,item,1400,0.14,1600,0,5,assets/vegetable-oil.jpg,Blue Band Margarine 900g Nigeria product pack,Category placeholder – replace with verified product image,Estimated – verify with supplier,,,Nigeria/Imported,2026-08-10,"Stage catalogue item; verify exact pack, image and supplier price before live sale."
President Butter 200g,President,oil,Butter,BS-PRESIDEN-BUTTER-200G-0157,false,,,,200g,item,800,0.14,900,0,5,assets/vegetable-oil.jpg,President Butter 200g Nigeria product pack,Category placeholder – replace with verified product image,Estimated – verify with supplier,,,Nigeria/Imported,2026-08-10,"Stage catalogue item; verify exact pack, image and supplier price before live sale."
President Butter 250g,President,oil,Butter,BS-PRESIDEN-BUTTER-250G-0158,false,,,,250g,item,1100,0.14,1250,0,5,assets/vegetable-oil.jpg,President Butter 250g Nigeria product pack,Category placeholder – replace with verified product image,Estimated – verify with supplier,,,Nigeria/Imported,2026-08-10,"Stage catalogue item; verify exact pack, image and supplier price before live sale."
President Butter 500g,President,oil,Butter,BS-PRESIDEN-BUTTER-500G-0159,false,,,,500g,item,2000,0.14,2300,0,5,assets/vegetable-oil.jpg,President Butter 500g Nigeria product pack,Category placeholder – replace with verified product image,Estimated – verify with supplier,,,Nigeria/Imported,2026-08-10,"Stage catalogue item; verify exact pack, image and supplier price before live sale."
Maggi Seasoning Cubes Chicken 100g,Maggi,spices,Seasoning Cubes Chicken,BS-MAGGI-SEASONING-CU-100G-0160,false,,,,100g,item,150,0.22,200,0,5,assets/tomato-paste.jpg,Maggi Seasoning Cubes Chicken 100g Nigeria product pack,Category placeholder – replace with verified product image,Estimated – verify with supplier,,,Nigeria/Imported,2026-08-10,"Stage catalogue item; verify exact pack, image and supplier price before live sale."
Maggi Seasoning Cubes Chicken 400g,Maggi,spices,Seasoning Cubes Chicken,BS-MAGGI-SEASONING-CU-400G-0161,false,,,,400g,item,450,0.22,550,0,5,assets/tomato-paste.jpg,Maggi Seasoning Cubes Chicken 400g Nigeria product pack,Category placeholder – replace with verified product image,Estimated – verify with supplier,,,Nigeria/Imported,2026-08-10,"Stage catalogue item; verify exact pack, image and supplier price before live sale."
Maggi Seasoning Cubes Chicken 1kg,Maggi,spices,Seasoning Cubes Chicken,BS-MAGGI-SEASONING-CU-1KG-0162,false,,,,1kg,item,1250,0.22,1500,0,5,assets/tomato-paste.jpg,Maggi Seasoning Cubes Chicken 1kg Nigeria product pack,Category placeholder – replace with verified product image,Estimated – verify with supplier,,,Nigeria/Imported,2026-08-10,"Stage catalogue item; verify exact pack, image and supplier price before live sale."
Knorr Seasoning Cubes Chicken 100g,Knorr,spices,Seasoning Cubes Chicken,BS-KNORR-SEASONING-CU-100G-0163,false,,,,100g,item,150,0.22,200,0,5,assets/tomato-paste.jpg,Knorr Seasoning Cubes Chicken 100g Nigeria product pack,Category placeholder – replace with verified product image,Estimated – verify with supplier,,,Nigeria/Imported,2026-08-10,"Stage catalogue item; verify exact pack, image and supplier price before live sale."
Knorr Seasoning Cubes Chicken 400g,Knorr,spices,Seasoning Cubes Chicken,BS-KNORR-SEASONING-CU-400G-0164,false,,,,400g,item,550,0.22,650,0,5,assets/tomato-paste.jpg,Knorr Seasoning Cubes Chicken 400g Nigeria product pack,Category placeholder – replace with verified product image,Estimated – verify with supplier,,,Nigeria/Imported,2026-08-10,"Stage catalogue item; verify exact pack, image and supplier price before live sale."
Knorr Seasoning Cubes Chicken 1kg,Knorr,spices,Seasoning Cubes Chicken,BS-KNORR-SEASONING-CU-1KG-0165,false,,,,1kg,item,1400,0.22,1700,0,5,assets/tomato-paste.jpg,Knorr Seasoning Cubes Chicken 1kg Nigeria product pack,Category placeholder – replace with verified product image,Estimated – verify with supplier,,,Nigeria/Imported,2026-08-10,"Stage catalogue item; verify exact pack, image and supplier price before live sale."
Onga Seasoning Powder 50g,Onga,spices,Seasoning Powder,BS-ONGA-SEASONING-PO-50G-0166,false,,,,50g,item,150,0.22,200,0,5,assets/tomato-paste.jpg,Onga Seasoning Powder 50g Nigeria product pack,Category placeholder – replace with verified product image,Estimated – verify with supplier,,,Nigeria/Imported,2026-08-10,"Stage catalogue item; verify exact pack, image and supplier price before live sale."
Onga Seasoning Powder 100g,Onga,spices,Seasoning Powder,BS-ONGA-SEASONING-PO-100G-0167,false,,,,100g,item,150,0.22,200,0,5,assets/tomato-paste.jpg,Onga Seasoning Powder 100g Nigeria product pack,Category placeholder – replace with verified product image,Estimated – verify with supplier,,,Nigeria/Imported,2026-08-10,"Stage catalogue item; verify exact pack, image and supplier price before live sale."
Onga Seasoning Powder 400g,Onga,spices,Seasoning Powder,BS-ONGA-SEASONING-PO-400G-0168,false,,,,400g,item,250,0.22,300,0,5,assets/tomato-paste.jpg,Onga Seasoning Powder 400g Nigeria product pack,Category placeholder – replace with verified product image,Estimated – verify with supplier,,,Nigeria/Imported,2026-08-10,"Stage catalogue item; verify exact pack, image and supplier price before live sale."
Lion Curry Powder 50g,Lion,spices,Curry Powder,BS-LION-CURRY-POWDER-50G-0169,false,,,,50g,item,150,0.22,200,0,5,assets/tomato-paste.jpg,Lion Curry Powder 50g Nigeria product pack,Category placeholder – replace with verified product image,Estimated – verify with supplier,,,Nigeria/Imported,2026-08-10,"Stage catalogue item; verify exact pack, image and supplier price before live sale."
Lion Curry Powder 100g,Lion,spices,Curry Powder,BS-LION-CURRY-POWDER-100G-0170,false,,,,100g,item,150,0.22,200,0,5,assets/tomato-paste.jpg,Lion Curry Powder 100g Nigeria product pack,Category placeholder – replace with verified product image,Estimated – verify with supplier,,,Nigeria/Imported,2026-08-10,"Stage catalogue item; verify exact pack, image and supplier price before live sale."
Lion Curry Powder 250g,Lion,spices,Curry Powder,BS-LION-CURRY-POWDER-250G-0171,false,,,,250g,item,150,0.22,200,0,5,assets/tomato-paste.jpg,Lion Curry Powder 250g Nigeria product pack,Category placeholder – replace with verified product image,Estimated – verify with supplier,,,Nigeria/Imported,2026-08-10,"Stage catalogue item; verify exact pack, image and supplier price before live sale."
Lion Thyme 20g,Lion,spices,Thyme,BS-LION-THYME-20G-0172,false,,,,20g,item,150,0.22,200,0,5,assets/tomato-paste.jpg,Lion Thyme 20g Nigeria product pack,Category placeholder – replace with verified product image,Estimated – verify with supplier,,,Nigeria/Imported,2026-08-10,"Stage catalogue item; verify exact pack, image and supplier price before live sale."
Lion Thyme 50g,Lion,spices,Thyme,BS-LION-THYME-50G-0173,false,,,,50g,item,150,0.22,200,0,5,assets/tomato-paste.jpg,Lion Thyme 50g Nigeria product pack,Category placeholder – replace with verified product image,Estimated – verify with supplier,,,Nigeria/Imported,2026-08-10,"Stage catalogue item; verify exact pack, image and supplier price before live sale."
Lion Thyme 100g,Lion,spices,Thyme,BS-LION-THYME-100G-0174,false,,,,100g,item,150,0.22,200,0,5,assets/tomato-paste.jpg,Lion Thyme 100g Nigeria product pack,Category placeholder – replace with verified product image,Estimated – verify with supplier,,,Nigeria/Imported,2026-08-10,"Stage catalogue item; verify exact pack, image and supplier price before live sale."
Gino Tomato Paste 70g,Gino,spices,Tomato Paste,BS-GINO-TOMATO-PASTE-70G-0175,false,,,,70g,item,150,0.22,200,0,5,assets/tomato-paste.jpg,Gino Tomato Paste 70g Nigeria product pack,Category placeholder – replace with verified product image,Estimated – verify with supplier,,,Nigeria/Imported,2026-08-10,"Stage catalogue item; verify exact pack, image and supplier price before live sale."
Gino Tomato Paste 210g,Gino,spices,Tomato Paste,BS-GINO-TOMATO-PASTE-210G-0176,false,,,,210g,item,150,0.22,200,0,5,assets/tomato-paste.jpg,Gino Tomato Paste 210g Nigeria product pack,Category placeholder – replace with verified product image,Estimated – verify with supplier,,,Nigeria/Imported,2026-08-10,"Stage catalogue item; verify exact pack, image and supplier price before live sale."
Gino Tomato Paste 400g,Gino,spices,Tomato Paste,BS-GINO-TOMATO-PASTE-400G-0177,false,,,,400g,item,150,0.22,200,0,5,assets/tomato-paste.jpg,Gino Tomato Paste 400g Nigeria product pack,Category placeholder – replace with verified product image,Estimated – verify with supplier,,,Nigeria/Imported,2026-08-10,"Stage catalogue item; verify exact pack, image and supplier price before live sale."
Gino Tomato Paste 850g,Gino,spices,Tomato Paste,BS-GINO-TOMATO-PASTE-850G-0178,false,,,,850g,item,300,0.22,350,0,5,assets/tomato-paste.jpg,Gino Tomato Paste 850g Nigeria product pack,Category placeholder – replace with verified product image,Estimated – verify with supplier,,,Nigeria/Imported,2026-08-10,"Stage catalogue item; verify exact pack, image and supplier price before live sale."
Gino Tomato Paste 70g x 50,Gino,spices,Tomato Paste,BS-GINO-TOMATO-PASTE-70G-X-50-0179,false,,,,70g x 50,item,1200,0.22,1450,0,5,assets/tomato-paste.jpg,Gino Tomato Paste 70g x 50 Nigeria product pack,Category placeholder – replace with verified product image,Estimated – verify with supplier,,,Nigeria/Imported,2026-08-10,"Stage catalogue item; verify exact pack, image and supplier price before live sale."
Tasty Tom Tomato Paste 70g,Tasty Tom,spices,Tomato Paste,BS-TASTY-TO-TOMATO-PASTE-70G-0180,false,,,,70g,item,150,0.22,200,0,5,assets/tomato-paste.jpg,Tasty Tom Tomato Paste 70g Nigeria product pack,Category placeholder – replace with verified product image,Estimated – verify with supplier,,,Nigeria/Imported,2026-08-10,"Stage catalogue item; verify exact pack, image and supplier price before live sale."
Tasty Tom Tomato Paste 210g,Tasty Tom,spices,Tomato Paste,BS-TASTY-TO-TOMATO-PASTE-210G-0181,false,,,,210g,item,150,0.22,200,0,5,assets/tomato-paste.jpg,Tasty Tom Tomato Paste 210g Nigeria product pack,Category placeholder – replace with verified product image,Estimated – verify with supplier,,,Nigeria/Imported,2026-08-10,"Stage catalogue item; verify exact pack, image and supplier price before live sale."
Tasty Tom Tomato Paste 400g,Tasty Tom,spices,Tomato Paste,BS-TASTY-TO-TOMATO-PASTE-400G-0182,false,,,,400g,item,150,0.22,200,0,5,assets/tomato-paste.jpg,Tasty Tom Tomato Paste 400g Nigeria product pack,Category placeholder – replace with verified product image,Estimated – verify with supplier,,,Nigeria/Imported,2026-08-10,"Stage catalogue item; verify exact pack, image and supplier price before live sale."
Tasty Tom Tomato Paste 850g,Tasty Tom,spices,Tomato Paste,BS-TASTY-TO-TOMATO-PASTE-850G-0183,false,,,,850g,item,350,0.22,450,0,5,assets/tomato-paste.jpg,Tasty Tom Tomato Paste 850g Nigeria product pack,Category placeholder – replace with verified product image,Estimated – verify with supplier,,,Nigeria/Imported,2026-08-10,"Stage catalogue item; verify exact pack, image and supplier price before live sale."
Tasty Tom Tomato Paste 70g x 50,Tasty Tom,spices,Tomato Paste,BS-TASTY-TO-TOMATO-PASTE-70G-X-50-0184,false,,,,70g x 50,item,1150,0.22,1400,0,5,assets/tomato-paste.jpg,Tasty Tom Tomato Paste 70g x 50 Nigeria product pack,Category placeholder – replace with verified product image,Estimated – verify with supplier,,,Nigeria/Imported,2026-08-10,"Stage catalogue item; verify exact pack, image and supplier price before live sale."
De Rica Tomato Paste 70g,De Rica,spices,Tomato Paste,BS-DE-RICA-TOMATO-PASTE-70G-0185,false,,,,70g,item,150,0.22,200,0,5,assets/tomato-paste.jpg,De Rica Tomato Paste 70g Nigeria product pack,Category placeholder – replace with verified product image,Estimated – verify with supplier,,,Nigeria/Imported,2026-08-10,"Stage catalogue item; verify exact pack, image and supplier price before live sale."
De Rica Tomato Paste 210g,De Rica,spices,Tomato Paste,BS-DE-RICA-TOMATO-PASTE-210G-0186,false,,,,210g,item,150,0.22,200,0,5,assets/tomato-paste.jpg,De Rica Tomato Paste 210g Nigeria product pack,Category placeholder – replace with verified product image,Estimated – verify with supplier,,,Nigeria/Imported,2026-08-10,"Stage catalogue item; verify exact pack, image and supplier price before live sale."
De Rica Tomato Paste 400g,De Rica,spices,Tomato Paste,BS-DE-RICA-TOMATO-PASTE-400G-0187,false,,,,400g,item,150,0.22,200,0,5,assets/tomato-paste.jpg,De Rica Tomato Paste 400g Nigeria product pack,Category placeholder – replace with verified product image,Estimated – verify with supplier,,,Nigeria/Imported,2026-08-10,"Stage catalogue item; verify exact pack, image and supplier price before live sale."
De Rica Tomato Paste 850g,De Rica,spices,Tomato Paste,BS-DE-RICA-TOMATO-PASTE-850G-0188,false,,,,850g,item,300,0.22,350,0,5,assets/tomato-paste.jpg,De Rica Tomato Paste 850g Nigeria product pack,Category placeholder – replace with verified product image,Estimated – verify with supplier,,,Nigeria/Imported,2026-08-10,"Stage catalogue item; verify exact pack, image and supplier price before live sale."
Gino Jollof Mix 70g,Gino,spices,Jollof Mix,BS-GINO-JOLLOF-MIX-70G-0189,false,,,,70g,item,150,0.22,200,0,5,assets/tomato-paste.jpg,Gino Jollof Mix 70g Nigeria product pack,Category placeholder – replace with verified product image,Estimated – verify with supplier,,,Nigeria/Imported,2026-08-10,"Stage catalogue item; verify exact pack, image and supplier price before live sale."
Gino Jollof Mix 210g,Gino,spices,Jollof Mix,BS-GINO-JOLLOF-MIX-210G-0190,false,,,,210g,item,150,0.22,200,0,5,assets/tomato-paste.jpg,Gino Jollof Mix 210g Nigeria product pack,Category placeholder – replace with verified product image,Estimated – verify with supplier,,,Nigeria/Imported,2026-08-10,"Stage catalogue item; verify exact pack, image and supplier price before live sale."
Gino Jollof Mix 400g,Gino,spices,Jollof Mix,BS-GINO-JOLLOF-MIX-400G-0191,false,,,,400g,item,150,0.22,200,0,5,assets/tomato-paste.jpg,Gino Jollof Mix 400g Nigeria product pack,Category placeholder – replace with verified product image,Estimated – verify with supplier,,,Nigeria/Imported,2026-08-10,"Stage catalogue item; verify exact pack, image and supplier price before live sale."
Dangote Salt 250g,Dangote,spices,Salt,BS-DANGOTE-SALT-250G-0192,false,,,,250g,item,150,0.22,200,0,5,assets/tomato-paste.jpg,Dangote Salt 250g Nigeria product pack,Category placeholder – replace with verified product image,Estimated – verify with supplier,,,Nigeria/Imported,2026-08-10,"Stage catalogue item; verify exact pack, image and supplier price before live sale."
Dangote Salt 500g,Dangote,spices,Salt,BS-DANGOTE-SALT-500G-0193,false,,,,500g,item,150,0.22,200,0,5,assets/tomato-paste.jpg,Dangote Salt 500g Nigeria product pack,Category placeholder – replace with verified product image,Estimated – verify with supplier,,,Nigeria/Imported,2026-08-10,"Stage catalogue item; verify exact pack, image and supplier price before live sale."
Dangote Salt 1kg,Dangote,spices,Salt,BS-DANGOTE-SALT-1KG-0194,false,,,,1kg,item,250,0.22,300,0,5,assets/tomato-paste.jpg,Dangote Salt 1kg Nigeria product pack,Category placeholder – replace with verified product image,Estimated – verify with supplier,,,Nigeria/Imported,2026-08-10,"Stage catalogue item; verify exact pack, image and supplier price before live sale."
Mr Chef Salt 250g,Mr Chef,spices,Salt,BS-MR-CHEF-SALT-250G-0195,false,,,,250g,item,150,0.22,200,0,5,assets/tomato-paste.jpg,Mr Chef Salt 250g Nigeria product pack,Category placeholder – replace with verified product image,Estimated – verify with supplier,,,Nigeria/Imported,2026-08-10,"Stage catalogue item; verify exact pack, image and supplier price before live sale."
Mr Chef Salt 500g,Mr Chef,spices,Salt,BS-MR-CHEF-SALT-500G-0196,false,,,,500g,item,150,0.22,200,0,5,assets/tomato-paste.jpg,Mr Chef Salt 500g Nigeria product pack,Category placeholder – replace with verified product image,Estimated – verify with supplier,,,Nigeria/Imported,2026-08-10,"Stage catalogue item; verify exact pack, image and supplier price before live sale."
Mr Chef Salt 1kg,Mr Chef,spices,Salt,BS-MR-CHEF-SALT-1KG-0197,false,,,,1kg,item,250,0.22,300,0,5,assets/tomato-paste.jpg,Mr Chef Salt 1kg Nigeria product pack,Category placeholder – replace with verified product image,Estimated – verify with supplier,,,Nigeria/Imported,2026-08-10,"Stage catalogue item; verify exact pack, image and supplier price before live sale."
Ground Pepper 50g,Generic,spices,Ground Pepper,BS-GENERIC-GROUND-PEPPE-50G-0198,false,,,,50g,item,150,0.22,200,0,5,assets/tomato-paste.jpg,Generic Ground Pepper 50g Nigeria product pack,Category placeholder – replace with verified product image,Estimated – verify with supplier,,,Nigeria/Imported,2026-08-10,"Stage catalogue item; verify exact pack, image and supplier price before live sale."
Ground Pepper 100g,Generic,spices,Ground Pepper,BS-GENERIC-GROUND-PEPPE-100G-0199,false,,,,100g,item,150,0.22,200,0,5,assets/tomato-paste.jpg,Generic Ground Pepper 100g Nigeria product pack,Category placeholder – replace with verified product image,Estimated – verify with supplier,,,Nigeria/Imported,2026-08-10,"Stage catalogue item; verify exact pack, image and supplier price before live sale."
Ground Pepper 250g,Generic,spices,Ground Pepper,BS-GENERIC-GROUND-PEPPE-250G-0200,false,,,,250g,item,250,0.22,300,0,5,assets/tomato-paste.jpg,Generic Ground Pepper 250g Nigeria product pack,Category placeholder – replace with verified product image,Estimated – verify with supplier,,,Nigeria/Imported,2026-08-10,"Stage catalogue item; verify exact pack, image and supplier price before live sale."
Ground Pepper 500g,Generic,spices,Ground Pepper,BS-GENERIC-GROUND-PEPPE-500G-0201,false,,,,500g,item,500,0.22,600,0,5,assets/tomato-paste.jpg,Generic Ground Pepper 500g Nigeria product pack,Category placeholder – replace with verified product image,Estimated – verify with supplier,,,Nigeria/Imported,2026-08-10,"Stage catalogue item; verify exact pack, image and supplier price before live sale."
Ground Pepper 1kg,Generic,spices,Ground Pepper,BS-GENERIC-GROUND-PEPPE-1KG-0202,false,,,,1kg,item,1000,0.22,1200,0,5,assets/tomato-paste.jpg,Generic Ground Pepper 1kg Nigeria product pack,Category placeholder – replace with verified product image,Estimated – verify with supplier,,,Nigeria/Imported,2026-08-10,"Stage catalogue item; verify exact pack, image and supplier price before live sale."
Crayfish 100g,Generic,spices,Crayfish,BS-GENERIC-CRAYFISH-100G-0203,false,,,,100g,item,250,0.22,300,0,5,assets/tomato-paste.jpg,Generic Crayfish 100g Nigeria product pack,Category placeholder – replace with verified product image,Estimated – verify with supplier,,,Nigeria/Imported,2026-08-10,"Stage catalogue item; verify exact pack, image and supplier price before live sale."
Crayfish 250g,Generic,spices,Crayfish,BS-GENERIC-CRAYFISH-250G-0204,false,,,,250g,item,500,0.22,600,0,5,assets/tomato-paste.jpg,Generic Crayfish 250g Nigeria product pack,Category placeholder – replace with verified product image,Estimated – verify with supplier,,,Nigeria/Imported,2026-08-10,"Stage catalogue item; verify exact pack, image and supplier price before live sale."
Crayfish 500g,Generic,spices,Crayfish,BS-GENERIC-CRAYFISH-500G-0205,false,,,,500g,item,1100,0.22,1350,0,5,assets/tomato-paste.jpg,Generic Crayfish 500g Nigeria product pack,Category placeholder – replace with verified product image,Estimated – verify with supplier,,,Nigeria/Imported,2026-08-10,"Stage catalogue item; verify exact pack, image and supplier price before live sale."
Crayfish 1kg,Generic,spices,Crayfish,BS-GENERIC-CRAYFISH-1KG-0206,false,,,,1kg,item,2100,0.22,2550,0,5,assets/tomato-paste.jpg,Generic Crayfish 1kg Nigeria product pack,Category placeholder – replace with verified product image,Estimated – verify with supplier,,,Nigeria/Imported,2026-08-10,"Stage catalogue item; verify exact pack, image and supplier price before live sale."
Egusi 250g,Generic,spices,Egusi,BS-GENERIC-EGUSI-250G-0207,false,,,,250g,item,600,0.22,750,0,5,assets/tomato-paste.jpg,Generic Egusi 250g Nigeria product pack,Category placeholder – replace with verified product image,Estimated – verify with supplier,,,Nigeria/Imported,2026-08-10,"Stage catalogue item; verify exact pack, image and supplier price before live sale."
Egusi 500g,Generic,spices,Egusi,BS-GENERIC-EGUSI-500G-0208,false,,,,500g,item,1100,0.22,1350,0,5,assets/tomato-paste.jpg,Generic Egusi 500g Nigeria product pack,Category placeholder – replace with verified product image,Estimated – verify with supplier,,,Nigeria/Imported,2026-08-10,"Stage catalogue item; verify exact pack, image and supplier price before live sale."
Egusi 1kg,Generic,spices,Egusi,BS-GENERIC-EGUSI-1KG-0209,false,,,,1kg,item,2350,0.22,2850,0,5,assets/tomato-paste.jpg,Generic Egusi 1kg Nigeria product pack,Category placeholder – replace with verified product image,Estimated – verify with supplier,,,Nigeria/Imported,2026-08-10,"Stage catalogue item; verify exact pack, image and supplier price before live sale."
Egusi 2kg,Generic,spices,Egusi,BS-GENERIC-EGUSI-2KG-0210,false,,,,2kg,item,5250,0.22,6400,0,5,assets/tomato-paste.jpg,Generic Egusi 2kg Nigeria product pack,Category placeholder – replace with verified product image,Estimated – verify with supplier,,,Nigeria/Imported,2026-08-10,"Stage catalogue item; verify exact pack, image and supplier price before live sale."
Ogbono 100g,Generic,spices,Ogbono,BS-GENERIC-OGBONO-100G-0211,false,,,,100g,item,250,0.22,300,0,5,assets/tomato-paste.jpg,Generic Ogbono 100g Nigeria product pack,Category placeholder – replace with verified product image,Estimated – verify with supplier,,,Nigeria/Imported,2026-08-10,"Stage catalogue item; verify exact pack, image and supplier price before live sale."
Ogbono 250g,Generic,spices,Ogbono,BS-GENERIC-OGBONO-250G-0212,false,,,,250g,item,650,0.22,800,0,5,assets/tomato-paste.jpg,Generic Ogbono 250g Nigeria product pack,Category placeholder – replace with verified product image,Estimated – verify with supplier,,,Nigeria/Imported,2026-08-10,"Stage catalogue item; verify exact pack, image and supplier price before live sale."
Ogbono 500g,Generic,spices,Ogbono,BS-GENERIC-OGBONO-500G-0213,false,,,,500g,item,1250,0.22,1500,0,5,assets/tomato-paste.jpg,Generic Ogbono 500g Nigeria product pack,Category placeholder – replace with verified product image,Estimated – verify with supplier,,,Nigeria/Imported,2026-08-10,"Stage catalogue item; verify exact pack, image and supplier price before live sale."
Ogbono 1kg,Generic,spices,Ogbono,BS-GENERIC-OGBONO-1KG-0214,false,,,,1kg,item,2500,0.22,3050,0,5,assets/tomato-paste.jpg,Generic Ogbono 1kg Nigeria product pack,Category placeholder – replace with verified product image,Estimated – verify with supplier,,,Nigeria/Imported,2026-08-10,"Stage catalogue item; verify exact pack, image and supplier price before live sale."
Peak Powdered Milk 150g,Peak,drinks,Powdered Milk,BS-PEAK-POWDERED-MIL-150G-0215,false,,,,150g,item,400,0.18,450,0,5,assets/beverages.jpg,Peak Powdered Milk 150g Nigeria product pack,Category placeholder – replace with verified product image,Estimated – verify with supplier,,,Nigeria/Imported,2026-08-10,"Stage catalogue item; verify exact pack, image and supplier price before live sale."
Peak Powdered Milk 360g,Peak,drinks,Powdered Milk,BS-PEAK-POWDERED-MIL-360G-0216,false,,,,360g,item,950,0.18,1100,0,5,assets/beverages.jpg,Peak Powdered Milk 360g Nigeria product pack,Category placeholder – replace with verified product image,Estimated – verify with supplier,,,Nigeria/Imported,2026-08-10,"Stage catalogue item; verify exact pack, image and supplier price before live sale."
Peak Powdered Milk 400g,Peak,drinks,Powdered Milk,BS-PEAK-POWDERED-MIL-400G-0217,false,,,,400g,item,1000,0.18,1200,0,5,assets/beverages.jpg,Peak Powdered Milk 400g Nigeria product pack,Category placeholder – replace with verified product image,Estimated – verify with supplier,,,Nigeria/Imported,2026-08-10,"Stage catalogue item; verify exact pack, image and supplier price before live sale."
Peak Powdered Milk 800g,Peak,drinks,Powdered Milk,BS-PEAK-POWDERED-MIL-800G-0218,false,,,,800g,item,2000,0.18,2350,0,5,assets/beverages.jpg,Peak Powdered Milk 800g Nigeria product pack,Category placeholder – replace with verified product image,Estimated – verify with supplier,,,Nigeria/Imported,2026-08-10,"Stage catalogue item; verify exact pack, image and supplier price before live sale."
Peak Powdered Milk 900g,Peak,drinks,Powdered Milk,BS-PEAK-POWDERED-MIL-900G-0219,false,,,,900g,item,2050,0.18,2400,0,5,assets/beverages.jpg,Peak Powdered Milk 900g Nigeria product pack,Category placeholder – replace with verified product image,Estimated – verify with supplier,,,Nigeria/Imported,2026-08-10,"Stage catalogue item; verify exact pack, image and supplier price before live sale."
Dano Powdered Milk 150g,Dano,drinks,Powdered Milk,BS-DANO-POWDERED-MIL-150G-0220,false,,,,150g,item,300,0.18,350,0,5,assets/beverages.jpg,Dano Powdered Milk 150g Nigeria product pack,Category placeholder – replace with verified product image,Estimated – verify with supplier,,,Nigeria/Imported,2026-08-10,"Stage catalogue item; verify exact pack, image and supplier price before live sale."
Dano Powdered Milk 360g,Dano,drinks,Powdered Milk,BS-DANO-POWDERED-MIL-360G-0221,false,,,,360g,item,850,0.18,1000,0,5,assets/beverages.jpg,Dano Powdered Milk 360g Nigeria product pack,Category placeholder – replace with verified product image,Estimated – verify with supplier,,,Nigeria/Imported,2026-08-10,"Stage catalogue item; verify exact pack, image and supplier price before live sale."
Dano Powdered Milk 400g,Dano,drinks,Powdered Milk,BS-DANO-POWDERED-MIL-400G-0222,false,,,,400g,item,900,0.18,1050,0,5,assets/beverages.jpg,Dano Powdered Milk 400g Nigeria product pack,Category placeholder – replace with verified product image,Estimated – verify with supplier,,,Nigeria/Imported,2026-08-10,"Stage catalogue item; verify exact pack, image and supplier price before live sale."
Dano Powdered Milk 800g,Dano,drinks,Powdered Milk,BS-DANO-POWDERED-MIL-800G-0223,false,,,,800g,item,1800,0.18,2100,0,5,assets/beverages.jpg,Dano Powdered Milk 800g Nigeria product pack,Category placeholder – replace with verified product image,Estimated – verify with supplier,,,Nigeria/Imported,2026-08-10,"Stage catalogue item; verify exact pack, image and supplier price before live sale."
Dano Powdered Milk 900g,Dano,drinks,Powdered Milk,BS-DANO-POWDERED-MIL-900G-0224,false,,,,900g,item,2100,0.18,2500,0,5,assets/beverages.jpg,Dano Powdered Milk 900g Nigeria product pack,Category placeholder – replace with verified product image,Estimated – verify with supplier,,,Nigeria/Imported,2026-08-10,"Stage catalogue item; verify exact pack, image and supplier price before live sale."
Peak Evaporated Milk 160g,Peak,drinks,Evaporated Milk,BS-PEAK-EVAPORATED-M-160G-0225,false,,,,160g,item,150,0.18,200,0,5,assets/beverages.jpg,Peak Evaporated Milk 160g Nigeria product pack,Category placeholder – replace with verified product image,Estimated – verify with supplier,,,Nigeria/Imported,2026-08-10,"Stage catalogue item; verify exact pack, image and supplier price before live sale."
Peak Evaporated Milk 170g x 24,Peak,drinks,Evaporated Milk,BS-PEAK-EVAPORATED-M-170G-X-24-0226,false,,,,170g x 24,item,2700,0.18,3200,0,5,assets/beverages.jpg,Peak Evaporated Milk 170g x 24 Nigeria product pack,Category placeholder – replace with verified product image,Estimated – verify with supplier,,,Nigeria/Imported,2026-08-10,"Stage catalogue item; verify exact pack, image and supplier price before live sale."
Milo Chocolate Drink 200g,Milo,drinks,Chocolate Drink,BS-MILO-CHOCOLATE-DR-200G-0227,false,,,,200g,item,500,0.18,600,0,5,assets/beverages.jpg,Milo Chocolate Drink 200g Nigeria product pack,Category placeholder – replace with verified product image,Estimated – verify with supplier,,,Nigeria/Imported,2026-08-10,"Stage catalogue item; verify exact pack, image and supplier price before live sale."
Milo Chocolate Drink 400g,Milo,drinks,Chocolate Drink,BS-MILO-CHOCOLATE-DR-400G-0228,false,,,,400g,item,1050,0.18,1250,0,5,assets/beverages.jpg,Milo Chocolate Drink 400g Nigeria product pack,Category placeholder – replace with verified product image,Estimated – verify with supplier,,,Nigeria/Imported,2026-08-10,"Stage catalogue item; verify exact pack, image and supplier price before live sale."
Milo Chocolate Drink 800g,Milo,drinks,Chocolate Drink,BS-MILO-CHOCOLATE-DR-800G-0229,false,,,,800g,item,1900,0.18,2250,0,5,assets/beverages.jpg,Milo Chocolate Drink 800g Nigeria product pack,Category placeholder – replace with verified product image,Estimated – verify with supplier,,,Nigeria/Imported,2026-08-10,"Stage catalogue item; verify exact pack, image and supplier price before live sale."
Milo Chocolate Drink 1kg,Milo,drinks,Chocolate Drink,BS-MILO-CHOCOLATE-DR-1KG-0230,false,,,,1kg,item,2750,0.18,3250,0,5,assets/beverages.jpg,Milo Chocolate Drink 1kg Nigeria product pack,Category placeholder – replace with verified product image,Estimated – verify with supplier,,,Nigeria/Imported,2026-08-10,"Stage catalogue item; verify exact pack, image and supplier price before live sale."
Bournvita Chocolate Drink 200g,Bournvita,drinks,Chocolate Drink,BS-BOURNVIT-CHOCOLATE-DR-200G-0231,false,,,,200g,item,450,0.18,550,0,5,assets/beverages.jpg,Bournvita Chocolate Drink 200g Nigeria product pack,Category placeholder – replace with verified product image,Estimated – verify with supplier,,,Nigeria/Imported,2026-08-10,"Stage catalogue item; verify exact pack, image and supplier price before live sale."
Bournvita Chocolate Drink 500g,Bournvita,drinks,Chocolate Drink,BS-BOURNVIT-CHOCOLATE-DR-500G-0232,false,,,,500g,item,1200,0.18,1400,0,5,assets/beverages.jpg,Bournvita Chocolate Drink 500g Nigeria product pack,Category placeholder – replace with verified product image,Estimated – verify with supplier,,,Nigeria/Imported,2026-08-10,"Stage catalogue item; verify exact pack, image and supplier price before live sale."
Bournvita Chocolate Drink 900g,Bournvita,drinks,Chocolate Drink,BS-BOURNVIT-CHOCOLATE-DR-900G-0233,false,,,,900g,item,2300,0.18,2700,0,5,assets/beverages.jpg,Bournvita Chocolate Drink 900g Nigeria product pack,Category placeholder – replace with verified product image,Estimated – verify with supplier,,,Nigeria/Imported,2026-08-10,"Stage catalogue item; verify exact pack, image and supplier price before live sale."
Lipton Tea 25 bags,Lipton,drinks,Tea,BS-LIPTON-TEA-25-BAGS-0234,false,,,,25 bags,item,4350,0.18,5150,0,5,assets/beverages.jpg,Lipton Tea 25 bags Nigeria product pack,Category placeholder – replace with verified product image,Estimated – verify with supplier,,,Nigeria/Imported,2026-08-10,"Stage catalogue item; verify exact pack, image and supplier price before live sale."
Lipton Tea 50 bags,Lipton,drinks,Tea,BS-LIPTON-TEA-50-BAGS-0235,false,,,,50 bags,item,8000,0.18,9450,0,5,assets/beverages.jpg,Lipton Tea 50 bags Nigeria product pack,Category placeholder – replace with verified product image,Estimated – verify with supplier,,,Nigeria/Imported,2026-08-10,"Stage catalogue item; verify exact pack, image and supplier price before live sale."
Lipton Tea 100 bags,Lipton,drinks,Tea,BS-LIPTON-TEA-100-BAGS-0236,false,,,,100 bags,item,15700,0.18,18550,0,5,assets/beverages.jpg,Lipton Tea 100 bags Nigeria product pack,Category placeholder – replace with verified product image,Estimated – verify with supplier,,,Nigeria/Imported,2026-08-10,"Stage catalogue item; verify exact pack, image and supplier price before live sale."
Nescafe Coffee 50g,Nescafe,drinks,Coffee,BS-NESCAFE-COFFEE-50G-0237,false,,,,50g,item,150,0.18,200,0,5,assets/beverages.jpg,Nescafe Coffee 50g Nigeria product pack,Category placeholder – replace with verified product image,Estimated – verify with supplier,,,Nigeria/Imported,2026-08-10,"Stage catalogue item; verify exact pack, image and supplier price before live sale."
Nescafe Coffee 100g,Nescafe,drinks,Coffee,BS-NESCAFE-COFFEE-100G-0238,false,,,,100g,item,150,0.18,200,0,5,assets/beverages.jpg,Nescafe Coffee 100g Nigeria product pack,Category placeholder – replace with verified product image,Estimated – verify with supplier,,,Nigeria/Imported,2026-08-10,"Stage catalogue item; verify exact pack, image and supplier price before live sale."
Nescafe Coffee 200g,Nescafe,drinks,Coffee,BS-NESCAFE-COFFEE-200G-0239,false,,,,200g,item,350,0.18,400,0,5,assets/beverages.jpg,Nescafe Coffee 200g Nigeria product pack,Category placeholder – replace with verified product image,Estimated – verify with supplier,,,Nigeria/Imported,2026-08-10,"Stage catalogue item; verify exact pack, image and supplier price before live sale."
Maltina Malt Drink 330ml,Maltina,drinks,Malt Drink,BS-MALTINA-MALT-DRINK-330ML-0240,false,,,,330ml,item,150,0.18,200,0,5,assets/beverages.jpg,Maltina Malt Drink 330ml Nigeria product pack,Category placeholder – replace with verified product image,Estimated – verify with supplier,,,Nigeria/Imported,2026-08-10,"Stage catalogue item; verify exact pack, image and supplier price before live sale."
Maltina Malt Drink 330ml x 24,Maltina,drinks,Malt Drink,BS-MALTINA-MALT-DRINK-330ML-X-24-0241,false,,,,330ml x 24,item,3950,0.18,4650,0,5,assets/beverages.jpg,Maltina Malt Drink 330ml x 24 Nigeria product pack,Category placeholder – replace with verified product image,Estimated – verify with supplier,,,Nigeria/Imported,2026-08-10,"Stage catalogue item; verify exact pack, image and supplier price before live sale."
Malta Guinness Malt Drink 330ml,Malta Guinness,drinks,Malt Drink,BS-MALTA-GU-MALT-DRINK-330ML-0242,false,,,,330ml,item,200,0.18,250,0,5,assets/beverages.jpg,Malta Guinness Malt Drink 330ml Nigeria product pack,Category placeholder – replace with verified product image,Estimated – verify with supplier,,,Nigeria/Imported,2026-08-10,"Stage catalogue item; verify exact pack, image and supplier price before live sale."
Malta Guinness Malt Drink 330ml x 24,Malta Guinness,drinks,Malt Drink,BS-MALTA-GU-MALT-DRINK-330ML-X-24-0243,false,,,,330ml x 24,item,4400,0.18,5200,0,5,assets/beverages.jpg,Malta Guinness Malt Drink 330ml x 24 Nigeria product pack,Category placeholder – replace with verified product image,Estimated – verify with supplier,,,Nigeria/Imported,2026-08-10,"Stage catalogue item; verify exact pack, image and supplier price before live sale."
Coca-Cola Soft Drink Cola 35cl,Coca-Cola,drinks,Soft Drink Cola,BS-COCA-COL-SOFT-DRINK-C-35CL-0244,false,,,,35cl,item,150,0.18,200,0,5,assets/beverages.jpg,Coca-Cola Soft Drink Cola 35cl Nigeria product pack,Category placeholder – replace with verified product image,Estimated – verify with supplier,,,Nigeria/Imported,2026-08-10,"Stage catalogue item; verify exact pack, image and supplier price before live sale."
Coca-Cola Soft Drink Cola 50cl,Coca-Cola,drinks,Soft Drink Cola,BS-COCA-COL-SOFT-DRINK-C-50CL-0245,false,,,,50cl,item,200,0.18,250,0,5,assets/beverages.jpg,Coca-Cola Soft Drink Cola 50cl Nigeria product pack,Category placeholder – replace with verified product image,Estimated – verify with supplier,,,Nigeria/Imported,2026-08-10,"Stage catalogue item; verify exact pack, image and supplier price before live sale."
Coca-Cola Soft Drink Cola 1L,Coca-Cola,drinks,Soft Drink Cola,BS-COCA-COL-SOFT-DRINK-C-1L-0246,false,,,,1L,item,400,0.18,450,0,5,assets/beverages.jpg,Coca-Cola Soft Drink Cola 1L Nigeria product pack,Category placeholder – replace with verified product image,Estimated – verify with supplier,,,Nigeria/Imported,2026-08-10,"Stage catalogue item; verify exact pack, image and supplier price before live sale."
Coca-Cola Soft Drink Cola 1.5L,Coca-Cola,drinks,Soft Drink Cola,BS-COCA-COL-SOFT-DRINK-C-1-5L-0247,false,,,,1.5L,item,600,0.18,700,0,5,assets/beverages.jpg,Coca-Cola Soft Drink Cola 1.5L Nigeria product pack,Category placeholder – replace with verified product image,Estimated – verify with supplier,,,Nigeria/Imported,2026-08-10,"Stage catalogue item; verify exact pack, image and supplier price before live sale."
Coca-Cola Soft Drink Cola 50cl x 12,Coca-Cola,drinks,Soft Drink Cola,BS-COCA-COL-SOFT-DRINK-C-50CL-X-12-0248,false,,,,50cl x 12,item,2400,0.18,2850,0,5,assets/beverages.jpg,Coca-Cola Soft Drink Cola 50cl x 12 Nigeria product pack,Category placeholder – replace with verified product image,Estimated – verify with supplier,,,Nigeria/Imported,2026-08-10,"Stage catalogue item; verify exact pack, image and supplier price before live sale."
Fanta Soft Drink Orange 35cl,Fanta,drinks,Soft Drink Orange,BS-FANTA-SOFT-DRINK-O-35CL-0249,false,,,,35cl,item,150,0.18,200,0,5,assets/beverages.jpg,Fanta Soft Drink Orange 35cl Nigeria product pack,Category placeholder – replace with verified product image,Estimated – verify with supplier,,,Nigeria/Imported,2026-08-10,"Stage catalogue item; verify exact pack, image and supplier price before live sale."
Fanta Soft Drink Orange 50cl,Fanta,drinks,Soft Drink Orange,BS-FANTA-SOFT-DRINK-O-50CL-0250,false,,,,50cl,item,200,0.18,250,0,5,assets/beverages.jpg,Fanta Soft Drink Orange 50cl Nigeria product pack,Category placeholder – replace with verified product image,Estimated – verify with supplier,,,Nigeria/Imported,2026-08-10,"Stage catalogue item; verify exact pack, image and supplier price before live sale."
Fanta Soft Drink Orange 1L,Fanta,drinks,Soft Drink Orange,BS-FANTA-SOFT-DRINK-O-1L-0251,false,,,,1L,item,400,0.18,450,0,5,assets/beverages.jpg,Fanta Soft Drink Orange 1L Nigeria product pack,Category placeholder – replace with verified product image,Estimated – verify with supplier,,,Nigeria/Imported,2026-08-10,"Stage catalogue item; verify exact pack, image and supplier price before live sale."
Fanta Soft Drink Orange 1.5L,Fanta,drinks,Soft Drink Orange,BS-FANTA-SOFT-DRINK-O-1-5L-0252,false,,,,1.5L,item,650,0.18,750,0,5,assets/beverages.jpg,Fanta Soft Drink Orange 1.5L Nigeria product pack,Category placeholder – replace with verified product image,Estimated – verify with supplier,,,Nigeria/Imported,2026-08-10,"Stage catalogue item; verify exact pack, image and supplier price before live sale."
Fanta Soft Drink Orange 50cl x 12,Fanta,drinks,Soft Drink Orange,BS-FANTA-SOFT-DRINK-O-50CL-X-12-0253,false,,,,50cl x 12,item,2250,0.18,2650,0,5,assets/beverages.jpg,Fanta Soft Drink Orange 50cl x 12 Nigeria product pack,Category placeholder – replace with verified product image,Estimated – verify with supplier,,,Nigeria/Imported,2026-08-10,"Stage catalogue item; verify exact pack, image and supplier price before live sale."
Sprite Soft Drink Lemon-Lime 35cl,Sprite,drinks,Soft Drink Lemon-Lime,BS-SPRITE-SOFT-DRINK-L-35CL-0254,false,,,,35cl,item,150,0.18,200,0,5,assets/beverages.jpg,Sprite Soft Drink Lemon-Lime 35cl Nigeria product pack,Category placeholder – replace with verified product image,Estimated – verify with supplier,,,Nigeria/Imported,2026-08-10,"Stage catalogue item; verify exact pack, image and supplier price before live sale."
Sprite Soft Drink Lemon-Lime 50cl,Sprite,drinks,Soft Drink Lemon-Lime,BS-SPRITE-SOFT-DRINK-L-50CL-0255,false,,,,50cl,item,200,0.18,250,0,5,assets/beverages.jpg,Sprite Soft Drink Lemon-Lime 50cl Nigeria product pack,Category placeholder – replace with verified product image,Estimated – verify with supplier,,,Nigeria/Imported,2026-08-10,"Stage catalogue item; verify exact pack, image and supplier price before live sale."
Sprite Soft Drink Lemon-Lime 1L,Sprite,drinks,Soft Drink Lemon-Lime,BS-SPRITE-SOFT-DRINK-L-1L-0256,false,,,,1L,item,450,0.18,550,0,5,assets/beverages.jpg,Sprite Soft Drink Lemon-Lime 1L Nigeria product pack,Category placeholder – replace with verified product image,Estimated – verify with supplier,,,Nigeria/Imported,2026-08-10,"Stage catalogue item; verify exact pack, image and supplier price before live sale."
Sprite Soft Drink Lemon-Lime 1.5L,Sprite,drinks,Soft Drink Lemon-Lime,BS-SPRITE-SOFT-DRINK-L-1-5L-0257,false,,,,1.5L,item,550,0.18,650,0,5,assets/beverages.jpg,Sprite Soft Drink Lemon-Lime 1.5L Nigeria product pack,Category placeholder – replace with verified product image,Estimated – verify with supplier,,,Nigeria/Imported,2026-08-10,"Stage catalogue item; verify exact pack, image and supplier price before live sale."
Sprite Soft Drink Lemon-Lime 50cl x 12,Sprite,drinks,Soft Drink Lemon-Lime,BS-SPRITE-SOFT-DRINK-L-50CL-X-12-0258,false,,,,50cl x 12,item,2300,0.18,2700,0,5,assets/beverages.jpg,Sprite Soft Drink Lemon-Lime 50cl x 12 Nigeria product pack,Category placeholder – replace with verified product image,Estimated – verify with supplier,,,Nigeria/Imported,2026-08-10,"Stage catalogue item; verify exact pack, image and supplier price before live sale."
Chivita Fruit Juice 315ml,Chivita,drinks,Fruit Juice,BS-CHIVITA-FRUIT-JUICE-315ML-0259,false,,,,315ml,item,250,0.18,300,0,5,assets/beverages.jpg,Chivita Fruit Juice 315ml Nigeria product pack,Category placeholder – replace with verified product image,Estimated – verify with supplier,,,Nigeria/Imported,2026-08-10,"Stage catalogue item; verify exact pack, image and supplier price before live sale."
Chivita Fruit Juice 1L,Chivita,drinks,Fruit Juice,BS-CHIVITA-FRUIT-JUICE-1L-0260,false,,,,1L,item,1000,0.18,1200,0,5,assets/beverages.jpg,Chivita Fruit Juice 1L Nigeria product pack,Category placeholder – replace with verified product image,Estimated – verify with supplier,,,Nigeria/Imported,2026-08-10,"Stage catalogue item; verify exact pack, image and supplier price before live sale."
Five Alive Fruit Juice 350ml,Five Alive,drinks,Fruit Juice,BS-FIVE-ALI-FRUIT-JUICE-350ML-0261,false,,,,350ml,item,300,0.18,350,0,5,assets/beverages.jpg,Five Alive Fruit Juice 350ml Nigeria product pack,Category placeholder – replace with verified product image,Estimated – verify with supplier,,,Nigeria/Imported,2026-08-10,"Stage catalogue item; verify exact pack, image and supplier price before live sale."
Five Alive Fruit Juice 1L,Five Alive,drinks,Fruit Juice,BS-FIVE-ALI-FRUIT-JUICE-1L-0262,false,,,,1L,item,900,0.18,1050,0,5,assets/beverages.jpg,Five Alive Fruit Juice 1L Nigeria product pack,Category placeholder – replace with verified product image,Estimated – verify with supplier,,,Nigeria/Imported,2026-08-10,"Stage catalogue item; verify exact pack, image and supplier price before live sale."
Eva Bottled Water 75cl,Eva,drinks,Bottled Water,BS-EVA-BOTTLED-WATE-75CL-0263,false,,,,75cl,item,200,0.18,250,0,5,assets/beverages.jpg,Eva Bottled Water 75cl Nigeria product pack,Category placeholder – replace with verified product image,Estimated – verify with supplier,,,Nigeria/Imported,2026-08-10,"Stage catalogue item; verify exact pack, image and supplier price before live sale."
Eva Bottled Water 1.5L,Eva,drinks,Bottled Water,BS-EVA-BOTTLED-WATE-1-5L-0264,false,,,,1.5L,item,450,0.18,550,0,5,assets/beverages.jpg,Eva Bottled Water 1.5L Nigeria product pack,Category placeholder – replace with verified product image,Estimated – verify with supplier,,,Nigeria/Imported,2026-08-10,"Stage catalogue item; verify exact pack, image and supplier price before live sale."
Eva Bottled Water 75cl x 12,Eva,drinks,Bottled Water,BS-EVA-BOTTLED-WATE-75CL-X-12-0265,false,,,,75cl x 12,item,2900,0.18,3400,0,5,assets/beverages.jpg,Eva Bottled Water 75cl x 12 Nigeria product pack,Category placeholder – replace with verified product image,Estimated – verify with supplier,,,Nigeria/Imported,2026-08-10,"Stage catalogue item; verify exact pack, image and supplier price before live sale."
Nestlé Pure Life Bottled Water 60cl,Nestlé Pure Life,drinks,Bottled Water,BS-NESTL-PU-BOTTLED-WATE-60CL-0266,false,,,,60cl,item,200,0.18,250,0,5,assets/beverages.jpg,Nestlé Pure Life Bottled Water 60cl Nigeria product pack,Category placeholder – replace with verified product image,Estimated – verify with supplier,,,Nigeria/Imported,2026-08-10,"Stage catalogue item; verify exact pack, image and supplier price before live sale."
Nestlé Pure Life Bottled Water 1.5L,Nestlé Pure Life,drinks,Bottled Water,BS-NESTL-PU-BOTTLED-WATE-1-5L-0267,false,,,,1.5L,item,450,0.18,550,0,5,assets/beverages.jpg,Nestlé Pure Life Bottled Water 1.5L Nigeria product pack,Category placeholder – replace with verified product image,Estimated – verify with supplier,,,Nigeria/Imported,2026-08-10,"Stage catalogue item; verify exact pack, image and supplier price before live sale."
Nestlé Pure Life Bottled Water 60cl x 12,Nestlé Pure Life,drinks,Bottled Water,BS-NESTL-PU-BOTTLED-WATE-60CL-X-12-0268,false,,,,60cl x 12,item,2200,0.18,2600,0,5,assets/beverages.jpg,Nestlé Pure Life Bottled Water 60cl x 12 Nigeria product pack,Category placeholder – replace with verified product image,Estimated – verify with supplier,,,Nigeria/Imported,2026-08-10,"Stage catalogue item; verify exact pack, image and supplier price before live sale."
Eggs 6 pcs,Farm Fresh,fresh,Eggs,BS-FARM-FRE-EGGS-6-PCS-0269,false,,,,6 pcs,item,1250,0.24,1550,0,5,assets/fresh-vegetables.jpg,Farm Fresh Eggs 6 pcs Nigeria product pack,Category placeholder – replace with verified product image,Estimated – verify with supplier,,,Nigeria/Imported,2026-08-10,"Stage catalogue item; verify exact pack, image and supplier price before live sale."
Eggs 12 pcs,Farm Fresh,fresh,Eggs,BS-FARM-FRE-EGGS-12-PCS-0270,false,,,,12 pcs,item,2200,0.24,2750,0,5,assets/fresh-vegetables.jpg,Farm Fresh Eggs 12 pcs Nigeria product pack,Category placeholder – replace with verified product image,Estimated – verify with supplier,,,Nigeria/Imported,2026-08-10,"Stage catalogue item; verify exact pack, image and supplier price before live sale."
Eggs 30 pcs,Farm Fresh,fresh,Eggs,BS-FARM-FRE-EGGS-30-PCS-0271,false,,,,30 pcs,item,6400,0.24,7950,0,5,assets/fresh-vegetables.jpg,Farm Fresh Eggs 30 pcs Nigeria product pack,Category placeholder – replace with verified product image,Estimated – verify with supplier,,,Nigeria/Imported,2026-08-10,"Stage catalogue item; verify exact pack, image and supplier price before live sale."
Tomatoes 500g,Fresh,fresh,Tomatoes,BS-FRESH-TOMATOES-500G-0272,false,,,,500g,item,600,0.24,750,0,5,assets/fresh-vegetables.jpg,Fresh Tomatoes 500g Nigeria product pack,Category placeholder – replace with verified product image,Estimated – verify with supplier,,,Nigeria/Imported,2026-08-10,"Stage catalogue item; verify exact pack, image and supplier price before live sale."
Tomatoes 1kg,Fresh,fresh,Tomatoes,BS-FRESH-TOMATOES-1KG-0273,false,,,,1kg,item,1250,0.24,1550,0,5,assets/fresh-vegetables.jpg,Fresh Tomatoes 1kg Nigeria product pack,Category placeholder – replace with verified product image,Estimated – verify with supplier,,,Nigeria/Imported,2026-08-10,"Stage catalogue item; verify exact pack, image and supplier price before live sale."
Tomatoes 2kg,Fresh,fresh,Tomatoes,BS-FRESH-TOMATOES-2KG-0274,false,,,,2kg,item,2600,0.24,3200,0,5,assets/fresh-vegetables.jpg,Fresh Tomatoes 2kg Nigeria product pack,Category placeholder – replace with verified product image,Estimated – verify with supplier,,,Nigeria/Imported,2026-08-10,"Stage catalogue item; verify exact pack, image and supplier price before live sale."
Tomatoes 5kg,Fresh,fresh,Tomatoes,BS-FRESH-TOMATOES-5KG-0275,false,,,,5kg,item,5650,0.24,7000,0,5,assets/fresh-vegetables.jpg,Fresh Tomatoes 5kg Nigeria product pack,Category placeholder – replace with verified product image,Estimated – verify with supplier,,,Nigeria/Imported,2026-08-10,"Stage catalogue item; verify exact pack, image and supplier price before live sale."
Red Onion 500g,Fresh,fresh,Red Onion,BS-FRESH-RED-ONION-500G-0276,false,,,,500g,item,450,0.24,550,0,5,assets/fresh-vegetables.jpg,Fresh Red Onion 500g Nigeria product pack,Category placeholder – replace with verified product image,Estimated – verify with supplier,,,Nigeria/Imported,2026-08-10,"Stage catalogue item; verify exact pack, image and supplier price before live sale."
Red Onion 1kg,Fresh,fresh,Red Onion,BS-FRESH-RED-ONION-1KG-0277,false,,,,1kg,item,950,0.24,1200,0,5,assets/fresh-vegetables.jpg,Fresh Red Onion 1kg Nigeria product pack,Category placeholder – replace with verified product image,Estimated – verify with supplier,,,Nigeria/Imported,2026-08-10,"Stage catalogue item; verify exact pack, image and supplier price before live sale."
Red Onion 2kg,Fresh,fresh,Red Onion,BS-FRESH-RED-ONION-2KG-0278,false,,,,2kg,item,2050,0.24,2550,0,5,assets/fresh-vegetables.jpg,Fresh Red Onion 2kg Nigeria product pack,Category placeholder – replace with verified product image,Estimated – verify with supplier,,,Nigeria/Imported,2026-08-10,"Stage catalogue item; verify exact pack, image and supplier price before live sale."
Red Onion 5kg,Fresh,fresh,Red Onion,BS-FRESH-RED-ONION-5KG-0279,false,,,,5kg,item,4850,0.24,6000,0,5,assets/fresh-vegetables.jpg,Fresh Red Onion 5kg Nigeria product pack,Category placeholder – replace with verified product image,Estimated – verify with supplier,,,Nigeria/Imported,2026-08-10,"Stage catalogue item; verify exact pack, image and supplier price before live sale."
Pepper 250g,Fresh,fresh,Pepper,BS-FRESH-PEPPER-250G-0280,false,,,,250g,item,350,0.24,450,0,5,assets/fresh-vegetables.jpg,Fresh Pepper 250g Nigeria product pack,Category placeholder – replace with verified product image,Estimated – verify with supplier,,,Nigeria/Imported,2026-08-10,"Stage catalogue item; verify exact pack, image and supplier price before live sale."
Pepper 500g,Fresh,fresh,Pepper,BS-FRESH-PEPPER-500G-0281,false,,,,500g,item,750,0.24,950,0,5,assets/fresh-vegetables.jpg,Fresh Pepper 500g Nigeria product pack,Category placeholder – replace with verified product image,Estimated – verify with supplier,,,Nigeria/Imported,2026-08-10,"Stage catalogue item; verify exact pack, image and supplier price before live sale."
Pepper 1kg,Fresh,fresh,Pepper,BS-FRESH-PEPPER-1KG-0282,false,,,,1kg,item,1350,0.24,1650,0,5,assets/fresh-vegetables.jpg,Fresh Pepper 1kg Nigeria product pack,Category placeholder – replace with verified product image,Estimated – verify with supplier,,,Nigeria/Imported,2026-08-10,"Stage catalogue item; verify exact pack, image and supplier price before live sale."
Pepper 2kg,Fresh,fresh,Pepper,BS-FRESH-PEPPER-2KG-0283,false,,,,2kg,item,2900,0.24,3600,0,5,assets/fresh-vegetables.jpg,Fresh Pepper 2kg Nigeria product pack,Category placeholder – replace with verified product image,Estimated – verify with supplier,,,Nigeria/Imported,2026-08-10,"Stage catalogue item; verify exact pack, image and supplier price before live sale."
Plantain 1kg,Fresh,fresh,Plantain,BS-FRESH-PLANTAIN-1KG-0284,false,,,,1kg,item,1150,0.24,1450,0,5,assets/fresh-vegetables.jpg,Fresh Plantain 1kg Nigeria product pack,Category placeholder – replace with verified product image,Estimated – verify with supplier,,,Nigeria/Imported,2026-08-10,"Stage catalogue item; verify exact pack, image and supplier price before live sale."
Plantain 2kg,Fresh,fresh,Plantain,BS-FRESH-PLANTAIN-2KG-0285,false,,,,2kg,item,2400,0.24,3000,0,5,assets/fresh-vegetables.jpg,Fresh Plantain 2kg Nigeria product pack,Category placeholder – replace with verified product image,Estimated – verify with supplier,,,Nigeria/Imported,2026-08-10,"Stage catalogue item; verify exact pack, image and supplier price before live sale."
Plantain 5kg,Fresh,fresh,Plantain,BS-FRESH-PLANTAIN-5KG-0286,false,,,,5kg,item,6500,0.24,8050,0,5,assets/fresh-vegetables.jpg,Fresh Plantain 5kg Nigeria product pack,Category placeholder – replace with verified product image,Estimated – verify with supplier,,,Nigeria/Imported,2026-08-10,"Stage catalogue item; verify exact pack, image and supplier price before live sale."
Yam Tuber 1 medium,Fresh,fresh,Yam Tuber,BS-FRESH-YAM-TUBER-1-MEDIUM-0287,false,,,,1 medium,item,2700,0.24,3350,0,5,assets/fresh-vegetables.jpg,Fresh Yam Tuber 1 medium Nigeria product pack,Category placeholder – replace with verified product image,Estimated – verify with supplier,,,Nigeria/Imported,2026-08-10,"Stage catalogue item; verify exact pack, image and supplier price before live sale."
Yam Tuber 1 large,Fresh,fresh,Yam Tuber,BS-FRESH-YAM-TUBER-1-LARGE-0288,false,,,,1 large,item,2350,0.24,2900,0,5,assets/fresh-vegetables.jpg,Fresh Yam Tuber 1 large Nigeria product pack,Category placeholder – replace with verified product image,Estimated – verify with supplier,,,Nigeria/Imported,2026-08-10,"Stage catalogue item; verify exact pack, image and supplier price before live sale."
Yam Tuber 5 tubers,Fresh,fresh,Yam Tuber,BS-FRESH-YAM-TUBER-5-TUBERS-0289,false,,,,5 tubers,item,2500,0.24,3100,0,5,assets/fresh-vegetables.jpg,Fresh Yam Tuber 5 tubers Nigeria product pack,Category placeholder – replace with verified product image,Estimated – verify with supplier,,,Nigeria/Imported,2026-08-10,"Stage catalogue item; verify exact pack, image and supplier price before live sale."
Irish Potato 1kg,Fresh,fresh,Irish Potato,BS-FRESH-IRISH-POTATO-1KG-0290,false,,,,1kg,item,1550,0.24,1900,0,5,assets/fresh-vegetables.jpg,Fresh Irish Potato 1kg Nigeria product pack,Category placeholder – replace with verified product image,Estimated – verify with supplier,,,Nigeria/Imported,2026-08-10,"Stage catalogue item; verify exact pack, image and supplier price before live sale."
Irish Potato 2kg,Fresh,fresh,Irish Potato,BS-FRESH-IRISH-POTATO-2KG-0291,false,,,,2kg,item,2950,0.24,3650,0,5,assets/fresh-vegetables.jpg,Fresh Irish Potato 2kg Nigeria product pack,Category placeholder – replace with verified product image,Estimated – verify with supplier,,,Nigeria/Imported,2026-08-10,"Stage catalogue item; verify exact pack, image and supplier price before live sale."
Irish Potato 5kg,Fresh,fresh,Irish Potato,BS-FRESH-IRISH-POTATO-5KG-0292,false,,,,5kg,item,8450,0.24,10500,0,5,assets/fresh-vegetables.jpg,Fresh Irish Potato 5kg Nigeria product pack,Category placeholder – replace with verified product image,Estimated – verify with supplier,,,Nigeria/Imported,2026-08-10,"Stage catalogue item; verify exact pack, image and supplier price before live sale."
Sweet Potato 1kg,Fresh,fresh,Sweet Potato,BS-FRESH-SWEET-POTATO-1KG-0293,false,,,,1kg,item,1350,0.24,1650,0,5,assets/fresh-vegetables.jpg,Fresh Sweet Potato 1kg Nigeria product pack,Category placeholder – replace with verified product image,Estimated – verify with supplier,,,Nigeria/Imported,2026-08-10,"Stage catalogue item; verify exact pack, image and supplier price before live sale."
Sweet Potato 2kg,Fresh,fresh,Sweet Potato,BS-FRESH-SWEET-POTATO-2KG-0294,false,,,,2kg,item,2500,0.24,3100,0,5,assets/fresh-vegetables.jpg,Fresh Sweet Potato 2kg Nigeria product pack,Category placeholder – replace with verified product image,Estimated – verify with supplier,,,Nigeria/Imported,2026-08-10,"Stage catalogue item; verify exact pack, image and supplier price before live sale."
Sweet Potato 5kg,Fresh,fresh,Sweet Potato,BS-FRESH-SWEET-POTATO-5KG-0295,false,,,,5kg,item,6850,0.24,8500,0,5,assets/fresh-vegetables.jpg,Fresh Sweet Potato 5kg Nigeria product pack,Category placeholder – replace with verified product image,Estimated – verify with supplier,,,Nigeria/Imported,2026-08-10,"Stage catalogue item; verify exact pack, image and supplier price before live sale."
Banana 1kg,Fresh,fresh,Banana,BS-FRESH-BANANA-1KG-0296,false,,,,1kg,item,1450,0.24,1800,0,5,assets/fresh-vegetables.jpg,Fresh Banana 1kg Nigeria product pack,Category placeholder – replace with verified product image,Estimated – verify with supplier,,,Nigeria/Imported,2026-08-10,"Stage catalogue item; verify exact pack, image and supplier price before live sale."
Banana 2kg,Fresh,fresh,Banana,BS-FRESH-BANANA-2KG-0297,false,,,,2kg,item,2800,0.24,3450,0,5,assets/fresh-vegetables.jpg,Fresh Banana 2kg Nigeria product pack,Category placeholder – replace with verified product image,Estimated – verify with supplier,,,Nigeria/Imported,2026-08-10,"Stage catalogue item; verify exact pack, image and supplier price before live sale."
Orange 1kg,Fresh,fresh,Orange,BS-FRESH-ORANGE-1KG-0298,false,,,,1kg,item,1100,0.24,1350,0,5,assets/fresh-vegetables.jpg,Fresh Orange 1kg Nigeria product pack,Category placeholder – replace with verified product image,Estimated – verify with supplier,,,Nigeria/Imported,2026-08-10,"Stage catalogue item; verify exact pack, image and supplier price before live sale."
Orange 2kg,Fresh,fresh,Orange,BS-FRESH-ORANGE-2KG-0299,false,,,,2kg,item,2250,0.24,2800,0,5,assets/fresh-vegetables.jpg,Fresh Orange 2kg Nigeria product pack,Category placeholder – replace with verified product image,Estimated – verify with supplier,,,Nigeria/Imported,2026-08-10,"Stage catalogue item; verify exact pack, image and supplier price before live sale."
Orange 5kg,Fresh,fresh,Orange,BS-FRESH-ORANGE-5KG-0300,false,,,,5kg,item,6450,0.24,8000,0,5,assets/fresh-vegetables.jpg,Fresh Orange 5kg Nigeria product pack,Category placeholder – replace with verified product image,Estimated – verify with supplier,,,Nigeria/Imported,2026-08-10,"Stage catalogue item; verify exact pack, image and supplier price before live sale."
Pineapple 1 piece,Fresh,fresh,Pineapple,BS-FRESH-PINEAPPLE-1-PIECE-0301,false,,,,1 piece,item,1950,0.24,2400,0,5,assets/fresh-vegetables.jpg,Fresh Pineapple 1 piece Nigeria product pack,Category placeholder – replace with verified product image,Estimated – verify with supplier,,,Nigeria/Imported,2026-08-10,"Stage catalogue item; verify exact pack, image and supplier price before live sale."
Pineapple 3 pieces,Fresh,fresh,Pineapple,BS-FRESH-PINEAPPLE-3-PIECES-0302,false,,,,3 pieces,item,1850,0.24,2300,0,5,assets/fresh-vegetables.jpg,Fresh Pineapple 3 pieces Nigeria product pack,Category placeholder – replace with verified product image,Estimated – verify with supplier,,,Nigeria/Imported,2026-08-10,"Stage catalogue item; verify exact pack, image and supplier price before live sale."
Chicken Whole 1kg,Frozen,fresh,Chicken Whole,BS-FROZEN-CHICKEN-WHOL-1KG-0303,false,,,,1kg,item,3750,0.24,4650,0,5,assets/fresh-vegetables.jpg,Frozen Chicken Whole 1kg Nigeria product pack,Category placeholder – replace with verified product image,Estimated – verify with supplier,,,Nigeria/Imported,2026-08-10,"Stage catalogue item; verify exact pack, image and supplier price before live sale."
Chicken Whole 2kg,Frozen,fresh,Chicken Whole,BS-FROZEN-CHICKEN-WHOL-2KG-0304,false,,,,2kg,item,7150,0.24,8850,0,5,assets/fresh-vegetables.jpg,Frozen Chicken Whole 2kg Nigeria product pack,Category placeholder – replace with verified product image,Estimated – verify with supplier,,,Nigeria/Imported,2026-08-10,"Stage catalogue item; verify exact pack, image and supplier price before live sale."
Chicken Whole 5kg,Frozen,fresh,Chicken Whole,BS-FROZEN-CHICKEN-WHOL-5KG-0305,false,,,,5kg,item,16550,0.24,20500,0,5,assets/fresh-vegetables.jpg,Frozen Chicken Whole 5kg Nigeria product pack,Category placeholder – replace with verified product image,Estimated – verify with supplier,,,Nigeria/Imported,2026-08-10,"Stage catalogue item; verify exact pack, image and supplier price before live sale."
Chicken Whole 10kg,Frozen,fresh,Chicken Whole,BS-FROZEN-CHICKEN-WHOL-10KG-0306,false,,,,10kg,item,33000,0.24,40900,0,5,assets/fresh-vegetables.jpg,Frozen Chicken Whole 10kg Nigeria product pack,Category placeholder – replace with verified product image,Estimated – verify with supplier,,,Nigeria/Imported,2026-08-10,"Stage catalogue item; verify exact pack, image and supplier price before live sale."
Turkey 1kg,Frozen,fresh,Turkey,BS-FROZEN-TURKEY-1KG-0307,false,,,,1kg,item,4900,0.24,6100,0,5,assets/fresh-vegetables.jpg,Frozen Turkey 1kg Nigeria product pack,Category placeholder – replace with verified product image,Estimated – verify with supplier,,,Nigeria/Imported,2026-08-10,"Stage catalogue item; verify exact pack, image and supplier price before live sale."
Turkey 2kg,Frozen,fresh,Turkey,BS-FROZEN-TURKEY-2KG-0308,false,,,,2kg,item,10800,0.24,13400,0,5,assets/fresh-vegetables.jpg,Frozen Turkey 2kg Nigeria product pack,Category placeholder – replace with verified product image,Estimated – verify with supplier,,,Nigeria/Imported,2026-08-10,"Stage catalogue item; verify exact pack, image and supplier price before live sale."
Turkey 5kg,Frozen,fresh,Turkey,BS-FROZEN-TURKEY-5KG-0309,false,,,,5kg,item,26600,0.24,33000,0,5,assets/fresh-vegetables.jpg,Frozen Turkey 5kg Nigeria product pack,Category placeholder – replace with verified product image,Estimated – verify with supplier,,,Nigeria/Imported,2026-08-10,"Stage catalogue item; verify exact pack, image and supplier price before live sale."
Turkey 10kg,Frozen,fresh,Turkey,BS-FROZEN-TURKEY-10KG-0310,false,,,,10kg,item,53750,0.24,66650,0,5,assets/fresh-vegetables.jpg,Frozen Turkey 10kg Nigeria product pack,Category placeholder – replace with verified product image,Estimated – verify with supplier,,,Nigeria/Imported,2026-08-10,"Stage catalogue item; verify exact pack, image and supplier price before live sale."
Beef 500g,Fresh,fresh,Beef,BS-FRESH-BEEF-500G-0311,false,,,,500g,item,2250,0.24,2800,0,5,assets/fresh-vegetables.jpg,Fresh Beef 500g Nigeria product pack,Category placeholder – replace with verified product image,Estimated – verify with supplier,,,Nigeria/Imported,2026-08-10,"Stage catalogue item; verify exact pack, image and supplier price before live sale."
Beef 1kg,Fresh,fresh,Beef,BS-FRESH-BEEF-1KG-0312,false,,,,1kg,item,4000,0.24,4950,0,5,assets/fresh-vegetables.jpg,Fresh Beef 1kg Nigeria product pack,Category placeholder – replace with verified product image,Estimated – verify with supplier,,,Nigeria/Imported,2026-08-10,"Stage catalogue item; verify exact pack, image and supplier price before live sale."
Beef 2kg,Fresh,fresh,Beef,BS-FRESH-BEEF-2KG-0313,false,,,,2kg,item,8100,0.24,10050,0,5,assets/fresh-vegetables.jpg,Fresh Beef 2kg Nigeria product pack,Category placeholder – replace with verified product image,Estimated – verify with supplier,,,Nigeria/Imported,2026-08-10,"Stage catalogue item; verify exact pack, image and supplier price before live sale."
Beef 5kg,Fresh,fresh,Beef,BS-FRESH-BEEF-5KG-0314,false,,,,5kg,item,19700,0.24,24450,0,5,assets/fresh-vegetables.jpg,Fresh Beef 5kg Nigeria product pack,Category placeholder – replace with verified product image,Estimated – verify with supplier,,,Nigeria/Imported,2026-08-10,"Stage catalogue item; verify exact pack, image and supplier price before live sale."
Mackerel Fish 1kg,Frozen,fresh,Mackerel Fish,BS-FROZEN-MACKEREL-FIS-1KG-0315,false,,,,1kg,item,4250,0.24,5250,0,5,assets/fresh-vegetables.jpg,Frozen Mackerel Fish 1kg Nigeria product pack,Category placeholder – replace with verified product image,Estimated – verify with supplier,,,Nigeria/Imported,2026-08-10,"Stage catalogue item; verify exact pack, image and supplier price before live sale."
Mackerel Fish 2kg,Frozen,fresh,Mackerel Fish,BS-FROZEN-MACKEREL-FIS-2KG-0316,false,,,,2kg,item,8650,0.24,10750,0,5,assets/fresh-vegetables.jpg,Frozen Mackerel Fish 2kg Nigeria product pack,Category placeholder – replace with verified product image,Estimated – verify with supplier,,,Nigeria/Imported,2026-08-10,"Stage catalogue item; verify exact pack, image and supplier price before live sale."
Mackerel Fish 5kg,Frozen,fresh,Mackerel Fish,BS-FROZEN-MACKEREL-FIS-5KG-0317,false,,,,5kg,item,19850,0.24,24600,0,5,assets/fresh-vegetables.jpg,Frozen Mackerel Fish 5kg Nigeria product pack,Category placeholder – replace with verified product image,Estimated – verify with supplier,,,Nigeria/Imported,2026-08-10,"Stage catalogue item; verify exact pack, image and supplier price before live sale."
Ariel Laundry Detergent 200g,Ariel,household,Laundry Detergent,BS-ARIEL-LAUNDRY-DETE-200G-0318,false,,,,200g,item,350,0.22,450,0,5,assets/household.jpg,Ariel Laundry Detergent 200g Nigeria product pack,Category placeholder – replace with verified product image,Estimated – verify with supplier,,,Nigeria/Imported,2026-08-10,"Stage catalogue item; verify exact pack, image and supplier price before live sale."
Ariel Laundry Detergent 500g,Ariel,household,Laundry Detergent,BS-ARIEL-LAUNDRY-DETE-500G-0319,false,,,,500g,item,800,0.22,1000,0,5,assets/household.jpg,Ariel Laundry Detergent 500g Nigeria product pack,Category placeholder – replace with verified product image,Estimated – verify with supplier,,,Nigeria/Imported,2026-08-10,"Stage catalogue item; verify exact pack, image and supplier price before live sale."
Ariel Laundry Detergent 1kg,Ariel,household,Laundry Detergent,BS-ARIEL-LAUNDRY-DETE-1KG-0320,false,,,,1kg,item,1850,0.22,2250,0,5,assets/household.jpg,Ariel Laundry Detergent 1kg Nigeria product pack,Category placeholder – replace with verified product image,Estimated – verify with supplier,,,Nigeria/Imported,2026-08-10,"Stage catalogue item; verify exact pack, image and supplier price before live sale."
Ariel Laundry Detergent 2kg,Ariel,household,Laundry Detergent,BS-ARIEL-LAUNDRY-DETE-2KG-0321,false,,,,2kg,item,3650,0.22,4450,0,5,assets/household.jpg,Ariel Laundry Detergent 2kg Nigeria product pack,Category placeholder – replace with verified product image,Estimated – verify with supplier,,,Nigeria/Imported,2026-08-10,"Stage catalogue item; verify exact pack, image and supplier price before live sale."
Omo Laundry Detergent 200g,Omo,household,Laundry Detergent,BS-OMO-LAUNDRY-DETE-200G-0322,false,,,,200g,item,350,0.22,450,0,5,assets/household.jpg,Omo Laundry Detergent 200g Nigeria product pack,Category placeholder – replace with verified product image,Estimated – verify with supplier,,,Nigeria/Imported,2026-08-10,"Stage catalogue item; verify exact pack, image and supplier price before live sale."
Omo Laundry Detergent 500g,Omo,household,Laundry Detergent,BS-OMO-LAUNDRY-DETE-500G-0323,false,,,,500g,item,900,0.22,1100,0,5,assets/household.jpg,Omo Laundry Detergent 500g Nigeria product pack,Category placeholder – replace with verified product image,Estimated – verify with supplier,,,Nigeria/Imported,2026-08-10,"Stage catalogue item; verify exact pack, image and supplier price before live sale."
Omo Laundry Detergent 1kg,Omo,household,Laundry Detergent,BS-OMO-LAUNDRY-DETE-1KG-0324,false,,,,1kg,item,1800,0.22,2200,0,5,assets/household.jpg,Omo Laundry Detergent 1kg Nigeria product pack,Category placeholder – replace with verified product image,Estimated – verify with supplier,,,Nigeria/Imported,2026-08-10,"Stage catalogue item; verify exact pack, image and supplier price before live sale."
Omo Laundry Detergent 2kg,Omo,household,Laundry Detergent,BS-OMO-LAUNDRY-DETE-2KG-0325,false,,,,2kg,item,3050,0.22,3700,0,5,assets/household.jpg,Omo Laundry Detergent 2kg Nigeria product pack,Category placeholder – replace with verified product image,Estimated – verify with supplier,,,Nigeria/Imported,2026-08-10,"Stage catalogue item; verify exact pack, image and supplier price before live sale."
Sunlight Laundry Detergent 200g,Sunlight,household,Laundry Detergent,BS-SUNLIGHT-LAUNDRY-DETE-200G-0326,false,,,,200g,item,300,0.22,350,0,5,assets/household.jpg,Sunlight Laundry Detergent 200g Nigeria product pack,Category placeholder – replace with verified product image,Estimated – verify with supplier,,,Nigeria/Imported,2026-08-10,"Stage catalogue item; verify exact pack, image and supplier price before live sale."
Sunlight Laundry Detergent 500g,Sunlight,household,Laundry Detergent,BS-SUNLIGHT-LAUNDRY-DETE-500G-0327,false,,,,500g,item,750,0.22,900,0,5,assets/household.jpg,Sunlight Laundry Detergent 500g Nigeria product pack,Category placeholder – replace with verified product image,Estimated – verify with supplier,,,Nigeria/Imported,2026-08-10,"Stage catalogue item; verify exact pack, image and supplier price before live sale."
Sunlight Laundry Detergent 1kg,Sunlight,household,Laundry Detergent,BS-SUNLIGHT-LAUNDRY-DETE-1KG-0328,false,,,,1kg,item,1650,0.22,2000,0,5,assets/household.jpg,Sunlight Laundry Detergent 1kg Nigeria product pack,Category placeholder – replace with verified product image,Estimated – verify with supplier,,,Nigeria/Imported,2026-08-10,"Stage catalogue item; verify exact pack, image and supplier price before live sale."
Sunlight Laundry Detergent 2kg,Sunlight,household,Laundry Detergent,BS-SUNLIGHT-LAUNDRY-DETE-2KG-0329,false,,,,2kg,item,3200,0.22,3900,0,5,assets/household.jpg,Sunlight Laundry Detergent 2kg Nigeria product pack,Category placeholder – replace with verified product image,Estimated – verify with supplier,,,Nigeria/Imported,2026-08-10,"Stage catalogue item; verify exact pack, image and supplier price before live sale."
Morning Fresh Dishwashing Liquid 250ml,Morning Fresh,household,Dishwashing Liquid,BS-MORNING--DISHWASHING--250ML-0330,false,,,,250ml,item,300,0.22,350,0,5,assets/household.jpg,Morning Fresh Dishwashing Liquid 250ml Nigeria product pack,Category placeholder – replace with verified product image,Estimated – verify with supplier,,,Nigeria/Imported,2026-08-10,"Stage catalogue item; verify exact pack, image and supplier price before live sale."
Morning Fresh Dishwashing Liquid 500ml,Morning Fresh,household,Dishwashing Liquid,BS-MORNING--DISHWASHING--500ML-0331,false,,,,500ml,item,650,0.22,800,0,5,assets/household.jpg,Morning Fresh Dishwashing Liquid 500ml Nigeria product pack,Category placeholder – replace with verified product image,Estimated – verify with supplier,,,Nigeria/Imported,2026-08-10,"Stage catalogue item; verify exact pack, image and supplier price before live sale."
Morning Fresh Dishwashing Liquid 1L,Morning Fresh,household,Dishwashing Liquid,BS-MORNING--DISHWASHING--1L-0332,false,,,,1L,item,1150,0.22,1400,0,5,assets/household.jpg,Morning Fresh Dishwashing Liquid 1L Nigeria product pack,Category placeholder – replace with verified product image,Estimated – verify with supplier,,,Nigeria/Imported,2026-08-10,"Stage catalogue item; verify exact pack, image and supplier price before live sale."
Hypo Bleach 250ml,Hypo,household,Bleach,BS-HYPO-BLEACH-250ML-0333,false,,,,250ml,item,200,0.22,250,0,5,assets/household.jpg,Hypo Bleach 250ml Nigeria product pack,Category placeholder – replace with verified product image,Estimated – verify with supplier,,,Nigeria/Imported,2026-08-10,"Stage catalogue item; verify exact pack, image and supplier price before live sale."
Hypo Bleach 500ml,Hypo,household,Bleach,BS-HYPO-BLEACH-500ML-0334,false,,,,500ml,item,400,0.22,500,0,5,assets/household.jpg,Hypo Bleach 500ml Nigeria product pack,Category placeholder – replace with verified product image,Estimated – verify with supplier,,,Nigeria/Imported,2026-08-10,"Stage catalogue item; verify exact pack, image and supplier price before live sale."
Hypo Bleach 1L,Hypo,household,Bleach,BS-HYPO-BLEACH-1L-0335,false,,,,1L,item,850,0.22,1050,0,5,assets/household.jpg,Hypo Bleach 1L Nigeria product pack,Category placeholder – replace with verified product image,Estimated – verify with supplier,,,Nigeria/Imported,2026-08-10,"Stage catalogue item; verify exact pack, image and supplier price before live sale."
Dettol Toilet Soap 70g,Dettol,household,Toilet Soap,BS-DETTOL-TOILET-SOAP-70G-0336,false,,,,70g,item,150,0.22,200,0,5,assets/household.jpg,Dettol Toilet Soap 70g Nigeria product pack,Category placeholder – replace with verified product image,Estimated – verify with supplier,,,Nigeria/Imported,2026-08-10,"Stage catalogue item; verify exact pack, image and supplier price before live sale."
Dettol Toilet Soap 110g,Dettol,household,Toilet Soap,BS-DETTOL-TOILET-SOAP-110G-0337,false,,,,110g,item,150,0.22,200,0,5,assets/household.jpg,Dettol Toilet Soap 110g Nigeria product pack,Category placeholder – replace with verified product image,Estimated – verify with supplier,,,Nigeria/Imported,2026-08-10,"Stage catalogue item; verify exact pack, image and supplier price before live sale."
Dettol Toilet Soap 110g x 6,Dettol,household,Toilet Soap,BS-DETTOL-TOILET-SOAP-110G-X-6-0338,false,,,,110g x 6,item,700,0.22,850,0,5,assets/household.jpg,Dettol Toilet Soap 110g x 6 Nigeria product pack,Category placeholder – replace with verified product image,Estimated – verify with supplier,,,Nigeria/Imported,2026-08-10,"Stage catalogue item; verify exact pack, image and supplier price before live sale."
Premier Cool Toilet Soap 70g,Premier Cool,household,Toilet Soap,BS-PREMIER--TOILET-SOAP-70G-0339,false,,,,70g,item,150,0.22,200,0,5,assets/household.jpg,Premier Cool Toilet Soap 70g Nigeria product pack,Category placeholder – replace with verified product image,Estimated – verify with supplier,,,Nigeria/Imported,2026-08-10,"Stage catalogue item; verify exact pack, image and supplier price before live sale."
Premier Cool Toilet Soap 110g,Premier Cool,household,Toilet Soap,BS-PREMIER--TOILET-SOAP-110G-0340,false,,,,110g,item,150,0.22,200,0,5,assets/household.jpg,Premier Cool Toilet Soap 110g Nigeria product pack,Category placeholder – replace with verified product image,Estimated – verify with supplier,,,Nigeria/Imported,2026-08-10,"Stage catalogue item; verify exact pack, image and supplier price before live sale."
Premier Cool Toilet Soap 110g x 6,Premier Cool,household,Toilet Soap,BS-PREMIER--TOILET-SOAP-110G-X-6-0341,false,,,,110g x 6,item,550,0.22,650,0,5,assets/household.jpg,Premier Cool Toilet Soap 110g x 6 Nigeria product pack,Category placeholder – replace with verified product image,Estimated – verify with supplier,,,Nigeria/Imported,2026-08-10,"Stage catalogue item; verify exact pack, image and supplier price before live sale."
Lux Bath Soap 80g,Lux,household,Bath Soap,BS-LUX-BATH-SOAP-80G-0342,false,,,,80g,item,150,0.22,200,0,5,assets/household.jpg,Lux Bath Soap 80g Nigeria product pack,Category placeholder – replace with verified product image,Estimated – verify with supplier,,,Nigeria/Imported,2026-08-10,"Stage catalogue item; verify exact pack, image and supplier price before live sale."
Lux Bath Soap 120g,Lux,household,Bath Soap,BS-LUX-BATH-SOAP-120G-0343,false,,,,120g,item,150,0.22,200,0,5,assets/household.jpg,Lux Bath Soap 120g Nigeria product pack,Category placeholder – replace with verified product image,Estimated – verify with supplier,,,Nigeria/Imported,2026-08-10,"Stage catalogue item; verify exact pack, image and supplier price before live sale."
Lux Bath Soap 120g x 6,Lux,household,Bath Soap,BS-LUX-BATH-SOAP-120G-X-6-0344,false,,,,120g x 6,item,600,0.22,750,0,5,assets/household.jpg,Lux Bath Soap 120g x 6 Nigeria product pack,Category placeholder – replace with verified product image,Estimated – verify with supplier,,,Nigeria/Imported,2026-08-10,"Stage catalogue item; verify exact pack, image and supplier price before live sale."
Closeup Toothpaste 100ml,Closeup,household,Toothpaste,BS-CLOSEUP-TOOTHPASTE-100ML-0345,false,,,,100ml,item,150,0.22,200,0,5,assets/household.jpg,Closeup Toothpaste 100ml Nigeria product pack,Category placeholder – replace with verified product image,Estimated – verify with supplier,,,Nigeria/Imported,2026-08-10,"Stage catalogue item; verify exact pack, image and supplier price before live sale."
Closeup Toothpaste 140ml,Closeup,household,Toothpaste,BS-CLOSEUP-TOOTHPASTE-140ML-0346,false,,,,140ml,item,250,0.22,300,0,5,assets/household.jpg,Closeup Toothpaste 140ml Nigeria product pack,Category placeholder – replace with verified product image,Estimated – verify with supplier,,,Nigeria/Imported,2026-08-10,"Stage catalogue item; verify exact pack, image and supplier price before live sale."
Closeup Toothpaste 200ml,Closeup,household,Toothpaste,BS-CLOSEUP-TOOTHPASTE-200ML-0347,false,,,,200ml,item,350,0.22,450,0,5,assets/household.jpg,Closeup Toothpaste 200ml Nigeria product pack,Category placeholder – replace with verified product image,Estimated – verify with supplier,,,Nigeria/Imported,2026-08-10,"Stage catalogue item; verify exact pack, image and supplier price before live sale."
Pepsodent Toothpaste 100ml,Pepsodent,household,Toothpaste,BS-PEPSODEN-TOOTHPASTE-100ML-0348,false,,,,100ml,item,150,0.22,200,0,5,assets/household.jpg,Pepsodent Toothpaste 100ml Nigeria product pack,Category placeholder – replace with verified product image,Estimated – verify with supplier,,,Nigeria/Imported,2026-08-10,"Stage catalogue item; verify exact pack, image and supplier price before live sale."
Pepsodent Toothpaste 140ml,Pepsodent,household,Toothpaste,BS-PEPSODEN-TOOTHPASTE-140ML-0349,false,,,,140ml,item,200,0.22,250,0,5,assets/household.jpg,Pepsodent Toothpaste 140ml Nigeria product pack,Category placeholder – replace with verified product image,Estimated – verify with supplier,,,Nigeria/Imported,2026-08-10,"Stage catalogue item; verify exact pack, image and supplier price before live sale."
Pepsodent Toothpaste 200ml,Pepsodent,household,Toothpaste,BS-PEPSODEN-TOOTHPASTE-200ML-0350,false,,,,200ml,item,300,0.22,350,0,5,assets/household.jpg,Pepsodent Toothpaste 200ml Nigeria product pack,Category placeholder – replace with verified product image,Estimated – verify with supplier,,,Nigeria/Imported,2026-08-10,"Stage catalogue item; verify exact pack, image and supplier price before live sale."
Rose Carla Tissue Paper 4 rolls,Rose Carla,household,Tissue Paper,BS-ROSE-CAR-TISSUE-PAPER-4-ROLLS-0351,false,,,,4 rolls,item,1650,0.22,2000,0,5,assets/household.jpg,Rose Carla Tissue Paper 4 rolls Nigeria product pack,Category placeholder – replace with verified product image,Estimated – verify with supplier,,,Nigeria/Imported,2026-08-10,"Stage catalogue item; verify exact pack, image and supplier price before live sale."
Rose Carla Tissue Paper 10 rolls,Rose Carla,household,Tissue Paper,BS-ROSE-CAR-TISSUE-PAPER-10-ROLLS-0352,false,,,,10 rolls,item,2550,0.22,3100,0,5,assets/household.jpg,Rose Carla Tissue Paper 10 rolls Nigeria product pack,Category placeholder – replace with verified product image,Estimated – verify with supplier,,,Nigeria/Imported,2026-08-10,"Stage catalogue item; verify exact pack, image and supplier price before live sale."
Rose Carla Tissue Paper 24 rolls,Rose Carla,household,Tissue Paper,BS-ROSE-CAR-TISSUE-PAPER-24-ROLLS-0353,false,,,,24 rolls,item,6550,0.22,8000,0,5,assets/household.jpg,Rose Carla Tissue Paper 24 rolls Nigeria product pack,Category placeholder – replace with verified product image,Estimated – verify with supplier,,,Nigeria/Imported,2026-08-10,"Stage catalogue item; verify exact pack, image and supplier price before live sale."
Familia Tissue Paper 4 rolls,Familia,household,Tissue Paper,BS-FAMILIA-TISSUE-PAPER-4-ROLLS-0354,false,,,,4 rolls,item,1600,0.22,1950,0,5,assets/household.jpg,Familia Tissue Paper 4 rolls Nigeria product pack,Category placeholder – replace with verified product image,Estimated – verify with supplier,,,Nigeria/Imported,2026-08-10,"Stage catalogue item; verify exact pack, image and supplier price before live sale."
Familia Tissue Paper 10 rolls,Familia,household,Tissue Paper,BS-FAMILIA-TISSUE-PAPER-10-ROLLS-0355,false,,,,10 rolls,item,3100,0.22,3800,0,5,assets/household.jpg,Familia Tissue Paper 10 rolls Nigeria product pack,Category placeholder – replace with verified product image,Estimated – verify with supplier,,,Nigeria/Imported,2026-08-10,"Stage catalogue item; verify exact pack, image and supplier price before live sale."
Familia Tissue Paper 24 rolls,Familia,household,Tissue Paper,BS-FAMILIA-TISSUE-PAPER-24-ROLLS-0356,false,,,,24 rolls,item,6450,0.22,7850,0,5,assets/household.jpg,Familia Tissue Paper 24 rolls Nigeria product pack,Category placeholder – replace with verified product image,Estimated – verify with supplier,,,Nigeria/Imported,2026-08-10,"Stage catalogue item; verify exact pack, image and supplier price before live sale."
Raid Insecticide 300ml,Raid,household,Insecticide,BS-RAID-INSECTICIDE-300ML-0357,false,,,,300ml,item,800,0.22,1000,0,5,assets/household.jpg,Raid Insecticide 300ml Nigeria product pack,Category placeholder – replace with verified product image,Estimated – verify with supplier,,,Nigeria/Imported,2026-08-10,"Stage catalogue item; verify exact pack, image and supplier price before live sale."
Raid Insecticide 500ml,Raid,household,Insecticide,BS-RAID-INSECTICIDE-500ML-0358,false,,,,500ml,item,1200,0.22,1450,0,5,assets/household.jpg,Raid Insecticide 500ml Nigeria product pack,Category placeholder – replace with verified product image,Estimated – verify with supplier,,,Nigeria/Imported,2026-08-10,"Stage catalogue item; verify exact pack, image and supplier price before live sale."
Mortein Insecticide 300ml,Mortein,household,Insecticide,BS-MORTEIN-INSECTICIDE-300ML-0359,false,,,,300ml,item,700,0.22,850,0,5,assets/household.jpg,Mortein Insecticide 300ml Nigeria product pack,Category placeholder – replace with verified product image,Estimated – verify with supplier,,,Nigeria/Imported,2026-08-10,"Stage catalogue item; verify exact pack, image and supplier price before live sale."
Mortein Insecticide 500ml,Mortein,household,Insecticide,BS-MORTEIN-INSECTICIDE-500ML-0360,false,,,,500ml,item,1250,0.22,1500,0,5,assets/household.jpg,Mortein Insecticide 500ml Nigeria product pack,Category placeholder – replace with verified product image,Estimated – verify with supplier,,,Nigeria/Imported,2026-08-10,"Stage catalogue item; verify exact pack, image and supplier price before live sale."
Air Wick Air Freshener 250ml,Air Wick,household,Air Freshener,BS-AIR-WICK-AIR-FRESHENE-250ML-0361,false,,,,250ml,item,900,0.22,1100,0,5,assets/household.jpg,Air Wick Air Freshener 250ml Nigeria product pack,Category placeholder – replace with verified product image,Estimated – verify with supplier,,,Nigeria/Imported,2026-08-10,"Stage catalogue item; verify exact pack, image and supplier price before live sale."
Air Wick Air Freshener 300ml,Air Wick,household,Air Freshener,BS-AIR-WICK-AIR-FRESHENE-300ML-0362,false,,,,300ml,item,1050,0.22,1300,0,5,assets/household.jpg,Air Wick Air Freshener 300ml Nigeria product pack,Category placeholder – replace with verified product image,Estimated – verify with supplier,,,Nigeria/Imported,2026-08-10,"Stage catalogue item; verify exact pack, image and supplier price before live sale."
Always Sanitary Pads 8 pads,Always,household,Sanitary Pads,BS-ALWAYS-SANITARY-PAD-8-PADS-0363,false,,,,8 pads,item,2450,0.22,3000,0,5,assets/household.jpg,Always Sanitary Pads 8 pads Nigeria product pack,Category placeholder – replace with verified product image,Estimated – verify with supplier,,,Nigeria/Imported,2026-08-10,"Stage catalogue item; verify exact pack, image and supplier price before live sale."
Always Sanitary Pads 16 pads,Always,household,Sanitary Pads,BS-ALWAYS-SANITARY-PAD-16-PADS-0364,false,,,,16 pads,item,4850,0.22,5900,0,5,assets/household.jpg,Always Sanitary Pads 16 pads Nigeria product pack,Category placeholder – replace with verified product image,Estimated – verify with supplier,,,Nigeria/Imported,2026-08-10,"Stage catalogue item; verify exact pack, image and supplier price before live sale."
Always Sanitary Pads 32 pads,Always,household,Sanitary Pads,BS-ALWAYS-SANITARY-PAD-32-PADS-0365,false,,,,32 pads,item,9500,0.22,11600,0,5,assets/household.jpg,Always Sanitary Pads 32 pads Nigeria product pack,Category placeholder – replace with verified product image,Estimated – verify with supplier,,,Nigeria/Imported,2026-08-10,"Stage catalogue item; verify exact pack, image and supplier price before live sale."
Pampers Baby Diapers Small 20,Pampers,household,Baby Diapers,BS-PAMPERS-BABY-DIAPERS-SMALL-20-0366,false,,,,Small 20,item,4600,0.22,5600,0,5,assets/household.jpg,Pampers Baby Diapers Small 20 Nigeria product pack,Category placeholder – replace with verified product image,Estimated – verify with supplier,,,Nigeria/Imported,2026-08-10,"Stage catalogue item; verify exact pack, image and supplier price before live sale."
Pampers Baby Diapers Medium 20,Pampers,household,Baby Diapers,BS-PAMPERS-BABY-DIAPERS-MEDIUM-20-0367,false,,,,Medium 20,item,4350,0.22,5300,0,5,assets/household.jpg,Pampers Baby Diapers Medium 20 Nigeria product pack,Category placeholder – replace with verified product image,Estimated – verify with supplier,,,Nigeria/Imported,2026-08-10,"Stage catalogue item; verify exact pack, image and supplier price before live sale."
Pampers Baby Diapers Large 20,Pampers,household,Baby Diapers,BS-PAMPERS-BABY-DIAPERS-LARGE-20-0368,false,,,,Large 20,item,6600,0.22,8050,0,5,assets/household.jpg,Pampers Baby Diapers Large 20 Nigeria product pack,Category placeholder – replace with verified product image,Estimated – verify with supplier,,,Nigeria/Imported,2026-08-10,"Stage catalogue item; verify exact pack, image and supplier price before live sale."
Pampers Baby Diapers XL 20,Pampers,household,Baby Diapers,BS-PAMPERS-BABY-DIAPERS-XL-20-0369,false,,,,XL 20,item,4150,0.22,5050,0,5,assets/household.jpg,Pampers Baby Diapers XL 20 Nigeria product pack,Category placeholder – replace with verified product image,Estimated – verify with supplier,,,Nigeria/Imported,2026-08-10,"Stage catalogue item; verify exact pack, image and supplier price before live sale."
Big Bull Rice 1kg - Bundle of 2,Big Bull,grains,Rice,BS-BIG-BULL-RICE-1KG-0001-B2,false,,,,1kg x 2,item,1250,0.16,1450,0,5,assets/rice.jpg,Big Bull Rice 1kg Nigeria product pack bundle 2,Category placeholder – replace with verified product image,Estimated – verify with supplier,,,Nigeria/Imported,2026-08-10,"Stage catalogue item; verify exact pack, image and supplier price before live sale."
Big Bull Rice 2kg - Bundle of 2,Big Bull,grains,Rice,BS-BIG-BULL-RICE-2KG-0002-B2,false,,,,2kg x 2,item,2350,0.16,2750,0,5,assets/rice.jpg,Big Bull Rice 2kg Nigeria product pack bundle 2,Category placeholder – replace with verified product image,Estimated – verify with supplier,,,Nigeria/Imported,2026-08-10,"Stage catalogue item; verify exact pack, image and supplier price before live sale."
Big Bull Rice 5kg - Bundle of 2,Big Bull,grains,Rice,BS-BIG-BULL-RICE-5KG-0003-B2,false,,,,5kg x 2,item,6100,0.16,7100,0,5,assets/rice.jpg,Big Bull Rice 5kg Nigeria product pack bundle 2,Category placeholder – replace with verified product image,Estimated – verify with supplier,,,Nigeria/Imported,2026-08-10,"Stage catalogue item; verify exact pack, image and supplier price before live sale."
Big Bull Rice 10kg - Bundle of 2,Big Bull,grains,Rice,BS-BIG-BULL-RICE-10KG-0004-B2,false,,,,10kg x 2,item,12100,0.16,14050,0,5,assets/rice.jpg,Big Bull Rice 10kg Nigeria product pack bundle 2,Category placeholder – replace with verified product image,Estimated – verify with supplier,,,Nigeria/Imported,2026-08-10,"Stage catalogue item; verify exact pack, image and supplier price before live sale."
Big Bull Rice 25kg - Bundle of 2,Big Bull,grains,Rice,BS-BIG-BULL-RICE-25KG-0005-B2,false,,,,25kg x 2,item,33150,0.16,38450,0,5,assets/rice.jpg,Big Bull Rice 25kg Nigeria product pack bundle 2,Category placeholder – replace with verified product image,Estimated – verify with supplier,,,Nigeria/Imported,2026-08-10,"Stage catalogue item; verify exact pack, image and supplier price before live sale."
Big Bull Rice 50kg - Bundle of 2,Big Bull,grains,Rice,BS-BIG-BULL-RICE-50KG-0006-B2,false,,,,50kg x 2,item,65650,0.16,76150,0,5,assets/rice.jpg,Big Bull Rice 50kg Nigeria product pack bundle 2,Category placeholder – replace with verified product image,Estimated – verify with supplier,,,Nigeria/Imported,2026-08-10,"Stage catalogue item; verify exact pack, image and supplier price before live sale."
Mama Gold Rice 1kg - Bundle of 2,Mama Gold,grains,Rice,BS-MAMA-GOL-RICE-1KG-0007-B2,false,,,,1kg x 2,item,1450,0.16,1700,0,5,assets/rice.jpg,Mama Gold Rice 1kg Nigeria product pack bundle 2,Category placeholder – replace with verified product image,Estimated – verify with supplier,,,Nigeria/Imported,2026-08-10,"Stage catalogue item; verify exact pack, image and supplier price before live sale."
Mama Gold Rice 5kg - Bundle of 2,Mama Gold,grains,Rice,BS-MAMA-GOL-RICE-5KG-0008-B2,false,,,,5kg x 2,item,6300,0.16,7300,0,5,assets/rice.jpg,Mama Gold Rice 5kg Nigeria product pack bundle 2,Category placeholder – replace with verified product image,Estimated – verify with supplier,,,Nigeria/Imported,2026-08-10,"Stage catalogue item; verify exact pack, image and supplier price before live sale."
Mama Gold Rice 10kg - Bundle of 2,Mama Gold,grains,Rice,BS-MAMA-GOL-RICE-10KG-0009-B2,false,,,,10kg x 2,item,13500,0.16,15650,0,5,assets/rice.jpg,Mama Gold Rice 10kg Nigeria product pack bundle 2,Category placeholder – replace with verified product image,Estimated – verify with supplier,,,Nigeria/Imported,2026-08-10,"Stage catalogue item; verify exact pack, image and supplier price before live sale."
Mama Gold Rice 25kg - Bundle of 2,Mama Gold,grains,Rice,BS-MAMA-GOL-RICE-25KG-0010-B2,false,,,,25kg x 2,item,31450,0.16,36500,0,5,assets/rice.jpg,Mama Gold Rice 25kg Nigeria product pack bundle 2,Category placeholder – replace with verified product image,Estimated – verify with supplier,,,Nigeria/Imported,2026-08-10,"Stage catalogue item; verify exact pack, image and supplier price before live sale."
Mama Gold Rice 50kg - Bundle of 2,Mama Gold,grains,Rice,BS-MAMA-GOL-RICE-50KG-0011-B2,false,,,,50kg x 2,item,65200,0.16,75650,0,5,assets/rice.jpg,Mama Gold Rice 50kg Nigeria product pack bundle 2,Category placeholder – replace with verified product image,Estimated – verify with supplier,,,Nigeria/Imported,2026-08-10,"Stage catalogue item; verify exact pack, image and supplier price before live sale."
Royal Stallion Rice 1kg - Bundle of 2,Royal Stallion,grains,Rice,BS-ROYAL-ST-RICE-1KG-0012-B2,false,,,,1kg x 2,item,1450,0.16,1700,0,5,assets/rice.jpg,Royal Stallion Rice 1kg Nigeria product pack bundle 2,Category placeholder – replace with verified product image,Estimated – verify with supplier,,,Nigeria/Imported,2026-08-10,"Stage catalogue item; verify exact pack, image and supplier price before live sale."
Royal Stallion Rice 5kg - Bundle of 2,Royal Stallion,grains,Rice,BS-ROYAL-ST-RICE-5KG-0013-B2,false,,,,5kg x 2,item,6500,0.16,7550,0,5,assets/rice.jpg,Royal Stallion Rice 5kg Nigeria product pack bundle 2,Category placeholder – replace with verified product image,Estimated – verify with supplier,,,Nigeria/Imported,2026-08-10,"Stage catalogue item; verify exact pack, image and supplier price before live sale."
Royal Stallion Rice 10kg - Bundle of 2,Royal Stallion,grains,Rice,BS-ROYAL-ST-RICE-10KG-0014-B2,false,,,,10kg x 2,item,13400,0.16,15550,0,5,assets/rice.jpg,Royal Stallion Rice 10kg Nigeria product pack bundle 2,Category placeholder – replace with verified product image,Estimated – verify with supplier,,,Nigeria/Imported,2026-08-10,"Stage catalogue item; verify exact pack, image and supplier price before live sale."
Royal Stallion Rice 25kg - Bundle of 2,Royal Stallion,grains,Rice,BS-ROYAL-ST-RICE-25KG-0015-B2,false,,,,25kg x 2,item,36200,0.16,42000,0,5,assets/rice.jpg,Royal Stallion Rice 25kg Nigeria product pack bundle 2,Category placeholder – replace with verified product image,Estimated – verify with supplier,,,Nigeria/Imported,2026-08-10,"Stage catalogue item; verify exact pack, image and supplier price before live sale."
Royal Stallion Rice 50kg - Bundle of 2,Royal Stallion,grains,Rice,BS-ROYAL-ST-RICE-50KG-0016-B2,false,,,,50kg x 2,item,71100,0.16,82500,0,5,assets/rice.jpg,Royal Stallion Rice 50kg Nigeria product pack bundle 2,Category placeholder – replace with verified product image,Estimated – verify with supplier,,,Nigeria/Imported,2026-08-10,"Stage catalogue item; verify exact pack, image and supplier price before live sale."
Cap Rice Rice 1kg - Bundle of 2,Cap Rice,grains,Rice,BS-CAP-RICE-RICE-1KG-0017-B2,false,,,,1kg x 2,item,1250,0.16,1450,0,5,assets/rice.jpg,Cap Rice Rice 1kg Nigeria product pack bundle 2,Category placeholder – replace with verified product image,Estimated – verify with supplier,,,Nigeria/Imported,2026-08-10,"Stage catalogue item; verify exact pack, image and supplier price before live sale."
Cap Rice Rice 5kg - Bundle of 2,Cap Rice,grains,Rice,BS-CAP-RICE-RICE-5KG-0018-B2,false,,,,5kg x 2,item,6800,0.16,7900,0,5,assets/rice.jpg,Cap Rice Rice 5kg Nigeria product pack bundle 2,Category placeholder – replace with verified product image,Estimated – verify with supplier,,,Nigeria/Imported,2026-08-10,"Stage catalogue item; verify exact pack, image and supplier price before live sale."
Cap Rice Rice 10kg - Bundle of 2,Cap Rice,grains,Rice,BS-CAP-RICE-RICE-10KG-0019-B2,false,,,,10kg x 2,item,14050,0.16,16300,0,5,assets/rice.jpg,Cap Rice Rice 10kg Nigeria product pack bundle 2,Category placeholder – replace with verified product image,Estimated – verify with supplier,,,Nigeria/Imported,2026-08-10,"Stage catalogue item; verify exact pack, image and supplier price before live sale."
Cap Rice Rice 25kg - Bundle of 2,Cap Rice,grains,Rice,BS-CAP-RICE-RICE-25KG-0020-B2,false,,,,25kg x 2,item,30350,0.16,35200,0,5,assets/rice.jpg,Cap Rice Rice 25kg Nigeria product pack bundle 2,Category placeholder – replace with verified product image,Estimated – verify with supplier,,,Nigeria/Imported,2026-08-10,"Stage catalogue item; verify exact pack, image and supplier price before live sale."
Cap Rice Rice 50kg - Bundle of 2,Cap Rice,grains,Rice,BS-CAP-RICE-RICE-50KG-0021-B2,false,,,,50kg x 2,item,70250,0.16,81500,0,5,assets/rice.jpg,Cap Rice Rice 50kg Nigeria product pack bundle 2,Category placeholder – replace with verified product image,Estimated – verify with supplier,,,Nigeria/Imported,2026-08-10,"Stage catalogue item; verify exact pack, image and supplier price before live sale."
Tropical Sun Basmati Rice 1kg - Bundle of 2,Tropical Sun,grains,Basmati Rice,BS-TROPICAL-BASMATI-RICE-1KG-0022-B2,false,,,,1kg x 2,item,3000,0.16,3500,0,5,assets/rice.jpg,Tropical Sun Basmati Rice 1kg Nigeria product pack bundle 2,Category placeholder – replace with verified product image,Estimated – verify with supplier,,,Nigeria/Imported,2026-08-10,"Stage catalogue item; verify exact pack, image and supplier price before live sale."
Tropical Sun Basmati Rice 2kg - Bundle of 2,Tropical Sun,grains,Basmati Rice,BS-TROPICAL-BASMATI-RICE-2KG-0023-B2,false,,,,2kg x 2,item,5700,0.16,6600,0,5,assets/rice.jpg,Tropical Sun Basmati Rice 2kg Nigeria product pack bundle 2,Category placeholder – replace with verified product image,Estimated – verify with supplier,,,Nigeria/Imported,2026-08-10,"Stage catalogue item; verify exact pack, image and supplier price before live sale."
Tropical Sun Basmati Rice 5kg - Bundle of 2,Tropical Sun,grains,Basmati Rice,BS-TROPICAL-BASMATI-RICE-5KG-0024-B2,false,,,,5kg x 2,item,13750,0.16,15950,0,5,assets/rice.jpg,Tropical Sun Basmati Rice 5kg Nigeria product pack bundle 2,Category placeholder – replace with verified product image,Estimated – verify with supplier,,,Nigeria/Imported,2026-08-10,"Stage catalogue item; verify exact pack, image and supplier price before live sale."
Tropical Sun Basmati Rice 10kg - Bundle of 2,Tropical Sun,grains,Basmati Rice,BS-TROPICAL-BASMATI-RICE-10KG-0025-B2,false,,,,10kg x 2,item,31800,0.16,36900,0,5,assets/rice.jpg,Tropical Sun Basmati Rice 10kg Nigeria product pack bundle 2,Category placeholder – replace with verified product image,Estimated – verify with supplier,,,Nigeria/Imported,2026-08-10,"Stage catalogue item; verify exact pack, image and supplier price before live sale."
Brown Beans 500g - Bundle of 2,Generic,grains,Brown Beans,BS-GENERIC-BROWN-BEANS-500G-0026-B2,false,,,,500g x 2,item,800,0.16,950,0,5,assets/rice.jpg,Generic Brown Beans 500g Nigeria product pack bundle 2,Category placeholder – replace with verified product image,Estimated – verify with supplier,,,Nigeria/Imported,2026-08-10,"Stage catalogue item; verify exact pack, image and supplier price before live sale."
Brown Beans 1kg - Bundle of 2,Generic,grains,Brown Beans,BS-GENERIC-BROWN-BEANS-1KG-0027-B2,false,,,,1kg x 2,item,1550,0.16,1800,0,5,assets/rice.jpg,Generic Brown Beans 1kg Nigeria product pack bundle 2,Category placeholder – replace with verified product image,Estimated – verify with supplier,,,Nigeria/Imported,2026-08-10,"Stage catalogue item; verify exact pack, image and supplier price before live sale."
Brown Beans 2kg - Bundle of 2,Generic,grains,Brown Beans,BS-GENERIC-BROWN-BEANS-2KG-0028-B2,false,,,,2kg x 2,item,3100,0.16,3600,0,5,assets/rice.jpg,Generic Brown Beans 2kg Nigeria product pack bundle 2,Category placeholder – replace with verified product image,Estimated – verify with supplier,,,Nigeria/Imported,2026-08-10,"Stage catalogue item; verify exact pack, image and supplier price before live sale."
Brown Beans 5kg - Bundle of 2,Generic,grains,Brown Beans,BS-GENERIC-BROWN-BEANS-5KG-0029-B2,false,,,,5kg x 2,item,8850,0.16,10250,0,5,assets/rice.jpg,Generic Brown Beans 5kg Nigeria product pack bundle 2,Category placeholder – replace with verified product image,Estimated – verify with supplier,,,Nigeria/Imported,2026-08-10,"Stage catalogue item; verify exact pack, image and supplier price before live sale."
Brown Beans 10kg - Bundle of 2,Generic,grains,Brown Beans,BS-GENERIC-BROWN-BEANS-10KG-0030-B2,false,,,,10kg x 2,item,17000,0.16,19700,0,5,assets/rice.jpg,Generic Brown Beans 10kg Nigeria product pack bundle 2,Category placeholder – replace with verified product image,Estimated – verify with supplier,,,Nigeria/Imported,2026-08-10,"Stage catalogue item; verify exact pack, image and supplier price before live sale."
Brown Beans 25kg - Bundle of 2,Generic,grains,Brown Beans,BS-GENERIC-BROWN-BEANS-25KG-0031-B2,false,,,,25kg x 2,item,43950,0.16,51000,0,5,assets/rice.jpg,Generic Brown Beans 25kg Nigeria product pack bundle 2,Category placeholder – replace with verified product image,Estimated – verify with supplier,,,Nigeria/Imported,2026-08-10,"Stage catalogue item; verify exact pack, image and supplier price before live sale."
White Beans 500g - Bundle of 2,Generic,grains,White Beans,BS-GENERIC-WHITE-BEANS-500G-0032-B2,false,,,,500g x 2,item,850,0.16,1000,0,5,assets/rice.jpg,Generic White Beans 500g Nigeria product pack bundle 2,Category placeholder – replace with verified product image,Estimated – verify with supplier,,,Nigeria/Imported,2026-08-10,"Stage catalogue item; verify exact pack, image and supplier price before live sale."
White Beans 1kg - Bundle of 2,Generic,grains,White Beans,BS-GENERIC-WHITE-BEANS-1KG-0033-B2,false,,,,1kg x 2,item,1750,0.16,2050,0,5,assets/rice.jpg,Generic White Beans 1kg Nigeria product pack bundle 2,Category placeholder – replace with verified product image,Estimated – verify with supplier,,,Nigeria/Imported,2026-08-10,"Stage catalogue item; verify exact pack, image and supplier price before live sale."
White Beans 2kg - Bundle of 2,Generic,grains,White Beans,BS-GENERIC-WHITE-BEANS-2KG-0034-B2,false,,,,2kg x 2,item,3800,0.16,4400,0,5,assets/rice.jpg,Generic White Beans 2kg Nigeria product pack bundle 2,Category placeholder – replace with verified product image,Estimated – verify with supplier,,,Nigeria/Imported,2026-08-10,"Stage catalogue item; verify exact pack, image and supplier price before live sale."
White Beans 5kg - Bundle of 2,Generic,grains,White Beans,BS-GENERIC-WHITE-BEANS-5KG-0035-B2,false,,,,5kg x 2,item,8650,0.16,10050,0,5,assets/rice.jpg,Generic White Beans 5kg Nigeria product pack bundle 2,Category placeholder – replace with verified product image,Estimated – verify with supplier,,,Nigeria/Imported,2026-08-10,"Stage catalogue item; verify exact pack, image and supplier price before live sale."
White Beans 10kg - Bundle of 2,Generic,grains,White Beans,BS-GENERIC-WHITE-BEANS-10KG-0036-B2,false,,,,10kg x 2,item,17750,0.16,20600,0,5,assets/rice.jpg,Generic White Beans 10kg Nigeria product pack bundle 2,Category placeholder – replace with verified product image,Estimated – verify with supplier,,,Nigeria/Imported,2026-08-10,"Stage catalogue item; verify exact pack, image and supplier price before live sale."
White Beans 25kg - Bundle of 2,Generic,grains,White Beans,BS-GENERIC-WHITE-BEANS-25KG-0037-B2,false,,,,25kg x 2,item,46650,0.16,54100,0,5,assets/rice.jpg,Generic White Beans 25kg Nigeria product pack bundle 2,Category placeholder – replace with verified product image,Estimated – verify with supplier,,,Nigeria/Imported,2026-08-10,"Stage catalogue item; verify exact pack, image and supplier price before live sale."
Garri White 500g - Bundle of 2,Generic,grains,Garri White,BS-GENERIC-GARRI-WHITE-500G-0038-B2,false,,,,500g x 2,item,600,0.16,700,0,5,assets/rice.jpg,Generic Garri White 500g Nigeria product pack bundle 2,Category placeholder – replace with verified product image,Estimated – verify with supplier,,,Nigeria/Imported,2026-08-10,"Stage catalogue item; verify exact pack, image and supplier price before live sale."
Garri White 1kg - Bundle of 2,Generic,grains,Garri White,BS-GENERIC-GARRI-WHITE-1KG-0039-B2,false,,,,1kg x 2,item,1250,0.16,1450,0,5,assets/rice.jpg,Generic Garri White 1kg Nigeria product pack bundle 2,Category placeholder – replace with verified product image,Estimated – verify with supplier,,,Nigeria/Imported,2026-08-10,"Stage catalogue item; verify exact pack, image and supplier price before live sale."
Garri White 2kg - Bundle of 2,Generic,grains,Garri White,BS-GENERIC-GARRI-WHITE-2KG-0040-B2,false,,,,2kg x 2,item,2400,0.16,2800,0,5,assets/rice.jpg,Generic Garri White 2kg Nigeria product pack bundle 2,Category placeholder – replace with verified product image,Estimated – verify with supplier,,,Nigeria/Imported,2026-08-10,"Stage catalogue item; verify exact pack, image and supplier price before live sale."
Garri White 5kg - Bundle of 2,Generic,grains,Garri White,BS-GENERIC-GARRI-WHITE-5KG-0041-B2,false,,,,5kg x 2,item,6100,0.16,7100,0,5,assets/rice.jpg,Generic Garri White 5kg Nigeria product pack bundle 2,Category placeholder – replace with verified product image,Estimated – verify with supplier,,,Nigeria/Imported,2026-08-10,"Stage catalogue item; verify exact pack, image and supplier price before live sale."
Garri White 10kg - Bundle of 2,Generic,grains,Garri White,BS-GENERIC-GARRI-WHITE-10KG-0042-B2,false,,,,10kg x 2,item,10750,0.16,12450,0,5,assets/rice.jpg,Generic Garri White 10kg Nigeria product pack bundle 2,Category placeholder – replace with verified product image,Estimated – verify with supplier,,,Nigeria/Imported,2026-08-10,"Stage catalogue item; verify exact pack, image and supplier price before live sale."
Garri White 25kg - Bundle of 2,Generic,grains,Garri White,BS-GENERIC-GARRI-WHITE-25KG-0043-B2,false,,,,25kg x 2,item,27950,0.16,32400,0,5,assets/rice.jpg,Generic Garri White 25kg Nigeria product pack bundle 2,Category placeholder – replace with verified product image,Estimated – verify with supplier,,,Nigeria/Imported,2026-08-10,"Stage catalogue item; verify exact pack, image and supplier price before live sale."
Garri Yellow 500g - Bundle of 2,Generic,grains,Garri Yellow,BS-GENERIC-GARRI-YELLOW-500G-0044-B2,false,,,,500g x 2,item,600,0.16,700,0,5,assets/rice.jpg,Generic Garri Yellow 500g Nigeria product pack bundle 2,Category placeholder – replace with verified product image,Estimated – verify with supplier,,,Nigeria/Imported,2026-08-10,"Stage catalogue item; verify exact pack, image and supplier price before live sale."
Garri Yellow 1kg - Bundle of 2,Generic,grains,Garri Yellow,BS-GENERIC-GARRI-YELLOW-1KG-0045-B2,false,,,,1kg x 2,item,1150,0.16,1350,0,5,assets/rice.jpg,Generic Garri Yellow 1kg Nigeria product pack bundle 2,Category placeholder – replace with verified product image,Estimated – verify with supplier,,,Nigeria/Imported,2026-08-10,"Stage catalogue item; verify exact pack, image and supplier price before live sale."
Garri Yellow 2kg - Bundle of 2,Generic,grains,Garri Yellow,BS-GENERIC-GARRI-YELLOW-2KG-0046-B2,false,,,,2kg x 2,item,2400,0.16,2800,0,5,assets/rice.jpg,Generic Garri Yellow 2kg Nigeria product pack bundle 2,Category placeholder – replace with verified product image,Estimated – verify with supplier,,,Nigeria/Imported,2026-08-10,"Stage catalogue item; verify exact pack, image and supplier price before live sale."
Garri Yellow 5kg - Bundle of 2,Generic,grains,Garri Yellow,BS-GENERIC-GARRI-YELLOW-5KG-0047-B2,false,,,,5kg x 2,item,5900,0.16,6850,0,5,assets/rice.jpg,Generic Garri Yellow 5kg Nigeria product pack bundle 2,Category placeholder – replace with verified product image,Estimated – verify with supplier,,,Nigeria/Imported,2026-08-10,"Stage catalogue item; verify exact pack, image and supplier price before live sale."
Garri Yellow 10kg - Bundle of 2,Generic,grains,Garri Yellow,BS-GENERIC-GARRI-YELLOW-10KG-0048-B2,false,,,,10kg x 2,item,12200,0.16,14150,0,5,assets/rice.jpg,Generic Garri Yellow 10kg Nigeria product pack bundle 2,Category placeholder – replace with verified product image,Estimated – verify with supplier,,,Nigeria/Imported,2026-08-10,"Stage catalogue item; verify exact pack, image and supplier price before live sale."
Garri Yellow 25kg - Bundle of 2,Generic,grains,Garri Yellow,BS-GENERIC-GARRI-YELLOW-25KG-0049-B2,false,,,,25kg x 2,item,32600,0.16,37800,0,5,assets/rice.jpg,Generic Garri Yellow 25kg Nigeria product pack bundle 2,Category placeholder – replace with verified product image,Estimated – verify with supplier,,,Nigeria/Imported,2026-08-10,"Stage catalogue item; verify exact pack, image and supplier price before live sale."
Golden Penny Semolina 500g - Bundle of 2,Golden Penny,grains,Semolina,BS-GOLDEN-P-SEMOLINA-500G-0050-B2,false,,,,500g x 2,item,850,0.16,1000,0,5,assets/rice.jpg,Golden Penny Semolina 500g Nigeria product pack bundle 2,Category placeholder – replace with verified product image,Estimated – verify with supplier,,,Nigeria/Imported,2026-08-10,"Stage catalogue item; verify exact pack, image and supplier price before live sale."
Golden Penny Semolina 1kg - Bundle of 2,Golden Penny,grains,Semolina,BS-GOLDEN-P-SEMOLINA-1KG-0051-B2,false,,,,1kg x 2,item,1750,0.16,2050,0,5,assets/rice.jpg,Golden Penny Semolina 1kg Nigeria product pack bundle 2,Category placeholder – replace with verified product image,Estimated – verify with supplier,,,Nigeria/Imported,2026-08-10,"Stage catalogue item; verify exact pack, image and supplier price before live sale."
Golden Penny Semolina 2kg - Bundle of 2,Golden Penny,grains,Semolina,BS-GOLDEN-P-SEMOLINA-2KG-0052-B2,false,,,,2kg x 2,item,3300,0.16,3850,0,5,assets/rice.jpg,Golden Penny Semolina 2kg Nigeria product pack bundle 2,Category placeholder – replace with verified product image,Estimated – verify with supplier,,,Nigeria/Imported,2026-08-10,"Stage catalogue item; verify exact pack, image and supplier price before live sale."
Golden Penny Semolina 5kg - Bundle of 2,Golden Penny,grains,Semolina,BS-GOLDEN-P-SEMOLINA-5KG-0053-B2,false,,,,5kg x 2,item,8450,0.16,9800,0,5,assets/rice.jpg,Golden Penny Semolina 5kg Nigeria product pack bundle 2,Category placeholder – replace with verified product image,Estimated – verify with supplier,,,Nigeria/Imported,2026-08-10,"Stage catalogue item; verify exact pack, image and supplier price before live sale."
Golden Penny Semolina 10kg - Bundle of 2,Golden Penny,grains,Semolina,BS-GOLDEN-P-SEMOLINA-10KG-0054-B2,false,,,,10kg x 2,item,19000,0.16,22050,0,5,assets/rice.jpg,Golden Penny Semolina 10kg Nigeria product pack bundle 2,Category placeholder – replace with verified product image,Estimated – verify with supplier,,,Nigeria/Imported,2026-08-10,"Stage catalogue item; verify exact pack, image and supplier price before live sale."
Honeywell Semolina 500g - Bundle of 2,Honeywell,grains,Semolina,BS-HONEYWEL-SEMOLINA-500G-0055-B2,false,,,,500g x 2,item,950,0.16,1100,0,5,assets/rice.jpg,Honeywell Semolina 500g Nigeria product pack bundle 2,Category placeholder – replace with verified product image,Estimated – verify with supplier,,,Nigeria/Imported,2026-08-10,"Stage catalogue item; verify exact pack, image and supplier price before live sale."
Honeywell Semolina 1kg - Bundle of 2,Honeywell,grains,Semolina,BS-HONEYWEL-SEMOLINA-1KG-0056-B2,false,,,,1kg x 2,item,1850,0.16,2150,0,5,assets/rice.jpg,Honeywell Semolina 1kg Nigeria product pack bundle 2,Category placeholder – replace with verified product image,Estimated – verify with supplier,,,Nigeria/Imported,2026-08-10,"Stage catalogue item; verify exact pack, image and supplier price before live sale."
Honeywell Semolina 2kg - Bundle of 2,Honeywell,grains,Semolina,BS-HONEYWEL-SEMOLINA-2KG-0057-B2,false,,,,2kg x 2,item,3400,0.16,3950,0,5,assets/rice.jpg,Honeywell Semolina 2kg Nigeria product pack bundle 2,Category placeholder – replace with verified product image,Estimated – verify with supplier,,,Nigeria/Imported,2026-08-10,"Stage catalogue item; verify exact pack, image and supplier price before live sale."
Honeywell Semolina 5kg - Bundle of 2,Honeywell,grains,Semolina,BS-HONEYWEL-SEMOLINA-5KG-0058-B2,false,,,,5kg x 2,item,9400,0.16,10900,0,5,assets/rice.jpg,Honeywell Semolina 5kg Nigeria product pack bundle 2,Category placeholder – replace with verified product image,Estimated – verify with supplier,,,Nigeria/Imported,2026-08-10,"Stage catalogue item; verify exact pack, image and supplier price before live sale."
Honeywell Semolina 10kg - Bundle of 2,Honeywell,grains,Semolina,BS-HONEYWEL-SEMOLINA-10KG-0059-B2,false,,,,10kg x 2,item,17000,0.16,19700,0,5,assets/rice.jpg,Honeywell Semolina 10kg Nigeria product pack bundle 2,Category placeholder – replace with verified product image,Estimated – verify with supplier,,,Nigeria/Imported,2026-08-10,"Stage catalogue item; verify exact pack, image and supplier price before live sale."
Golden Penny Wheat Meal 500g - Bundle of 2,Golden Penny,grains,Wheat Meal,BS-GOLDEN-P-WHEAT-MEAL-500G-0060-B2,false,,,,500g x 2,item,800,0.16,950,0,5,assets/rice.jpg,Golden Penny Wheat Meal 500g Nigeria product pack bundle 2,Category placeholder – replace with verified product image,Estimated – verify with supplier,,,Nigeria/Imported,2026-08-10,"Stage catalogue item; verify exact pack, image and supplier price before live sale."
Golden Penny Wheat Meal 1kg - Bundle of 2,Golden Penny,grains,Wheat Meal,BS-GOLDEN-P-WHEAT-MEAL-1KG-0061-B2,false,,,,1kg x 2,item,1850,0.16,2150,0,5,assets/rice.jpg,Golden Penny Wheat Meal 1kg Nigeria product pack bundle 2,Category placeholder – replace with verified product image,Estimated – verify with supplier,,,Nigeria/Imported,2026-08-10,"Stage catalogue item; verify exact pack, image and supplier price before live sale."
Golden Penny Wheat Meal 2kg - Bundle of 2,Golden Penny,grains,Wheat Meal,BS-GOLDEN-P-WHEAT-MEAL-2KG-0062-B2,false,,,,2kg x 2,item,3400,0.16,3950,0,5,assets/rice.jpg,Golden Penny Wheat Meal 2kg Nigeria product pack bundle 2,Category placeholder – replace with verified product image,Estimated – verify with supplier,,,Nigeria/Imported,2026-08-10,"Stage catalogue item; verify exact pack, image and supplier price before live sale."
Golden Penny Wheat Meal 5kg - Bundle of 2,Golden Penny,grains,Wheat Meal,BS-GOLDEN-P-WHEAT-MEAL-5KG-0063-B2,false,,,,5kg x 2,item,8450,0.16,9800,0,5,assets/rice.jpg,Golden Penny Wheat Meal 5kg Nigeria product pack bundle 2,Category placeholder – replace with verified product image,Estimated – verify with supplier,,,Nigeria/Imported,2026-08-10,"Stage catalogue item; verify exact pack, image and supplier price before live sale."
Honeywell Wheat Meal 500g - Bundle of 2,Honeywell,grains,Wheat Meal,BS-HONEYWEL-WHEAT-MEAL-500G-0064-B2,false,,,,500g x 2,item,850,0.16,1000,0,5,assets/rice.jpg,Honeywell Wheat Meal 500g Nigeria product pack bundle 2,Category placeholder – replace with verified product image,Estimated – verify with supplier,,,Nigeria/Imported,2026-08-10,"Stage catalogue item; verify exact pack, image and supplier price before live sale."
Honeywell Wheat Meal 1kg - Bundle of 2,Honeywell,grains,Wheat Meal,BS-HONEYWEL-WHEAT-MEAL-1KG-0065-B2,false,,,,1kg x 2,item,1850,0.16,2150,0,5,assets/rice.jpg,Honeywell Wheat Meal 1kg Nigeria product pack bundle 2,Category placeholder – replace with verified product image,Estimated – verify with supplier,,,Nigeria/Imported,2026-08-10,"Stage catalogue item; verify exact pack, image and supplier price before live sale."
Honeywell Wheat Meal 2kg - Bundle of 2,Honeywell,grains,Wheat Meal,BS-HONEYWEL-WHEAT-MEAL-2KG-0066-B2,false,,,,2kg x 2,item,3600,0.16,4200,0,5,assets/rice.jpg,Honeywell Wheat Meal 2kg Nigeria product pack bundle 2,Category placeholder – replace with verified product image,Estimated – verify with supplier,,,Nigeria/Imported,2026-08-10,"Stage catalogue item; verify exact pack, image and supplier price before live sale."
Honeywell Wheat Meal 5kg - Bundle of 2,Honeywell,grains,Wheat Meal,BS-HONEYWEL-WHEAT-MEAL-5KG-0067-B2,false,,,,5kg x 2,item,8150,0.16,9450,0,5,assets/rice.jpg,Honeywell Wheat Meal 5kg Nigeria product pack bundle 2,Category placeholder – replace with verified product image,Estimated – verify with supplier,,,Nigeria/Imported,2026-08-10,"Stage catalogue item; verify exact pack, image and supplier price before live sale."
Golden Penny Spaghetti 500g - Bundle of 2,Golden Penny,grains,Spaghetti,BS-GOLDEN-P-SPAGHETTI-500G-0068-B2,false,,,,500g x 2,item,800,0.16,950,0,5,assets/rice.jpg,Golden Penny Spaghetti 500g Nigeria product pack bundle 2,Category placeholder – replace with verified product image,Estimated – verify with supplier,,,Nigeria/Imported,2026-08-10,"Stage catalogue item; verify exact pack, image and supplier price before live sale."
Golden Penny Spaghetti 500g x 20 - Bundle of 2,Golden Penny,grains,Spaghetti,BS-GOLDEN-P-SPAGHETTI-500G-X-20-0069-B2,false,,,,500g x 20 x 2,item,17050,0.16,19800,0,5,assets/rice.jpg,Golden Penny Spaghetti 500g x 20 Nigeria product pack bundle 2,Category placeholder – replace with verified product image,Estimated – verify with supplier,,,Nigeria/Imported,2026-08-10,"Stage catalogue item; verify exact pack, image and supplier price before live sale."
Dangote Spaghetti 500g - Bundle of 2,Dangote,grains,Spaghetti,BS-DANGOTE-SPAGHETTI-500G-0070-B2,false,,,,500g x 2,item,850,0.16,1000,0,5,assets/rice.jpg,Dangote Spaghetti 500g Nigeria product pack bundle 2,Category placeholder – replace with verified product image,Estimated – verify with supplier,,,Nigeria/Imported,2026-08-10,"Stage catalogue item; verify exact pack, image and supplier price before live sale."
Dangote Spaghetti 500g x 20 - Bundle of 2,Dangote,grains,Spaghetti,BS-DANGOTE-SPAGHETTI-500G-X-20-0071-B2,false,,,,500g x 20 x 2,item,16400,0.16,19000,0,5,assets/rice.jpg,Dangote Spaghetti 500g x 20 Nigeria product pack bundle 2,Category placeholder – replace with verified product image,Estimated – verify with supplier,,,Nigeria/Imported,2026-08-10,"Stage catalogue item; verify exact pack, image and supplier price before live sale."
Honeywell Spaghetti 500g - Bundle of 2,Honeywell,grains,Spaghetti,BS-HONEYWEL-SPAGHETTI-500G-0072-B2,false,,,,500g x 2,item,950,0.16,1100,0,5,assets/rice.jpg,Honeywell Spaghetti 500g Nigeria product pack bundle 2,Category placeholder – replace with verified product image,Estimated – verify with supplier,,,Nigeria/Imported,2026-08-10,"Stage catalogue item; verify exact pack, image and supplier price before live sale."
Honeywell Spaghetti 500g x 20 - Bundle of 2,Honeywell,grains,Spaghetti,BS-HONEYWEL-SPAGHETTI-500G-X-20-0073-B2,false,,,,500g x 20 x 2,item,18800,0.16,21800,0,5,assets/rice.jpg,Honeywell Spaghetti 500g x 20 Nigeria product pack bundle 2,Category placeholder – replace with verified product image,Estimated – verify with supplier,,,Nigeria/Imported,2026-08-10,"Stage catalogue item; verify exact pack, image and supplier price before live sale."
Golden Penny Macaroni 500g - Bundle of 2,Golden Penny,grains,Macaroni,BS-GOLDEN-P-MACARONI-500G-0074-B2,false,,,,500g x 2,item,850,0.16,1000,0,5,assets/rice.jpg,Golden Penny Macaroni 500g Nigeria product pack bundle 2,Category placeholder – replace with verified product image,Estimated – verify with supplier,,,Nigeria/Imported,2026-08-10,"Stage catalogue item; verify exact pack, image and supplier price before live sale."
Golden Penny Macaroni 500g x 20 - Bundle of 2,Golden Penny,grains,Macaroni,BS-GOLDEN-P-MACARONI-500G-X-20-0075-B2,false,,,,500g x 20 x 2,item,18150,0.16,21050,0,5,assets/rice.jpg,Golden Penny Macaroni 500g x 20 Nigeria product pack bundle 2,Category placeholder – replace with verified product image,Estimated – verify with supplier,,,Nigeria/Imported,2026-08-10,"Stage catalogue item; verify exact pack, image and supplier price before live sale."
Indomie Noodles Chicken 70g - Bundle of 2,Indomie,grains,Noodles Chicken,BS-INDOMIE-NOODLES-CHIC-70G-0076-B2,false,,,,70g x 2,item,300,0.16,350,0,5,assets/rice.jpg,Indomie Noodles Chicken 70g Nigeria product pack bundle 2,Category placeholder – replace with verified product image,Estimated – verify with supplier,,,Nigeria/Imported,2026-08-10,"Stage catalogue item; verify exact pack, image and supplier price before live sale."
Indomie Noodles Chicken 70g x 40 - Bundle of 2,Indomie,grains,Noodles Chicken,BS-INDOMIE-NOODLES-CHIC-70G-X-40-0077-B2,false,,,,70g x 40 x 2,item,1350,0.16,1550,0,5,assets/rice.jpg,Indomie Noodles Chicken 70g x 40 Nigeria product pack bundle 2,Category placeholder – replace with verified product image,Estimated – verify with supplier,,,Nigeria/Imported,2026-08-10,"Stage catalogue item; verify exact pack, image and supplier price before live sale."
Indomie Noodles Chicken 120g - Bundle of 2,Indomie,grains,Noodles Chicken,BS-INDOMIE-NOODLES-CHIC-120G-0078-B2,false,,,,120g x 2,item,300,0.16,350,0,5,assets/rice.jpg,Indomie Noodles Chicken 120g Nigeria product pack bundle 2,Category placeholder – replace with verified product image,Estimated – verify with supplier,,,Nigeria/Imported,2026-08-10,"Stage catalogue item; verify exact pack, image and supplier price before live sale."
Indomie Noodles Chicken 120g x 40 - Bundle of 2,Indomie,grains,Noodles Chicken,BS-INDOMIE-NOODLES-CHIC-120G-X-40-0079-B2,false,,,,120g x 40 x 2,item,2050,0.16,2400,0,5,assets/rice.jpg,Indomie Noodles Chicken 120g x 40 Nigeria product pack bundle 2,Category placeholder – replace with verified product image,Estimated – verify with supplier,,,Nigeria/Imported,2026-08-10,"Stage catalogue item; verify exact pack, image and supplier price before live sale."
Indomie Noodles Onion Chicken 70g - Bundle of 2,Indomie,grains,Noodles Onion Chicken,BS-INDOMIE-NOODLES-ONIO-70G-0080-B2,false,,,,70g x 2,item,300,0.16,350,0,5,assets/rice.jpg,Indomie Noodles Onion Chicken 70g Nigeria product pack bundle 2,Category placeholder – replace with verified product image,Estimated – verify with supplier,,,Nigeria/Imported,2026-08-10,"Stage catalogue item; verify exact pack, image and supplier price before live sale."
Indomie Noodles Onion Chicken 70g x 40 - Bundle of 2,Indomie,grains,Noodles Onion Chicken,BS-INDOMIE-NOODLES-ONIO-70G-X-40-0081-B2,false,,,,70g x 40 x 2,item,1250,0.16,1450,0,5,assets/rice.jpg,Indomie Noodles Onion Chicken 70g x 40 Nigeria product pack bundle 2,Category placeholder – replace with verified product image,Estimated – verify with supplier,,,Nigeria/Imported,2026-08-10,"Stage catalogue item; verify exact pack, image and supplier price before live sale."
Indomie Noodles Oriental 70g - Bundle of 2,Indomie,grains,Noodles Oriental,BS-INDOMIE-NOODLES-ORIE-70G-0082-B2,false,,,,70g x 2,item,300,0.16,350,0,5,assets/rice.jpg,Indomie Noodles Oriental 70g Nigeria product pack bundle 2,Category placeholder – replace with verified product image,Estimated – verify with supplier,,,Nigeria/Imported,2026-08-10,"Stage catalogue item; verify exact pack, image and supplier price before live sale."
Indomie Noodles Oriental 70g x 40 - Bundle of 2,Indomie,grains,Noodles Oriental,BS-INDOMIE-NOODLES-ORIE-70G-X-40-0083-B2,false,,,,70g x 40 x 2,item,1250,0.16,1450,0,5,assets/rice.jpg,Indomie Noodles Oriental 70g x 40 Nigeria product pack bundle 2,Category placeholder – replace with verified product image,Estimated – verify with supplier,,,Nigeria/Imported,2026-08-10,"Stage catalogue item; verify exact pack, image and supplier price before live sale."
Golden Penny Noodles Chicken 70g - Bundle of 2,Golden Penny,grains,Noodles Chicken,BS-GOLDEN-P-NOODLES-CHIC-70G-0084-B2,false,,,,70g x 2,item,300,0.16,350,0,5,assets/rice.jpg,Golden Penny Noodles Chicken 70g Nigeria product pack bundle 2,Category placeholder – replace with verified product image,Estimated – verify with supplier,,,Nigeria/Imported,2026-08-10,"Stage catalogue item; verify exact pack, image and supplier price before live sale."
Golden Penny Noodles Chicken 70g x 40 - Bundle of 2,Golden Penny,grains,Noodles Chicken,BS-GOLDEN-P-NOODLES-CHIC-70G-X-40-0085-B2,false,,,,70g x 40 x 2,item,1050,0.16,1200,0,5,assets/rice.jpg,Golden Penny Noodles Chicken 70g x 40 Nigeria product pack bundle 2,Category placeholder – replace with verified product image,Estimated – verify with supplier,,,Nigeria/Imported,2026-08-10,"Stage catalogue item; verify exact pack, image and supplier price before live sale."
Quaker Oats 500g - Bundle of 2,Quaker,grains,Oats,BS-QUAKER-OATS-500G-0086-B2,false,,,,500g x 2,item,2050,0.16,2400,0,5,assets/rice.jpg,Quaker Oats 500g Nigeria product pack bundle 2,Category placeholder – replace with verified product image,Estimated – verify with supplier,,,Nigeria/Imported,2026-08-10,"Stage catalogue item; verify exact pack, image and supplier price before live sale."
Quaker Oats 1kg - Bundle of 2,Quaker,grains,Oats,BS-QUAKER-OATS-1KG-0087-B2,false,,,,1kg x 2,item,4650,0.16,5400,0,5,assets/rice.jpg,Quaker Oats 1kg Nigeria product pack bundle 2,Category placeholder – replace with verified product image,Estimated – verify with supplier,,,Nigeria/Imported,2026-08-10,"Stage catalogue item; verify exact pack, image and supplier price before live sale."
Nasco Corn Flakes 350g - Bundle of 2,Nasco,grains,Corn Flakes,BS-NASCO-CORN-FLAKES-350G-0088-B2,false,,,,350g x 2,item,1250,0.16,1450,0,5,assets/rice.jpg,Nasco Corn Flakes 350g Nigeria product pack bundle 2,Category placeholder – replace with verified product image,Estimated – verify with supplier,,,Nigeria/Imported,2026-08-10,"Stage catalogue item; verify exact pack, image and supplier price before live sale."
Nasco Corn Flakes 500g - Bundle of 2,Nasco,grains,Corn Flakes,BS-NASCO-CORN-FLAKES-500G-0089-B2,false,,,,500g x 2,item,1650,0.16,1900,0,5,assets/rice.jpg,Nasco Corn Flakes 500g Nigeria product pack bundle 2,Category placeholder – replace with verified product image,Estimated – verify with supplier,,,Nigeria/Imported,2026-08-10,"Stage catalogue item; verify exact pack, image and supplier price before live sale."
Nasco Corn Flakes 1kg - Bundle of 2,Nasco,grains,Corn Flakes,BS-NASCO-CORN-FLAKES-1KG-0090-B2,false,,,,1kg x 2,item,3200,0.16,3700,0,5,assets/rice.jpg,Nasco Corn Flakes 1kg Nigeria product pack bundle 2,Category placeholder – replace with verified product image,Estimated – verify with supplier,,,Nigeria/Imported,2026-08-10,"Stage catalogue item; verify exact pack, image and supplier price before live sale."
Kellogg's Corn Flakes 350g - Bundle of 2,Kellogg's,grains,Corn Flakes,BS-KELLOGG--CORN-FLAKES-350G-0091-B2,false,,,,350g x 2,item,1650,0.16,1900,0,5,assets/rice.jpg,Kellogg's Corn Flakes 350g Nigeria product pack bundle 2,Category placeholder – replace with verified product image,Estimated – verify with supplier,,,Nigeria/Imported,2026-08-10,"Stage catalogue item; verify exact pack, image and supplier price before live sale."
Kellogg's Corn Flakes 500g - Bundle of 2,Kellogg's,grains,Corn Flakes,BS-KELLOGG--CORN-FLAKES-500G-0092-B2,false,,,,500g x 2,item,2600,0.16,3000,0,5,assets/rice.jpg,Kellogg's Corn Flakes 500g Nigeria product pack bundle 2,Category placeholder – replace with verified product image,Estimated – verify with supplier,,,Nigeria/Imported,2026-08-10,"Stage catalogue item; verify exact pack, image and supplier price before live sale."
Kellogg's Corn Flakes 1kg - Bundle of 2,Kellogg's,grains,Corn Flakes,BS-KELLOGG--CORN-FLAKES-1KG-0093-B2,false,,,,1kg x 2,item,5350,0.16,6200,0,5,assets/rice.jpg,Kellogg's Corn Flakes 1kg Nigeria product pack bundle 2,Category placeholder – replace with verified product image,Estimated – verify with supplier,,,Nigeria/Imported,2026-08-10,"Stage catalogue item; verify exact pack, image and supplier price before live sale."
Checkers Custard Vanilla 500g - Bundle of 2,Checkers,grains,Custard Vanilla,BS-CHECKERS-CUSTARD-VANI-500G-0094-B2,false,,,,500g x 2,item,1150,0.16,1350,0,5,assets/rice.jpg,Checkers Custard Vanilla 500g Nigeria product pack bundle 2,Category placeholder – replace with verified product image,Estimated – verify with supplier,,,Nigeria/Imported,2026-08-10,"Stage catalogue item; verify exact pack, image and supplier price before live sale."
Checkers Custard Vanilla 1kg - Bundle of 2,Checkers,grains,Custard Vanilla,BS-CHECKERS-CUSTARD-VANI-1KG-0095-B2,false,,,,1kg x 2,item,2150,0.16,2500,0,5,assets/rice.jpg,Checkers Custard Vanilla 1kg Nigeria product pack bundle 2,Category placeholder – replace with verified product image,Estimated – verify with supplier,,,Nigeria/Imported,2026-08-10,"Stage catalogue item; verify exact pack, image and supplier price before live sale."
Checkers Custard Vanilla 2kg - Bundle of 2,Checkers,grains,Custard Vanilla,BS-CHECKERS-CUSTARD-VANI-2KG-0096-B2,false,,,,2kg x 2,item,4550,0.16,5300,0,5,assets/rice.jpg,Checkers Custard Vanilla 2kg Nigeria product pack bundle 2,Category placeholder – replace with verified product image,Estimated – verify with supplier,,,Nigeria/Imported,2026-08-10,"Stage catalogue item; verify exact pack, image and supplier price before live sale."
Bird's Custard Vanilla 450g - Bundle of 2,Bird's,grains,Custard Vanilla,BS-BIRD-S-CUSTARD-VANI-450G-0097-B2,false,,,,450g x 2,item,1450,0.16,1700,0,5,assets/rice.jpg,Bird's Custard Vanilla 450g Nigeria product pack bundle 2,Category placeholder – replace with verified product image,Estimated – verify with supplier,,,Nigeria/Imported,2026-08-10,"Stage catalogue item; verify exact pack, image and supplier price before live sale."
Bird's Custard Vanilla 1kg - Bundle of 2,Bird's,grains,Custard Vanilla,BS-BIRD-S-CUSTARD-VANI-1KG-0098-B2,false,,,,1kg x 2,item,2900,0.16,3350,0,5,assets/rice.jpg,Bird's Custard Vanilla 1kg Nigeria product pack bundle 2,Category placeholder – replace with verified product image,Estimated – verify with supplier,,,Nigeria/Imported,2026-08-10,"Stage catalogue item; verify exact pack, image and supplier price before live sale."
Golden Penny Flour 1kg - Bundle of 2,Golden Penny,grains,Flour,BS-GOLDEN-P-FLOUR-1KG-0099-B2,false,,,,1kg x 2,item,1850,0.16,2150,0,5,assets/rice.jpg,Golden Penny Flour 1kg Nigeria product pack bundle 2,Category placeholder – replace with verified product image,Estimated – verify with supplier,,,Nigeria/Imported,2026-08-10,"Stage catalogue item; verify exact pack, image and supplier price before live sale."
Golden Penny Flour 2kg - Bundle of 2,Golden Penny,grains,Flour,BS-GOLDEN-P-FLOUR-2KG-0100-B2,false,,,,2kg x 2,item,3600,0.16,4200,0,5,assets/rice.jpg,Golden Penny Flour 2kg Nigeria product pack bundle 2,Category placeholder – replace with verified product image,Estimated – verify with supplier,,,Nigeria/Imported,2026-08-10,"Stage catalogue item; verify exact pack, image and supplier price before live sale."
Golden Penny Flour 5kg - Bundle of 2,Golden Penny,grains,Flour,BS-GOLDEN-P-FLOUR-5KG-0101-B2,false,,,,5kg x 2,item,7550,0.16,8750,0,5,assets/rice.jpg,Golden Penny Flour 5kg Nigeria product pack bundle 2,Category placeholder – replace with verified product image,Estimated – verify with supplier,,,Nigeria/Imported,2026-08-10,"Stage catalogue item; verify exact pack, image and supplier price before live sale."
Golden Penny Flour 10kg - Bundle of 2,Golden Penny,grains,Flour,BS-GOLDEN-P-FLOUR-10KG-0102-B2,false,,,,10kg x 2,item,17250,0.16,20000,0,5,assets/rice.jpg,Golden Penny Flour 10kg Nigeria product pack bundle 2,Category placeholder – replace with verified product image,Estimated – verify with supplier,,,Nigeria/Imported,2026-08-10,"Stage catalogue item; verify exact pack, image and supplier price before live sale."
Golden Penny Flour 25kg - Bundle of 2,Golden Penny,grains,Flour,BS-GOLDEN-P-FLOUR-25KG-0103-B2,false,,,,25kg x 2,item,42950,0.16,49800,0,5,assets/rice.jpg,Golden Penny Flour 25kg Nigeria product pack bundle 2,Category placeholder – replace with verified product image,Estimated – verify with supplier,,,Nigeria/Imported,2026-08-10,"Stage catalogue item; verify exact pack, image and supplier price before live sale."
Golden Penny Flour 50kg - Bundle of 2,Golden Penny,grains,Flour,BS-GOLDEN-P-FLOUR-50KG-0104-B2,false,,,,50kg x 2,item,83800,0.16,97200,0,5,assets/rice.jpg,Golden Penny Flour 50kg Nigeria product pack bundle 2,Category placeholder – replace with verified product image,Estimated – verify with supplier,,,Nigeria/Imported,2026-08-10,"Stage catalogue item; verify exact pack, image and supplier price before live sale."
Honeywell Flour 1kg - Bundle of 2,Honeywell,grains,Flour,BS-HONEYWEL-FLOUR-1KG-0105-B2,false,,,,1kg x 2,item,1650,0.16,1900,0,5,assets/rice.jpg,Honeywell Flour 1kg Nigeria product pack bundle 2,Category placeholder – replace with verified product image,Estimated – verify with supplier,,,Nigeria/Imported,2026-08-10,"Stage catalogue item; verify exact pack, image and supplier price before live sale."
Honeywell Flour 2kg - Bundle of 2,Honeywell,grains,Flour,BS-HONEYWEL-FLOUR-2KG-0106-B2,false,,,,2kg x 2,item,3500,0.16,4050,0,5,assets/rice.jpg,Honeywell Flour 2kg Nigeria product pack bundle 2,Category placeholder – replace with verified product image,Estimated – verify with supplier,,,Nigeria/Imported,2026-08-10,"Stage catalogue item; verify exact pack, image and supplier price before live sale."
Honeywell Flour 5kg - Bundle of 2,Honeywell,grains,Flour,BS-HONEYWEL-FLOUR-5KG-0107-B2,false,,,,5kg x 2,item,7950,0.16,9200,0,5,assets/rice.jpg,Honeywell Flour 5kg Nigeria product pack bundle 2,Category placeholder – replace with verified product image,Estimated – verify with supplier,,,Nigeria/Imported,2026-08-10,"Stage catalogue item; verify exact pack, image and supplier price before live sale."
Honeywell Flour 10kg - Bundle of 2,Honeywell,grains,Flour,BS-HONEYWEL-FLOUR-10KG-0108-B2,false,,,,10kg x 2,item,16900,0.16,19600,0,5,assets/rice.jpg,Honeywell Flour 10kg Nigeria product pack bundle 2,Category placeholder – replace with verified product image,Estimated – verify with supplier,,,Nigeria/Imported,2026-08-10,"Stage catalogue item; verify exact pack, image and supplier price before live sale."
Honeywell Flour 25kg - Bundle of 2,Honeywell,grains,Flour,BS-HONEYWEL-FLOUR-25KG-0109-B2,false,,,,25kg x 2,item,42300,0.16,49050,0,5,assets/rice.jpg,Honeywell Flour 25kg Nigeria product pack bundle 2,Category placeholder – replace with verified product image,Estimated – verify with supplier,,,Nigeria/Imported,2026-08-10,"Stage catalogue item; verify exact pack, image and supplier price before live sale."
Honeywell Flour 50kg - Bundle of 2,Honeywell,grains,Flour,BS-HONEYWEL-FLOUR-50KG-0110-B2,false,,,,50kg x 2,item,92150,0.16,106900,0,5,assets/rice.jpg,Honeywell Flour 50kg Nigeria product pack bundle 2,Category placeholder – replace with verified product image,Estimated – verify with supplier,,,Nigeria/Imported,2026-08-10,"Stage catalogue item; verify exact pack, image and supplier price before live sale."
Dangote Sugar 500g - Bundle of 2,Dangote,grains,Sugar,BS-DANGOTE-SUGAR-500G-0111-B2,false,,,,500g x 2,item,950,0.16,1100,0,5,assets/rice.jpg,Dangote Sugar 500g Nigeria product pack bundle 2,Category placeholder – replace with verified product image,Estimated – verify with supplier,,,Nigeria/Imported,2026-08-10,"Stage catalogue item; verify exact pack, image and supplier price before live sale."
Dangote Sugar 1kg - Bundle of 2,Dangote,grains,Sugar,BS-DANGOTE-SUGAR-1KG-0112-B2,false,,,,1kg x 2,item,1750,0.16,2050,0,5,assets/rice.jpg,Dangote Sugar 1kg Nigeria product pack bundle 2,Category placeholder – replace with verified product image,Estimated – verify with supplier,,,Nigeria/Imported,2026-08-10,"Stage catalogue item; verify exact pack, image and supplier price before live sale."
Dangote Sugar 2kg - Bundle of 2,Dangote,grains,Sugar,BS-DANGOTE-SUGAR-2KG-0113-B2,false,,,,2kg x 2,item,3700,0.16,4300,0,5,assets/rice.jpg,Dangote Sugar 2kg Nigeria product pack bundle 2,Category placeholder – replace with verified product image,Estimated – verify with supplier,,,Nigeria/Imported,2026-08-10,"Stage catalogue item; verify exact pack, image and supplier price before live sale."
Dangote Sugar 5kg - Bundle of 2,Dangote,grains,Sugar,BS-DANGOTE-SUGAR-5KG-0114-B2,false,,,,5kg x 2,item,8750,0.16,10150,0,5,assets/rice.jpg,Dangote Sugar 5kg Nigeria product pack bundle 2,Category placeholder – replace with verified product image,Estimated – verify with supplier,,,Nigeria/Imported,2026-08-10,"Stage catalogue item; verify exact pack, image and supplier price before live sale."
Dangote Sugar 10kg - Bundle of 2,Dangote,grains,Sugar,BS-DANGOTE-SUGAR-10KG-0115-B2,false,,,,10kg x 2,item,20000,0.16,23200,0,5,assets/rice.jpg,Dangote Sugar 10kg Nigeria product pack bundle 2,Category placeholder – replace with verified product image,Estimated – verify with supplier,,,Nigeria/Imported,2026-08-10,"Stage catalogue item; verify exact pack, image and supplier price before live sale."
Dangote Sugar 25kg - Bundle of 2,Dangote,grains,Sugar,BS-DANGOTE-SUGAR-25KG-0116-B2,false,,,,25kg x 2,item,49550,0.16,57500,0,5,assets/rice.jpg,Dangote Sugar 25kg Nigeria product pack bundle 2,Category placeholder – replace with verified product image,Estimated – verify with supplier,,,Nigeria/Imported,2026-08-10,"Stage catalogue item; verify exact pack, image and supplier price before live sale."
Dangote Sugar 50kg - Bundle of 2,Dangote,grains,Sugar,BS-DANGOTE-SUGAR-50KG-0117-B2,false,,,,50kg x 2,item,89700,0.16,104050,0,5,assets/rice.jpg,Dangote Sugar 50kg Nigeria product pack bundle 2,Category placeholder – replace with verified product image,Estimated – verify with supplier,,,Nigeria/Imported,2026-08-10,"Stage catalogue item; verify exact pack, image and supplier price before live sale."
BUA Sugar 500g - Bundle of 2,BUA,grains,Sugar,BS-BUA-SUGAR-500G-0118-B2,false,,,,500g x 2,item,950,0.16,1100,0,5,assets/rice.jpg,BUA Sugar 500g Nigeria product pack bundle 2,Category placeholder – replace with verified product image,Estimated – verify with supplier,,,Nigeria/Imported,2026-08-10,"Stage catalogue item; verify exact pack, image and supplier price before live sale."
BUA Sugar 1kg - Bundle of 2,BUA,grains,Sugar,BS-BUA-SUGAR-1KG-0119-B2,false,,,,1kg x 2,item,1850,0.16,2150,0,5,assets/rice.jpg,BUA Sugar 1kg Nigeria product pack bundle 2,Category placeholder – replace with verified product image,Estimated – verify with supplier,,,Nigeria/Imported,2026-08-10,"Stage catalogue item; verify exact pack, image and supplier price before live sale."
BUA Sugar 2kg - Bundle of 2,BUA,grains,Sugar,BS-BUA-SUGAR-2KG-0120-B2,false,,,,2kg x 2,item,3400,0.16,3950,0,5,assets/rice.jpg,BUA Sugar 2kg Nigeria product pack bundle 2,Category placeholder – replace with verified product image,Estimated – verify with supplier,,,Nigeria/Imported,2026-08-10,"Stage catalogue item; verify exact pack, image and supplier price before live sale."
BUA Sugar 5kg - Bundle of 2,BUA,grains,Sugar,BS-BUA-SUGAR-5KG-0121-B2,false,,,,5kg x 2,item,9500,0.16,11000,0,5,assets/rice.jpg,BUA Sugar 5kg Nigeria product pack bundle 2,Category placeholder – replace with verified product image,Estimated – verify with supplier,,,Nigeria/Imported,2026-08-10,"Stage catalogue item; verify exact pack, image and supplier price before live sale."
BUA Sugar 10kg - Bundle of 2,BUA,grains,Sugar,BS-BUA-SUGAR-10KG-0122-B2,false,,,,10kg x 2,item,18350,0.16,21300,0,5,assets/rice.jpg,BUA Sugar 10kg Nigeria product pack bundle 2,Category placeholder – replace with verified product image,Estimated – verify with supplier,,,Nigeria/Imported,2026-08-10,"Stage catalogue item; verify exact pack, image and supplier price before live sale."
BUA Sugar 25kg - Bundle of 2,BUA,grains,Sugar,BS-BUA-SUGAR-25KG-0123-B2,false,,,,25kg x 2,item,47800,0.16,55450,0,5,assets/rice.jpg,BUA Sugar 25kg Nigeria product pack bundle 2,Category placeholder – replace with verified product image,Estimated – verify with supplier,,,Nigeria/Imported,2026-08-10,"Stage catalogue item; verify exact pack, image and supplier price before live sale."
BUA Sugar 50kg - Bundle of 2,BUA,grains,Sugar,BS-BUA-SUGAR-50KG-0124-B2,false,,,,50kg x 2,item,91550,0.16,106200,0,5,assets/rice.jpg,BUA Sugar 50kg Nigeria product pack bundle 2,Category placeholder – replace with verified product image,Estimated – verify with supplier,,,Nigeria/Imported,2026-08-10,"Stage catalogue item; verify exact pack, image and supplier price before live sale."
Devon King's Vegetable Oil 500ml - Bundle of 2,Devon King's,oil,Vegetable Oil,BS-DEVON-KI-VEGETABLE-OI-500ML-0125-B2,false,,,,500ml x 2,item,1650,0.14,1900,0,5,assets/vegetable-oil.jpg,Devon King's Vegetable Oil 500ml Nigeria product pack bundle 2,Category placeholder – replace with verified product image,Estimated – verify with supplier,,,Nigeria/Imported,2026-08-10,"Stage catalogue item; verify exact pack, image and supplier price before live sale."
Devon King's Vegetable Oil 1L - Bundle of 2,Devon King's,oil,Vegetable Oil,BS-DEVON-KI-VEGETABLE-OI-1L-0126-B2,false,,,,1L x 2,item,3400,0.14,3900,0,5,assets/vegetable-oil.jpg,Devon King's Vegetable Oil 1L Nigeria product pack bundle 2,Category placeholder – replace with verified product image,Estimated – verify with supplier,,,Nigeria/Imported,2026-08-10,"Stage catalogue item; verify exact pack, image and supplier price before live sale."
Devon King's Vegetable Oil 2L - Bundle of 2,Devon King's,oil,Vegetable Oil,BS-DEVON-KI-VEGETABLE-OI-2L-0127-B2,false,,,,2L x 2,item,6400,0.14,7300,0,5,assets/vegetable-oil.jpg,Devon King's Vegetable Oil 2L Nigeria product pack bundle 2,Category placeholder – replace with verified product image,Estimated – verify with supplier,,,Nigeria/Imported,2026-08-10,"Stage catalogue item; verify exact pack, image and supplier price before live sale."
Devon King's Vegetable Oil 3L - Bundle of 2,Devon King's,oil,Vegetable Oil,BS-DEVON-KI-VEGETABLE-OI-3L-0128-B2,false,,,,3L x 2,item,11350,0.14,12950,0,5,assets/vegetable-oil.jpg,Devon King's Vegetable Oil 3L Nigeria product pack bundle 2,Category placeholder – replace with verified product image,Estimated – verify with supplier,,,Nigeria/Imported,2026-08-10,"Stage catalogue item; verify exact pack, image and supplier price before live sale."
Devon King's Vegetable Oil 5L - Bundle of 2,Devon King's,oil,Vegetable Oil,BS-DEVON-KI-VEGETABLE-OI-5L-0129-B2,false,,,,5L x 2,item,18800,0.14,21450,0,5,assets/vegetable-oil.jpg,Devon King's Vegetable Oil 5L Nigeria product pack bundle 2,Category placeholder – replace with verified product image,Estimated – verify with supplier,,,Nigeria/Imported,2026-08-10,"Stage catalogue item; verify exact pack, image and supplier price before live sale."
Devon King's Vegetable Oil 25L - Bundle of 2,Devon King's,oil,Vegetable Oil,BS-DEVON-KI-VEGETABLE-OI-25L-0130-B2,false,,,,25L x 2,item,93400,0.14,106500,0,5,assets/vegetable-oil.jpg,Devon King's Vegetable Oil 25L Nigeria product pack bundle 2,Category placeholder – replace with verified product image,Estimated – verify with supplier,,,Nigeria/Imported,2026-08-10,"Stage catalogue item; verify exact pack, image and supplier price before live sale."
Power Oil Vegetable Oil 500ml - Bundle of 2,Power Oil,oil,Vegetable Oil,BS-POWER-OI-VEGETABLE-OI-500ML-0131-B2,false,,,,500ml x 2,item,1850,0.14,2100,0,5,assets/vegetable-oil.jpg,Power Oil Vegetable Oil 500ml Nigeria product pack bundle 2,Category placeholder – replace with verified product image,Estimated – verify with supplier,,,Nigeria/Imported,2026-08-10,"Stage catalogue item; verify exact pack, image and supplier price before live sale."
Power Oil Vegetable Oil 750ml - Bundle of 2,Power Oil,oil,Vegetable Oil,BS-POWER-OI-VEGETABLE-OI-750ML-0132-B2,false,,,,750ml x 2,item,2600,0.14,2950,0,5,assets/vegetable-oil.jpg,Power Oil Vegetable Oil 750ml Nigeria product pack bundle 2,Category placeholder – replace with verified product image,Estimated – verify with supplier,,,Nigeria/Imported,2026-08-10,"Stage catalogue item; verify exact pack, image and supplier price before live sale."
Power Oil Vegetable Oil 1L - Bundle of 2,Power Oil,oil,Vegetable Oil,BS-POWER-OI-VEGETABLE-OI-1L-0133-B2,false,,,,1L x 2,item,4000,0.14,4550,0,5,assets/vegetable-oil.jpg,Power Oil Vegetable Oil 1L Nigeria product pack bundle 2,Category placeholder – replace with verified product image,Estimated – verify with supplier,,,Nigeria/Imported,2026-08-10,"Stage catalogue item; verify exact pack, image and supplier price before live sale."
Power Oil Vegetable Oil 2L - Bundle of 2,Power Oil,oil,Vegetable Oil,BS-POWER-OI-VEGETABLE-OI-2L-0134-B2,false,,,,2L x 2,item,8050,0.14,9200,0,5,assets/vegetable-oil.jpg,Power Oil Vegetable Oil 2L Nigeria product pack bundle 2,Category placeholder – replace with verified product image,Estimated – verify with supplier,,,Nigeria/Imported,2026-08-10,"Stage catalogue item; verify exact pack, image and supplier price before live sale."
Power Oil Vegetable Oil 3L - Bundle of 2,Power Oil,oil,Vegetable Oil,BS-POWER-OI-VEGETABLE-OI-3L-0135-B2,false,,,,3L x 2,item,10400,0.14,11850,0,5,assets/vegetable-oil.jpg,Power Oil Vegetable Oil 3L Nigeria product pack bundle 2,Category placeholder – replace with verified product image,Estimated – verify with supplier,,,Nigeria/Imported,2026-08-10,"Stage catalogue item; verify exact pack, image and supplier price before live sale."
Power Oil Vegetable Oil 5L - Bundle of 2,Power Oil,oil,Vegetable Oil,BS-POWER-OI-VEGETABLE-OI-5L-0136-B2,false,,,,5L x 2,item,18550,0.14,21150,0,5,assets/vegetable-oil.jpg,Power Oil Vegetable Oil 5L Nigeria product pack bundle 2,Category placeholder – replace with verified product image,Estimated – verify with supplier,,,Nigeria/Imported,2026-08-10,"Stage catalogue item; verify exact pack, image and supplier price before live sale."
Mamador Vegetable Oil 500ml - Bundle of 2,Mamador,oil,Vegetable Oil,BS-MAMADOR-VEGETABLE-OI-500ML-0137-B2,false,,,,500ml x 2,item,1750,0.14,2000,0,5,assets/vegetable-oil.jpg,Mamador Vegetable Oil 500ml Nigeria product pack bundle 2,Category placeholder – replace with verified product image,Estimated – verify with supplier,,,Nigeria/Imported,2026-08-10,"Stage catalogue item; verify exact pack, image and supplier price before live sale."
Mamador Vegetable Oil 1L - Bundle of 2,Mamador,oil,Vegetable Oil,BS-MAMADOR-VEGETABLE-OI-1L-0138-B2,false,,,,1L x 2,item,4000,0.14,4550,0,5,assets/vegetable-oil.jpg,Mamador Vegetable Oil 1L Nigeria product pack bundle 2,Category placeholder – replace with verified product image,Estimated – verify with supplier,,,Nigeria/Imported,2026-08-10,"Stage catalogue item; verify exact pack, image and supplier price before live sale."
Mamador Vegetable Oil 2L - Bundle of 2,Mamador,oil,Vegetable Oil,BS-MAMADOR-VEGETABLE-OI-2L-0139-B2,false,,,,2L x 2,item,8050,0.14,9200,0,5,assets/vegetable-oil.jpg,Mamador Vegetable Oil 2L Nigeria product pack bundle 2,Category placeholder – replace with verified product image,Estimated – verify with supplier,,,Nigeria/Imported,2026-08-10,"Stage catalogue item; verify exact pack, image and supplier price before live sale."
Mamador Vegetable Oil 3L - Bundle of 2,Mamador,oil,Vegetable Oil,BS-MAMADOR-VEGETABLE-OI-3L-0140-B2,false,,,,3L x 2,item,10650,0.14,12150,0,5,assets/vegetable-oil.jpg,Mamador Vegetable Oil 3L Nigeria product pack bundle 2,Category placeholder – replace with verified product image,Estimated – verify with supplier,,,Nigeria/Imported,2026-08-10,"Stage catalogue item; verify exact pack, image and supplier price before live sale."
Mamador Vegetable Oil 4L - Bundle of 2,Mamador,oil,Vegetable Oil,BS-MAMADOR-VEGETABLE-OI-4L-0141-B2,false,,,,4L x 2,item,15250,0.14,17400,0,5,assets/vegetable-oil.jpg,Mamador Vegetable Oil 4L Nigeria product pack bundle 2,Category placeholder – replace with verified product image,Estimated – verify with supplier,,,Nigeria/Imported,2026-08-10,"Stage catalogue item; verify exact pack, image and supplier price before live sale."
Mamador Vegetable Oil 5L - Bundle of 2,Mamador,oil,Vegetable Oil,BS-MAMADOR-VEGETABLE-OI-5L-0142-B2,false,,,,5L x 2,item,19300,0.14,22000,0,5,assets/vegetable-oil.jpg,Mamador Vegetable Oil 5L Nigeria product pack bundle 2,Category placeholder – replace with verified product image,Estimated – verify with supplier,,,Nigeria/Imported,2026-08-10,"Stage catalogue item; verify exact pack, image and supplier price before live sale."
Kings Vegetable Oil 500ml - Bundle of 2,Kings,oil,Vegetable Oil,BS-KINGS-VEGETABLE-OI-500ML-0143-B2,false,,,,500ml x 2,item,1650,0.14,1900,0,5,assets/vegetable-oil.jpg,Kings Vegetable Oil 500ml Nigeria product pack bundle 2,Category placeholder – replace with verified product image,Estimated – verify with supplier,,,Nigeria/Imported,2026-08-10,"Stage catalogue item; verify exact pack, image and supplier price before live sale."
Kings Vegetable Oil 1L - Bundle of 2,Kings,oil,Vegetable Oil,BS-KINGS-VEGETABLE-OI-1L-0144-B2,false,,,,1L x 2,item,3700,0.14,4200,0,5,assets/vegetable-oil.jpg,Kings Vegetable Oil 1L Nigeria product pack bundle 2,Category placeholder – replace with verified product image,Estimated – verify with supplier,,,Nigeria/Imported,2026-08-10,"Stage catalogue item; verify exact pack, image and supplier price before live sale."
Kings Vegetable Oil 2L - Bundle of 2,Kings,oil,Vegetable Oil,BS-KINGS-VEGETABLE-OI-2L-0145-B2,false,,,,2L x 2,item,6800,0.14,7750,0,5,assets/vegetable-oil.jpg,Kings Vegetable Oil 2L Nigeria product pack bundle 2,Category placeholder – replace with verified product image,Estimated – verify with supplier,,,Nigeria/Imported,2026-08-10,"Stage catalogue item; verify exact pack, image and supplier price before live sale."
Kings Vegetable Oil 3L - Bundle of 2,Kings,oil,Vegetable Oil,BS-KINGS-VEGETABLE-OI-3L-0146-B2,false,,,,3L x 2,item,9800,0.14,11150,0,5,assets/vegetable-oil.jpg,Kings Vegetable Oil 3L Nigeria product pack bundle 2,Category placeholder – replace with verified product image,Estimated – verify with supplier,,,Nigeria/Imported,2026-08-10,"Stage catalogue item; verify exact pack, image and supplier price before live sale."
Kings Vegetable Oil 5L - Bundle of 2,Kings,oil,Vegetable Oil,BS-KINGS-VEGETABLE-OI-5L-0147-B2,false,,,,5L x 2,item,17250,0.14,19650,0,5,assets/vegetable-oil.jpg,Kings Vegetable Oil 5L Nigeria product pack bundle 2,Category placeholder – replace with verified product image,Estimated – verify with supplier,,,Nigeria/Imported,2026-08-10,"Stage catalogue item; verify exact pack, image and supplier price before live sale."
Palm Oil 500ml - Bundle of 2,Generic,oil,Palm Oil,BS-GENERIC-PALM-OIL-500ML-0148-B2,false,,,,500ml x 2,item,1750,0.14,2000,0,5,assets/vegetable-oil.jpg,Generic Palm Oil 500ml Nigeria product pack bundle 2,Category placeholder – replace with verified product image,Estimated – verify with supplier,,,Nigeria/Imported,2026-08-10,"Stage catalogue item; verify exact pack, image and supplier price before live sale."
Palm Oil 1L - Bundle of 2,Generic,oil,Palm Oil,BS-GENERIC-PALM-OIL-1L-0149-B2,false,,,,1L x 2,item,3200,0.14,3650,0,5,assets/vegetable-oil.jpg,Generic Palm Oil 1L Nigeria product pack bundle 2,Category placeholder – replace with verified product image,Estimated – verify with supplier,,,Nigeria/Imported,2026-08-10,"Stage catalogue item; verify exact pack, image and supplier price before live sale."
Palm Oil 2L - Bundle of 2,Generic,oil,Palm Oil,BS-GENERIC-PALM-OIL-2L-0150-B2,false,,,,2L x 2,item,6400,0.14,7300,0,5,assets/vegetable-oil.jpg,Generic Palm Oil 2L Nigeria product pack bundle 2,Category placeholder – replace with verified product image,Estimated – verify with supplier,,,Nigeria/Imported,2026-08-10,"Stage catalogue item; verify exact pack, image and supplier price before live sale."
Palm Oil 4L - Bundle of 2,Generic,oil,Palm Oil,BS-GENERIC-PALM-OIL-4L-0151-B2,false,,,,4L x 2,item,14450,0.14,16450,0,5,assets/vegetable-oil.jpg,Generic Palm Oil 4L Nigeria product pack bundle 2,Category placeholder – replace with verified product image,Estimated – verify with supplier,,,Nigeria/Imported,2026-08-10,"Stage catalogue item; verify exact pack, image and supplier price before live sale."
Palm Oil 5L - Bundle of 2,Generic,oil,Palm Oil,BS-GENERIC-PALM-OIL-5L-0152-B2,false,,,,5L x 2,item,17050,0.14,19450,0,5,assets/vegetable-oil.jpg,Generic Palm Oil 5L Nigeria product pack bundle 2,Category placeholder – replace with verified product image,Estimated – verify with supplier,,,Nigeria/Imported,2026-08-10,"Stage catalogue item; verify exact pack, image and supplier price before live sale."
Palm Oil 25L - Bundle of 2,Generic,oil,Palm Oil,BS-GENERIC-PALM-OIL-25L-0153-B2,false,,,,25L x 2,item,82350,0.14,93900,0,5,assets/vegetable-oil.jpg,Generic Palm Oil 25L Nigeria product pack bundle 2,Category placeholder – replace with verified product image,Estimated – verify with supplier,,,Nigeria/Imported,2026-08-10,"Stage catalogue item; verify exact pack, image and supplier price before live sale."
Blue Band Margarine 250g - Bundle of 2,Blue Band,oil,Margarine,BS-BLUE-BAN-MARGARINE-250G-0154-B2,false,,,,250g x 2,item,800,0.14,900,0,5,assets/vegetable-oil.jpg,Blue Band Margarine 250g Nigeria product pack bundle 2,Category placeholder – replace with verified product image,Estimated – verify with supplier,,,Nigeria/Imported,2026-08-10,"Stage catalogue item; verify exact pack, image and supplier price before live sale."
Blue Band Margarine 500g - Bundle of 2,Blue Band,oil,Margarine,BS-BLUE-BAN-MARGARINE-500G-0155-B2,false,,,,500g x 2,item,1450,0.14,1650,0,5,assets/vegetable-oil.jpg,Blue Band Margarine 500g Nigeria product pack bundle 2,Category placeholder – replace with verified product image,Estimated – verify with supplier,,,Nigeria/Imported,2026-08-10,"Stage catalogue item; verify exact pack, image and supplier price before live sale."
Blue Band Margarine 900g - Bundle of 2,Blue Band,oil,Margarine,BS-BLUE-BAN-MARGARINE-900G-0156-B2,false,,,,900g x 2,item,2700,0.14,3100,0,5,assets/vegetable-oil.jpg,Blue Band Margarine 900g Nigeria product pack bundle 2,Category placeholder – replace with verified product image,Estimated – verify with supplier,,,Nigeria/Imported,2026-08-10,"Stage catalogue item; verify exact pack, image and supplier price before live sale."
President Butter 200g - Bundle of 2,President,oil,Butter,BS-PRESIDEN-BUTTER-200G-0157-B2,false,,,,200g x 2,item,1550,0.14,1750,0,5,assets/vegetable-oil.jpg,President Butter 200g Nigeria product pack bundle 2,Category placeholder – replace with verified product image,Estimated – verify with supplier,,,Nigeria/Imported,2026-08-10,"Stage catalogue item; verify exact pack, image and supplier price before live sale."
President Butter 250g - Bundle of 2,President,oil,Butter,BS-PRESIDEN-BUTTER-250G-0158-B2,false,,,,250g x 2,item,2150,0.14,2450,0,5,assets/vegetable-oil.jpg,President Butter 250g Nigeria product pack bundle 2,Category placeholder – replace with verified product image,Estimated – verify with supplier,,,Nigeria/Imported,2026-08-10,"Stage catalogue item; verify exact pack, image and supplier price before live sale."
President Butter 500g - Bundle of 2,President,oil,Butter,BS-PRESIDEN-BUTTER-500G-0159-B2,false,,,,500g x 2,item,3900,0.14,4450,0,5,assets/vegetable-oil.jpg,President Butter 500g Nigeria product pack bundle 2,Category placeholder – replace with verified product image,Estimated – verify with supplier,,,Nigeria/Imported,2026-08-10,"Stage catalogue item; verify exact pack, image and supplier price before live sale."
Maggi Seasoning Cubes Chicken 100g - Bundle of 2,Maggi,spices,Seasoning Cubes Chicken,BS-MAGGI-SEASONING-CU-100G-0160-B2,false,,,,100g x 2,item,300,0.22,350,0,5,assets/tomato-paste.jpg,Maggi Seasoning Cubes Chicken 100g Nigeria product pack bundle 2,Category placeholder – replace with verified product image,Estimated – verify with supplier,,,Nigeria/Imported,2026-08-10,"Stage catalogue item; verify exact pack, image and supplier price before live sale."
Maggi Seasoning Cubes Chicken 400g - Bundle of 2,Maggi,spices,Seasoning Cubes Chicken,BS-MAGGI-SEASONING-CU-400G-0161-B2,false,,,,400g x 2,item,850,0.22,1050,0,5,assets/tomato-paste.jpg,Maggi Seasoning Cubes Chicken 400g Nigeria product pack bundle 2,Category placeholder – replace with verified product image,Estimated – verify with supplier,,,Nigeria/Imported,2026-08-10,"Stage catalogue item; verify exact pack, image and supplier price before live sale."
Maggi Seasoning Cubes Chicken 1kg - Bundle of 2,Maggi,spices,Seasoning Cubes Chicken,BS-MAGGI-SEASONING-CU-1KG-0162-B2,false,,,,1kg x 2,item,2400,0.22,2950,0,5,assets/tomato-paste.jpg,Maggi Seasoning Cubes Chicken 1kg Nigeria product pack bundle 2,Category placeholder – replace with verified product image,Estimated – verify with supplier,,,Nigeria/Imported,2026-08-10,"Stage catalogue item; verify exact pack, image and supplier price before live sale."
Knorr Seasoning Cubes Chicken 100g - Bundle of 2,Knorr,spices,Seasoning Cubes Chicken,BS-KNORR-SEASONING-CU-100G-0163-B2,false,,,,100g x 2,item,300,0.22,350,0,5,assets/tomato-paste.jpg,Knorr Seasoning Cubes Chicken 100g Nigeria product pack bundle 2,Category placeholder – replace with verified product image,Estimated – verify with supplier,,,Nigeria/Imported,2026-08-10,"Stage catalogue item; verify exact pack, image and supplier price before live sale."
Knorr Seasoning Cubes Chicken 400g - Bundle of 2,Knorr,spices,Seasoning Cubes Chicken,BS-KNORR-SEASONING-CU-400G-0164-B2,false,,,,400g x 2,item,1050,0.22,1300,0,5,assets/tomato-paste.jpg,Knorr Seasoning Cubes Chicken 400g Nigeria product pack bundle 2,Category placeholder – replace with verified product image,Estimated – verify with supplier,,,Nigeria/Imported,2026-08-10,"Stage catalogue item; verify exact pack, image and supplier price before live sale."
Knorr Seasoning Cubes Chicken 1kg - Bundle of 2,Knorr,spices,Seasoning Cubes Chicken,BS-KNORR-SEASONING-CU-1KG-0165-B2,false,,,,1kg x 2,item,2700,0.22,3300,0,5,assets/tomato-paste.jpg,Knorr Seasoning Cubes Chicken 1kg Nigeria product pack bundle 2,Category placeholder – replace with verified product image,Estimated – verify with supplier,,,Nigeria/Imported,2026-08-10,"Stage catalogue item; verify exact pack, image and supplier price before live sale."
Onga Seasoning Powder 50g - Bundle of 2,Onga,spices,Seasoning Powder,BS-ONGA-SEASONING-PO-50G-0166-B2,false,,,,50g x 2,item,300,0.22,350,0,5,assets/tomato-paste.jpg,Onga Seasoning Powder 50g Nigeria product pack bundle 2,Category placeholder – replace with verified product image,Estimated – verify with supplier,,,Nigeria/Imported,2026-08-10,"Stage catalogue item; verify exact pack, image and supplier price before live sale."
Onga Seasoning Powder 100g - Bundle of 2,Onga,spices,Seasoning Powder,BS-ONGA-SEASONING-PO-100G-0167-B2,false,,,,100g x 2,item,300,0.22,350,0,5,assets/tomato-paste.jpg,Onga Seasoning Powder 100g Nigeria product pack bundle 2,Category placeholder – replace with verified product image,Estimated – verify with supplier,,,Nigeria/Imported,2026-08-10,"Stage catalogue item; verify exact pack, image and supplier price before live sale."
Onga Seasoning Powder 400g - Bundle of 2,Onga,spices,Seasoning Powder,BS-ONGA-SEASONING-PO-400G-0168-B2,false,,,,400g x 2,item,500,0.22,600,0,5,assets/tomato-paste.jpg,Onga Seasoning Powder 400g Nigeria product pack bundle 2,Category placeholder – replace with verified product image,Estimated – verify with supplier,,,Nigeria/Imported,2026-08-10,"Stage catalogue item; verify exact pack, image and supplier price before live sale."
Lion Curry Powder 50g - Bundle of 2,Lion,spices,Curry Powder,BS-LION-CURRY-POWDER-50G-0169-B2,false,,,,50g x 2,item,300,0.22,350,0,5,assets/tomato-paste.jpg,Lion Curry Powder 50g Nigeria product pack bundle 2,Category placeholder – replace with verified product image,Estimated – verify with supplier,,,Nigeria/Imported,2026-08-10,"Stage catalogue item; verify exact pack, image and supplier price before live sale."
Lion Curry Powder 100g - Bundle of 2,Lion,spices,Curry Powder,BS-LION-CURRY-POWDER-100G-0170-B2,false,,,,100g x 2,item,300,0.22,350,0,5,assets/tomato-paste.jpg,Lion Curry Powder 100g Nigeria product pack bundle 2,Category placeholder – replace with verified product image,Estimated – verify with supplier,,,Nigeria/Imported,2026-08-10,"Stage catalogue item; verify exact pack, image and supplier price before live sale."
Lion Curry Powder 250g - Bundle of 2,Lion,spices,Curry Powder,BS-LION-CURRY-POWDER-250G-0171-B2,false,,,,250g x 2,item,300,0.22,350,0,5,assets/tomato-paste.jpg,Lion Curry Powder 250g Nigeria product pack bundle 2,Category placeholder – replace with verified product image,Estimated – verify with supplier,,,Nigeria/Imported,2026-08-10,"Stage catalogue item; verify exact pack, image and supplier price before live sale."
Lion Thyme 20g - Bundle of 2,Lion,spices,Thyme,BS-LION-THYME-20G-0172-B2,false,,,,20g x 2,item,300,0.22,350,0,5,assets/tomato-paste.jpg,Lion Thyme 20g Nigeria product pack bundle 2,Category placeholder – replace with verified product image,Estimated – verify with supplier,,,Nigeria/Imported,2026-08-10,"Stage catalogue item; verify exact pack, image and supplier price before live sale."
Lion Thyme 50g - Bundle of 2,Lion,spices,Thyme,BS-LION-THYME-50G-0173-B2,false,,,,50g x 2,item,300,0.22,350,0,5,assets/tomato-paste.jpg,Lion Thyme 50g Nigeria product pack bundle 2,Category placeholder – replace with verified product image,Estimated – verify with supplier,,,Nigeria/Imported,2026-08-10,"Stage catalogue item; verify exact pack, image and supplier price before live sale."
Lion Thyme 100g - Bundle of 2,Lion,spices,Thyme,BS-LION-THYME-100G-0174-B2,false,,,,100g x 2,item,300,0.22,350,0,5,assets/tomato-paste.jpg,Lion Thyme 100g Nigeria product pack bundle 2,Category placeholder – replace with verified product image,Estimated – verify with supplier,,,Nigeria/Imported,2026-08-10,"Stage catalogue item; verify exact pack, image and supplier price before live sale."
Gino Tomato Paste 70g - Bundle of 2,Gino,spices,Tomato Paste,BS-GINO-TOMATO-PASTE-70G-0175-B2,false,,,,70g x 2,item,300,0.22,350,0,5,assets/tomato-paste.jpg,Gino Tomato Paste 70g Nigeria product pack bundle 2,Category placeholder – replace with verified product image,Estimated – verify with supplier,,,Nigeria/Imported,2026-08-10,"Stage catalogue item; verify exact pack, image and supplier price before live sale."
Gino Tomato Paste 210g - Bundle of 2,Gino,spices,Tomato Paste,BS-GINO-TOMATO-PASTE-210G-0176-B2,false,,,,210g x 2,item,300,0.22,350,0,5,assets/tomato-paste.jpg,Gino Tomato Paste 210g Nigeria product pack bundle 2,Category placeholder – replace with verified product image,Estimated – verify with supplier,,,Nigeria/Imported,2026-08-10,"Stage catalogue item; verify exact pack, image and supplier price before live sale."
Gino Tomato Paste 400g - Bundle of 2,Gino,spices,Tomato Paste,BS-GINO-TOMATO-PASTE-400G-0177-B2,false,,,,400g x 2,item,300,0.22,350,0,5,assets/tomato-paste.jpg,Gino Tomato Paste 400g Nigeria product pack bundle 2,Category placeholder – replace with verified product image,Estimated – verify with supplier,,,Nigeria/Imported,2026-08-10,"Stage catalogue item; verify exact pack, image and supplier price before live sale."
Gino Tomato Paste 850g - Bundle of 2,Gino,spices,Tomato Paste,BS-GINO-TOMATO-PASTE-850G-0178-B2,false,,,,850g x 2,item,600,0.22,750,0,5,assets/tomato-paste.jpg,Gino Tomato Paste 850g Nigeria product pack bundle 2,Category placeholder – replace with verified product image,Estimated – verify with supplier,,,Nigeria/Imported,2026-08-10,"Stage catalogue item; verify exact pack, image and supplier price before live sale."
Gino Tomato Paste 70g x 50 - Bundle of 2,Gino,spices,Tomato Paste,BS-GINO-TOMATO-PASTE-70G-X-50-0179-B2,false,,,,70g x 50 x 2,item,2350,0.22,2850,0,5,assets/tomato-paste.jpg,Gino Tomato Paste 70g x 50 Nigeria product pack bundle 2,Category placeholder – replace with verified product image,Estimated – verify with supplier,,,Nigeria/Imported,2026-08-10,"Stage catalogue item; verify exact pack, image and supplier price before live sale."
Tasty Tom Tomato Paste 70g - Bundle of 2,Tasty Tom,spices,Tomato Paste,BS-TASTY-TO-TOMATO-PASTE-70G-0180-B2,false,,,,70g x 2,item,300,0.22,350,0,5,assets/tomato-paste.jpg,Tasty Tom Tomato Paste 70g Nigeria product pack bundle 2,Category placeholder – replace with verified product image,Estimated – verify with supplier,,,Nigeria/Imported,2026-08-10,"Stage catalogue item; verify exact pack, image and supplier price before live sale."
Tasty Tom Tomato Paste 210g - Bundle of 2,Tasty Tom,spices,Tomato Paste,BS-TASTY-TO-TOMATO-PASTE-210G-0181-B2,false,,,,210g x 2,item,300,0.22,350,0,5,assets/tomato-paste.jpg,Tasty Tom Tomato Paste 210g Nigeria product pack bundle 2,Category placeholder – replace with verified product image,Estimated – verify with supplier,,,Nigeria/Imported,2026-08-10,"Stage catalogue item; verify exact pack, image and supplier price before live sale."
Tasty Tom Tomato Paste 400g - Bundle of 2,Tasty Tom,spices,Tomato Paste,BS-TASTY-TO-TOMATO-PASTE-400G-0182-B2,false,,,,400g x 2,item,300,0.22,350,0,5,assets/tomato-paste.jpg,Tasty Tom Tomato Paste 400g Nigeria product pack bundle 2,Category placeholder – replace with verified product image,Estimated – verify with supplier,,,Nigeria/Imported,2026-08-10,"Stage catalogue item; verify exact pack, image and supplier price before live sale."
Tasty Tom Tomato Paste 850g - Bundle of 2,Tasty Tom,spices,Tomato Paste,BS-TASTY-TO-TOMATO-PASTE-850G-0183-B2,false,,,,850g x 2,item,700,0.22,850,0,5,assets/tomato-paste.jpg,Tasty Tom Tomato Paste 850g Nigeria product pack bundle 2,Category placeholder – replace with verified product image,Estimated – verify with supplier,,,Nigeria/Imported,2026-08-10,"Stage catalogue item; verify exact pack, image and supplier price before live sale."
Tasty Tom Tomato Paste 70g x 50 - Bundle of 2,Tasty Tom,spices,Tomato Paste,BS-TASTY-TO-TOMATO-PASTE-70G-X-50-0184-B2,false,,,,70g x 50 x 2,item,2250,0.22,2750,0,5,assets/tomato-paste.jpg,Tasty Tom Tomato Paste 70g x 50 Nigeria product pack bundle 2,Category placeholder – replace with verified product image,Estimated – verify with supplier,,,Nigeria/Imported,2026-08-10,"Stage catalogue item; verify exact pack, image and supplier price before live sale."
De Rica Tomato Paste 70g - Bundle of 2,De Rica,spices,Tomato Paste,BS-DE-RICA-TOMATO-PASTE-70G-0185-B2,false,,,,70g x 2,item,300,0.22,350,0,5,assets/tomato-paste.jpg,De Rica Tomato Paste 70g Nigeria product pack bundle 2,Category placeholder – replace with verified product image,Estimated – verify with supplier,,,Nigeria/Imported,2026-08-10,"Stage catalogue item; verify exact pack, image and supplier price before live sale."
De Rica Tomato Paste 210g - Bundle of 2,De Rica,spices,Tomato Paste,BS-DE-RICA-TOMATO-PASTE-210G-0186-B2,false,,,,210g x 2,item,300,0.22,350,0,5,assets/tomato-paste.jpg,De Rica Tomato Paste 210g Nigeria product pack bundle 2,Category placeholder – replace with verified product image,Estimated – verify with supplier,,,Nigeria/Imported,2026-08-10,"Stage catalogue item; verify exact pack, image and supplier price before live sale."
De Rica Tomato Paste 400g - Bundle of 2,De Rica,spices,Tomato Paste,BS-DE-RICA-TOMATO-PASTE-400G-0187-B2,false,,,,400g x 2,item,300,0.22,350,0,5,assets/tomato-paste.jpg,De Rica Tomato Paste 400g Nigeria product pack bundle 2,Category placeholder – replace with verified product image,Estimated – verify with supplier,,,Nigeria/Imported,2026-08-10,"Stage catalogue item; verify exact pack, image and supplier price before live sale."
De Rica Tomato Paste 850g - Bundle of 2,De Rica,spices,Tomato Paste,BS-DE-RICA-TOMATO-PASTE-850G-0188-B2,false,,,,850g x 2,item,600,0.22,750,0,5,assets/tomato-paste.jpg,De Rica Tomato Paste 850g Nigeria product pack bundle 2,Category placeholder – replace with verified product image,Estimated – verify with supplier,,,Nigeria/Imported,2026-08-10,"Stage catalogue item; verify exact pack, image and supplier price before live sale."
Gino Jollof Mix 70g - Bundle of 2,Gino,spices,Jollof Mix,BS-GINO-JOLLOF-MIX-70G-0189-B2,false,,,,70g x 2,item,300,0.22,350,0,5,assets/tomato-paste.jpg,Gino Jollof Mix 70g Nigeria product pack bundle 2,Category placeholder – replace with verified product image,Estimated – verify with supplier,,,Nigeria/Imported,2026-08-10,"Stage catalogue item; verify exact pack, image and supplier price before live sale."
Gino Jollof Mix 210g - Bundle of 2,Gino,spices,Jollof Mix,BS-GINO-JOLLOF-MIX-210G-0190-B2,false,,,,210g x 2,item,300,0.22,350,0,5,assets/tomato-paste.jpg,Gino Jollof Mix 210g Nigeria product pack bundle 2,Category placeholder – replace with verified product image,Estimated – verify with supplier,,,Nigeria/Imported,2026-08-10,"Stage catalogue item; verify exact pack, image and supplier price before live sale."
Gino Jollof Mix 400g - Bundle of 2,Gino,spices,Jollof Mix,BS-GINO-JOLLOF-MIX-400G-0191-B2,false,,,,400g x 2,item,300,0.22,350,0,5,assets/tomato-paste.jpg,Gino Jollof Mix 400g Nigeria product pack bundle 2,Category placeholder – replace with verified product image,Estimated – verify with supplier,,,Nigeria/Imported,2026-08-10,"Stage catalogue item; verify exact pack, image and supplier price before live sale."
Dangote Salt 250g - Bundle of 2,Dangote,spices,Salt,BS-DANGOTE-SALT-250G-0192-B2,false,,,,250g x 2,item,300,0.22,350,0,5,assets/tomato-paste.jpg,Dangote Salt 250g Nigeria product pack bundle 2,Category placeholder – replace with verified product image,Estimated – verify with supplier,,,Nigeria/Imported,2026-08-10,"Stage catalogue item; verify exact pack, image and supplier price before live sale."
Dangote Salt 500g - Bundle of 2,Dangote,spices,Salt,BS-DANGOTE-SALT-500G-0193-B2,false,,,,500g x 2,item,300,0.22,350,0,5,assets/tomato-paste.jpg,Dangote Salt 500g Nigeria product pack bundle 2,Category placeholder – replace with verified product image,Estimated – verify with supplier,,,Nigeria/Imported,2026-08-10,"Stage catalogue item; verify exact pack, image and supplier price before live sale."
Dangote Salt 1kg - Bundle of 2,Dangote,spices,Salt,BS-DANGOTE-SALT-1KG-0194-B2,false,,,,1kg x 2,item,500,0.22,600,0,5,assets/tomato-paste.jpg,Dangote Salt 1kg Nigeria product pack bundle 2,Category placeholder – replace with verified product image,Estimated – verify with supplier,,,Nigeria/Imported,2026-08-10,"Stage catalogue item; verify exact pack, image and supplier price before live sale."
Mr Chef Salt 250g - Bundle of 2,Mr Chef,spices,Salt,BS-MR-CHEF-SALT-250G-0195-B2,false,,,,250g x 2,item,300,0.22,350,0,5,assets/tomato-paste.jpg,Mr Chef Salt 250g Nigeria product pack bundle 2,Category placeholder – replace with verified product image,Estimated – verify with supplier,,,Nigeria/Imported,2026-08-10,"Stage catalogue item; verify exact pack, image and supplier price before live sale."
Mr Chef Salt 500g - Bundle of 2,Mr Chef,spices,Salt,BS-MR-CHEF-SALT-500G-0196-B2,false,,,,500g x 2,item,300,0.22,350,0,5,assets/tomato-paste.jpg,Mr Chef Salt 500g Nigeria product pack bundle 2,Category placeholder – replace with verified product image,Estimated – verify with supplier,,,Nigeria/Imported,2026-08-10,"Stage catalogue item; verify exact pack, image and supplier price before live sale."
Mr Chef Salt 1kg - Bundle of 2,Mr Chef,spices,Salt,BS-MR-CHEF-SALT-1KG-0197-B2,false,,,,1kg x 2,item,500,0.22,600,0,5,assets/tomato-paste.jpg,Mr Chef Salt 1kg Nigeria product pack bundle 2,Category placeholder – replace with verified product image,Estimated – verify with supplier,,,Nigeria/Imported,2026-08-10,"Stage catalogue item; verify exact pack, image and supplier price before live sale."
Ground Pepper 50g - Bundle of 2,Generic,spices,Ground Pepper,BS-GENERIC-GROUND-PEPPE-50G-0198-B2,false,,,,50g x 2,item,300,0.22,350,0,5,assets/tomato-paste.jpg,Generic Ground Pepper 50g Nigeria product pack bundle 2,Category placeholder – replace with verified product image,Estimated – verify with supplier,,,Nigeria/Imported,2026-08-10,"Stage catalogue item; verify exact pack, image and supplier price before live sale."
Ground Pepper 100g - Bundle of 2,Generic,spices,Ground Pepper,BS-GENERIC-GROUND-PEPPE-100G-0199-B2,false,,,,100g x 2,item,300,0.22,350,0,5,assets/tomato-paste.jpg,Generic Ground Pepper 100g Nigeria product pack bundle 2,Category placeholder – replace with verified product image,Estimated – verify with supplier,,,Nigeria/Imported,2026-08-10,"Stage catalogue item; verify exact pack, image and supplier price before live sale."
Ground Pepper 250g - Bundle of 2,Generic,spices,Ground Pepper,BS-GENERIC-GROUND-PEPPE-250G-0200-B2,false,,,,250g x 2,item,500,0.22,600,0,5,assets/tomato-paste.jpg,Generic Ground Pepper 250g Nigeria product pack bundle 2,Category placeholder – replace with verified product image,Estimated – verify with supplier,,,Nigeria/Imported,2026-08-10,"Stage catalogue item; verify exact pack, image and supplier price before live sale."
Ground Pepper 500g - Bundle of 2,Generic,spices,Ground Pepper,BS-GENERIC-GROUND-PEPPE-500G-0201-B2,false,,,,500g x 2,item,950,0.22,1150,0,5,assets/tomato-paste.jpg,Generic Ground Pepper 500g Nigeria product pack bundle 2,Category placeholder – replace with verified product image,Estimated – verify with supplier,,,Nigeria/Imported,2026-08-10,"Stage catalogue item; verify exact pack, image and supplier price before live sale."
Ground Pepper 1kg - Bundle of 2,Generic,spices,Ground Pepper,BS-GENERIC-GROUND-PEPPE-1KG-0202-B2,false,,,,1kg x 2,item,1950,0.22,2400,0,5,assets/tomato-paste.jpg,Generic Ground Pepper 1kg Nigeria product pack bundle 2,Category placeholder – replace with verified product image,Estimated – verify with supplier,,,Nigeria/Imported,2026-08-10,"Stage catalogue item; verify exact pack, image and supplier price before live sale."
Crayfish 100g - Bundle of 2,Generic,spices,Crayfish,BS-GENERIC-CRAYFISH-100G-0203-B2,false,,,,100g x 2,item,500,0.22,600,0,5,assets/tomato-paste.jpg,Generic Crayfish 100g Nigeria product pack bundle 2,Category placeholder – replace with verified product image,Estimated – verify with supplier,,,Nigeria/Imported,2026-08-10,"Stage catalogue item; verify exact pack, image and supplier price before live sale."
Crayfish 250g - Bundle of 2,Generic,spices,Crayfish,BS-GENERIC-CRAYFISH-250G-0204-B2,false,,,,250g x 2,item,950,0.22,1150,0,5,assets/tomato-paste.jpg,Generic Crayfish 250g Nigeria product pack bundle 2,Category placeholder – replace with verified product image,Estimated – verify with supplier,,,Nigeria/Imported,2026-08-10,"Stage catalogue item; verify exact pack, image and supplier price before live sale."
Crayfish 500g - Bundle of 2,Generic,spices,Crayfish,BS-GENERIC-CRAYFISH-500G-0205-B2,false,,,,500g x 2,item,2150,0.22,2600,0,5,assets/tomato-paste.jpg,Generic Crayfish 500g Nigeria product pack bundle 2,Category placeholder – replace with verified product image,Estimated – verify with supplier,,,Nigeria/Imported,2026-08-10,"Stage catalogue item; verify exact pack, image and supplier price before live sale."
Crayfish 1kg - Bundle of 2,Generic,spices,Crayfish,BS-GENERIC-CRAYFISH-1KG-0206-B2,false,,,,1kg x 2,item,4050,0.22,4950,0,5,assets/tomato-paste.jpg,Generic Crayfish 1kg Nigeria product pack bundle 2,Category placeholder – replace with verified product image,Estimated – verify with supplier,,,Nigeria/Imported,2026-08-10,"Stage catalogue item; verify exact pack, image and supplier price before live sale."
Egusi 250g - Bundle of 2,Generic,spices,Egusi,BS-GENERIC-EGUSI-250G-0207-B2,false,,,,250g x 2,item,1150,0.22,1400,0,5,assets/tomato-paste.jpg,Generic Egusi 250g Nigeria product pack bundle 2,Category placeholder – replace with verified product image,Estimated – verify with supplier,,,Nigeria/Imported,2026-08-10,"Stage catalogue item; verify exact pack, image and supplier price before live sale."
Egusi 500g - Bundle of 2,Generic,spices,Egusi,BS-GENERIC-EGUSI-500G-0208-B2,false,,,,500g x 2,item,2150,0.22,2600,0,5,assets/tomato-paste.jpg,Generic Egusi 500g Nigeria product pack bundle 2,Category placeholder – replace with verified product image,Estimated – verify with supplier,,,Nigeria/Imported,2026-08-10,"Stage catalogue item; verify exact pack, image and supplier price before live sale."
Egusi 1kg - Bundle of 2,Generic,spices,Egusi,BS-GENERIC-EGUSI-1KG-0209-B2,false,,,,1kg x 2,item,4550,0.22,5550,0,5,assets/tomato-paste.jpg,Generic Egusi 1kg Nigeria product pack bundle 2,Category placeholder – replace with verified product image,Estimated – verify with supplier,,,Nigeria/Imported,2026-08-10,"Stage catalogue item; verify exact pack, image and supplier price before live sale."
Egusi 2kg - Bundle of 2,Generic,spices,Egusi,BS-GENERIC-EGUSI-2KG-0210-B2,false,,,,2kg x 2,item,10200,0.22,12450,0,5,assets/tomato-paste.jpg,Generic Egusi 2kg Nigeria product pack bundle 2,Category placeholder – replace with verified product image,Estimated – verify with supplier,,,Nigeria/Imported,2026-08-10,"Stage catalogue item; verify exact pack, image and supplier price before live sale."
Ogbono 100g - Bundle of 2,Generic,spices,Ogbono,BS-GENERIC-OGBONO-100G-0211-B2,false,,,,100g x 2,item,500,0.22,600,0,5,assets/tomato-paste.jpg,Generic Ogbono 100g Nigeria product pack bundle 2,Category placeholder – replace with verified product image,Estimated – verify with supplier,,,Nigeria/Imported,2026-08-10,"Stage catalogue item; verify exact pack, image and supplier price before live sale."
Ogbono 250g - Bundle of 2,Generic,spices,Ogbono,BS-GENERIC-OGBONO-250G-0212-B2,false,,,,250g x 2,item,1250,0.22,1500,0,5,assets/tomato-paste.jpg,Generic Ogbono 250g Nigeria product pack bundle 2,Category placeholder – replace with verified product image,Estimated – verify with supplier,,,Nigeria/Imported,2026-08-10,"Stage catalogue item; verify exact pack, image and supplier price before live sale."
Ogbono 500g - Bundle of 2,Generic,spices,Ogbono,BS-GENERIC-OGBONO-500G-0213-B2,false,,,,500g x 2,item,2400,0.22,2950,0,5,assets/tomato-paste.jpg,Generic Ogbono 500g Nigeria product pack bundle 2,Category placeholder – replace with verified product image,Estimated – verify with supplier,,,Nigeria/Imported,2026-08-10,"Stage catalogue item; verify exact pack, image and supplier price before live sale."
Ogbono 1kg - Bundle of 2,Generic,spices,Ogbono,BS-GENERIC-OGBONO-1KG-0214-B2,false,,,,1kg x 2,item,4850,0.22,5900,0,5,assets/tomato-paste.jpg,Generic Ogbono 1kg Nigeria product pack bundle 2,Category placeholder – replace with verified product image,Estimated – verify with supplier,,,Nigeria/Imported,2026-08-10,"Stage catalogue item; verify exact pack, image and supplier price before live sale."
Peak Powdered Milk 150g - Bundle of 2,Peak,drinks,Powdered Milk,BS-PEAK-POWDERED-MIL-150G-0215-B2,false,,,,150g x 2,item,800,0.18,950,0,5,assets/beverages.jpg,Peak Powdered Milk 150g Nigeria product pack bundle 2,Category placeholder – replace with verified product image,Estimated – verify with supplier,,,Nigeria/Imported,2026-08-10,"Stage catalogue item; verify exact pack, image and supplier price before live sale."
Peak Powdered Milk 360g - Bundle of 2,Peak,drinks,Powdered Milk,BS-PEAK-POWDERED-MIL-360G-0216-B2,false,,,,360g x 2,item,1850,0.18,2200,0,5,assets/beverages.jpg,Peak Powdered Milk 360g Nigeria product pack bundle 2,Category placeholder – replace with verified product image,Estimated – verify with supplier,,,Nigeria/Imported,2026-08-10,"Stage catalogue item; verify exact pack, image and supplier price before live sale."
Peak Powdered Milk 400g - Bundle of 2,Peak,drinks,Powdered Milk,BS-PEAK-POWDERED-MIL-400G-0217-B2,false,,,,400g x 2,item,1950,0.18,2300,0,5,assets/beverages.jpg,Peak Powdered Milk 400g Nigeria product pack bundle 2,Category placeholder – replace with verified product image,Estimated – verify with supplier,,,Nigeria/Imported,2026-08-10,"Stage catalogue item; verify exact pack, image and supplier price before live sale."
Peak Powdered Milk 800g - Bundle of 2,Peak,drinks,Powdered Milk,BS-PEAK-POWDERED-MIL-800G-0218-B2,false,,,,800g x 2,item,3900,0.18,4600,0,5,assets/beverages.jpg,Peak Powdered Milk 800g Nigeria product pack bundle 2,Category placeholder – replace with verified product image,Estimated – verify with supplier,,,Nigeria/Imported,2026-08-10,"Stage catalogue item; verify exact pack, image and supplier price before live sale."
Peak Powdered Milk 900g - Bundle of 2,Peak,drinks,Powdered Milk,BS-PEAK-POWDERED-MIL-900G-0219-B2,false,,,,900g x 2,item,4000,0.18,4700,0,5,assets/beverages.jpg,Peak Powdered Milk 900g Nigeria product pack bundle 2,Category placeholder – replace with verified product image,Estimated – verify with supplier,,,Nigeria/Imported,2026-08-10,"Stage catalogue item; verify exact pack, image and supplier price before live sale."
Dano Powdered Milk 150g - Bundle of 2,Dano,drinks,Powdered Milk,BS-DANO-POWDERED-MIL-150G-0220-B2,false,,,,150g x 2,item,600,0.18,700,0,5,assets/beverages.jpg,Dano Powdered Milk 150g Nigeria product pack bundle 2,Category placeholder – replace with verified product image,Estimated – verify with supplier,,,Nigeria/Imported,2026-08-10,"Stage catalogue item; verify exact pack, image and supplier price before live sale."
Dano Powdered Milk 360g - Bundle of 2,Dano,drinks,Powdered Milk,BS-DANO-POWDERED-MIL-360G-0221-B2,false,,,,360g x 2,item,1650,0.18,1950,0,5,assets/beverages.jpg,Dano Powdered Milk 360g Nigeria product pack bundle 2,Category placeholder – replace with verified product image,Estimated – verify with supplier,,,Nigeria/Imported,2026-08-10,"Stage catalogue item; verify exact pack, image and supplier price before live sale."
Dano Powdered Milk 400g - Bundle of 2,Dano,drinks,Powdered Milk,BS-DANO-POWDERED-MIL-400G-0222-B2,false,,,,400g x 2,item,1750,0.18,2050,0,5,assets/beverages.jpg,Dano Powdered Milk 400g Nigeria product pack bundle 2,Category placeholder – replace with verified product image,Estimated – verify with supplier,,,Nigeria/Imported,2026-08-10,"Stage catalogue item; verify exact pack, image and supplier price before live sale."
Dano Powdered Milk 800g - Bundle of 2,Dano,drinks,Powdered Milk,BS-DANO-POWDERED-MIL-800G-0223-B2,false,,,,800g x 2,item,3500,0.18,4150,0,5,assets/beverages.jpg,Dano Powdered Milk 800g Nigeria product pack bundle 2,Category placeholder – replace with verified product image,Estimated – verify with supplier,,,Nigeria/Imported,2026-08-10,"Stage catalogue item; verify exact pack, image and supplier price before live sale."
Dano Powdered Milk 900g - Bundle of 2,Dano,drinks,Powdered Milk,BS-DANO-POWDERED-MIL-900G-0224-B2,false,,,,900g x 2,item,4050,0.18,4800,0,5,assets/beverages.jpg,Dano Powdered Milk 900g Nigeria product pack bundle 2,Category placeholder – replace with verified product image,Estimated – verify with supplier,,,Nigeria/Imported,2026-08-10,"Stage catalogue item; verify exact pack, image and supplier price before live sale."
Peak Evaporated Milk 160g - Bundle of 2,Peak,drinks,Evaporated Milk,BS-PEAK-EVAPORATED-M-160G-0225-B2,false,,,,160g x 2,item,300,0.18,350,0,5,assets/beverages.jpg,Peak Evaporated Milk 160g Nigeria product pack bundle 2,Category placeholder – replace with verified product image,Estimated – verify with supplier,,,Nigeria/Imported,2026-08-10,"Stage catalogue item; verify exact pack, image and supplier price before live sale."
Peak Evaporated Milk 170g x 24 - Bundle of 2,Peak,drinks,Evaporated Milk,BS-PEAK-EVAPORATED-M-170G-X-24-0226-B2,false,,,,170g x 24 x 2,item,5250,0.18,6200,0,5,assets/beverages.jpg,Peak Evaporated Milk 170g x 24 Nigeria product pack bundle 2,Category placeholder – replace with verified product image,Estimated – verify with supplier,,,Nigeria/Imported,2026-08-10,"Stage catalogue item; verify exact pack, image and supplier price before live sale."
Milo Chocolate Drink 200g - Bundle of 2,Milo,drinks,Chocolate Drink,BS-MILO-CHOCOLATE-DR-200G-0227-B2,false,,,,200g x 2,item,950,0.18,1100,0,5,assets/beverages.jpg,Milo Chocolate Drink 200g Nigeria product pack bundle 2,Category placeholder – replace with verified product image,Estimated – verify with supplier,,,Nigeria/Imported,2026-08-10,"Stage catalogue item; verify exact pack, image and supplier price before live sale."
Milo Chocolate Drink 400g - Bundle of 2,Milo,drinks,Chocolate Drink,BS-MILO-CHOCOLATE-DR-400G-0228-B2,false,,,,400g x 2,item,2050,0.18,2400,0,5,assets/beverages.jpg,Milo Chocolate Drink 400g Nigeria product pack bundle 2,Category placeholder – replace with verified product image,Estimated – verify with supplier,,,Nigeria/Imported,2026-08-10,"Stage catalogue item; verify exact pack, image and supplier price before live sale."
Milo Chocolate Drink 800g - Bundle of 2,Milo,drinks,Chocolate Drink,BS-MILO-CHOCOLATE-DR-800G-0229-B2,false,,,,800g x 2,item,3700,0.18,4350,0,5,assets/beverages.jpg,Milo Chocolate Drink 800g Nigeria product pack bundle 2,Category placeholder – replace with verified product image,Estimated – verify with supplier,,,Nigeria/Imported,2026-08-10,"Stage catalogue item; verify exact pack, image and supplier price before live sale."
Milo Chocolate Drink 1kg - Bundle of 2,Milo,drinks,Chocolate Drink,BS-MILO-CHOCOLATE-DR-1KG-0230-B2,false,,,,1kg x 2,item,5350,0.18,6300,0,5,assets/beverages.jpg,Milo Chocolate Drink 1kg Nigeria product pack bundle 2,Category placeholder – replace with verified product image,Estimated – verify with supplier,,,Nigeria/Imported,2026-08-10,"Stage catalogue item; verify exact pack, image and supplier price before live sale."
Bournvita Chocolate Drink 200g - Bundle of 2,Bournvita,drinks,Chocolate Drink,BS-BOURNVIT-CHOCOLATE-DR-200G-0231-B2,false,,,,200g x 2,item,850,0.18,1000,0,5,assets/beverages.jpg,Bournvita Chocolate Drink 200g Nigeria product pack bundle 2,Category placeholder – replace with verified product image,Estimated – verify with supplier,,,Nigeria/Imported,2026-08-10,"Stage catalogue item; verify exact pack, image and supplier price before live sale."
Bournvita Chocolate Drink 500g - Bundle of 2,Bournvita,drinks,Chocolate Drink,BS-BOURNVIT-CHOCOLATE-DR-500G-0232-B2,false,,,,500g x 2,item,2350,0.18,2750,0,5,assets/beverages.jpg,Bournvita Chocolate Drink 500g Nigeria product pack bundle 2,Category placeholder – replace with verified product image,Estimated – verify with supplier,,,Nigeria/Imported,2026-08-10,"Stage catalogue item; verify exact pack, image and supplier price before live sale."
Bournvita Chocolate Drink 900g - Bundle of 2,Bournvita,drinks,Chocolate Drink,BS-BOURNVIT-CHOCOLATE-DR-900G-0233-B2,false,,,,900g x 2,item,4450,0.18,5250,0,5,assets/beverages.jpg,Bournvita Chocolate Drink 900g Nigeria product pack bundle 2,Category placeholder – replace with verified product image,Estimated – verify with supplier,,,Nigeria/Imported,2026-08-10,"Stage catalogue item; verify exact pack, image and supplier price before live sale."
Lipton Tea 25 bags - Bundle of 2,Lipton,drinks,Tea,BS-LIPTON-TEA-25-BAGS-0234-B2,false,,,,25 bags x 2,item,8450,0.18,9950,0,5,assets/beverages.jpg,Lipton Tea 25 bags Nigeria product pack bundle 2,Category placeholder – replace with verified product image,Estimated – verify with supplier,,,Nigeria/Imported,2026-08-10,"Stage catalogue item; verify exact pack, image and supplier price before live sale."
Lipton Tea 50 bags - Bundle of 2,Lipton,drinks,Tea,BS-LIPTON-TEA-50-BAGS-0235-B2,false,,,,50 bags x 2,item,15500,0.18,18300,0,5,assets/beverages.jpg,Lipton Tea 50 bags Nigeria product pack bundle 2,Category placeholder – replace with verified product image,Estimated – verify with supplier,,,Nigeria/Imported,2026-08-10,"Stage catalogue item; verify exact pack, image and supplier price before live sale."
Lipton Tea 100 bags - Bundle of 2,Lipton,drinks,Tea,BS-LIPTON-TEA-100-BAGS-0236-B2,false,,,,100 bags x 2,item,30450,0.18,35950,0,5,assets/beverages.jpg,Lipton Tea 100 bags Nigeria product pack bundle 2,Category placeholder – replace with verified product image,Estimated – verify with supplier,,,Nigeria/Imported,2026-08-10,"Stage catalogue item; verify exact pack, image and supplier price before live sale."
Nescafe Coffee 50g - Bundle of 2,Nescafe,drinks,Coffee,BS-NESCAFE-COFFEE-50G-0237-B2,false,,,,50g x 2,item,300,0.18,350,0,5,assets/beverages.jpg,Nescafe Coffee 50g Nigeria product pack bundle 2,Category placeholder – replace with verified product image,Estimated – verify with supplier,,,Nigeria/Imported,2026-08-10,"Stage catalogue item; verify exact pack, image and supplier price before live sale."
Nescafe Coffee 100g - Bundle of 2,Nescafe,drinks,Coffee,BS-NESCAFE-COFFEE-100G-0238-B2,false,,,,100g x 2,item,300,0.18,350,0,5,assets/beverages.jpg,Nescafe Coffee 100g Nigeria product pack bundle 2,Category placeholder – replace with verified product image,Estimated – verify with supplier,,,Nigeria/Imported,2026-08-10,"Stage catalogue item; verify exact pack, image and supplier price before live sale."
Nescafe Coffee 200g - Bundle of 2,Nescafe,drinks,Coffee,BS-NESCAFE-COFFEE-200G-0239-B2,false,,,,200g x 2,item,700,0.18,850,0,5,assets/beverages.jpg,Nescafe Coffee 200g Nigeria product pack bundle 2,Category placeholder – replace with verified product image,Estimated – verify with supplier,,,Nigeria/Imported,2026-08-10,"Stage catalogue item; verify exact pack, image and supplier price before live sale."
Maltina Malt Drink 330ml - Bundle of 2,Maltina,drinks,Malt Drink,BS-MALTINA-MALT-DRINK-330ML-0240-B2,false,,,,330ml x 2,item,300,0.18,350,0,5,assets/beverages.jpg,Maltina Malt Drink 330ml Nigeria product pack bundle 2,Category placeholder – replace with verified product image,Estimated – verify with supplier,,,Nigeria/Imported,2026-08-10,"Stage catalogue item; verify exact pack, image and supplier price before live sale."
Maltina Malt Drink 330ml x 24 - Bundle of 2,Maltina,drinks,Malt Drink,BS-MALTINA-MALT-DRINK-330ML-X-24-0241-B2,false,,,,330ml x 24 x 2,item,7650,0.18,9050,0,5,assets/beverages.jpg,Maltina Malt Drink 330ml x 24 Nigeria product pack bundle 2,Category placeholder – replace with verified product image,Estimated – verify with supplier,,,Nigeria/Imported,2026-08-10,"Stage catalogue item; verify exact pack, image and supplier price before live sale."
Malta Guinness Malt Drink 330ml - Bundle of 2,Malta Guinness,drinks,Malt Drink,BS-MALTA-GU-MALT-DRINK-330ML-0242-B2,false,,,,330ml x 2,item,400,0.18,450,0,5,assets/beverages.jpg,Malta Guinness Malt Drink 330ml Nigeria product pack bundle 2,Category placeholder – replace with verified product image,Estimated – verify with supplier,,,Nigeria/Imported,2026-08-10,"Stage catalogue item; verify exact pack, image and supplier price before live sale."
Malta Guinness Malt Drink 330ml x 24 - Bundle of 2,Malta Guinness,drinks,Malt Drink,BS-MALTA-GU-MALT-DRINK-330ML-X-24-0243-B2,false,,,,330ml x 24 x 2,item,8550,0.18,10100,0,5,assets/beverages.jpg,Malta Guinness Malt Drink 330ml x 24 Nigeria product pack bundle 2,Category placeholder – replace with verified product image,Estimated – verify with supplier,,,Nigeria/Imported,2026-08-10,"Stage catalogue item; verify exact pack, image and supplier price before live sale."
Coca-Cola Soft Drink Cola 35cl - Bundle of 2,Coca-Cola,drinks,Soft Drink Cola,BS-COCA-COL-SOFT-DRINK-C-35CL-0244-B2,false,,,,35cl x 2,item,300,0.18,350,0,5,assets/beverages.jpg,Coca-Cola Soft Drink Cola 35cl Nigeria product pack bundle 2,Category placeholder – replace with verified product image,Estimated – verify with supplier,,,Nigeria/Imported,2026-08-10,"Stage catalogue item; verify exact pack, image and supplier price before live sale."
Coca-Cola Soft Drink Cola 50cl - Bundle of 2,Coca-Cola,drinks,Soft Drink Cola,BS-COCA-COL-SOFT-DRINK-C-50CL-0245-B2,false,,,,50cl x 2,item,400,0.18,450,0,5,assets/beverages.jpg,Coca-Cola Soft Drink Cola 50cl Nigeria product pack bundle 2,Category placeholder – replace with verified product image,Estimated – verify with supplier,,,Nigeria/Imported,2026-08-10,"Stage catalogue item; verify exact pack, image and supplier price before live sale."
Coca-Cola Soft Drink Cola 1L - Bundle of 2,Coca-Cola,drinks,Soft Drink Cola,BS-COCA-COL-SOFT-DRINK-C-1L-0246-B2,false,,,,1L x 2,item,800,0.18,950,0,5,assets/beverages.jpg,Coca-Cola Soft Drink Cola 1L Nigeria product pack bundle 2,Category placeholder – replace with verified product image,Estimated – verify with supplier,,,Nigeria/Imported,2026-08-10,"Stage catalogue item; verify exact pack, image and supplier price before live sale."
Coca-Cola Soft Drink Cola 1.5L - Bundle of 2,Coca-Cola,drinks,Soft Drink Cola,BS-COCA-COL-SOFT-DRINK-C-1-5L-0247-B2,false,,,,1.5L x 2,item,1150,0.18,1350,0,5,assets/beverages.jpg,Coca-Cola Soft Drink Cola 1.5L Nigeria product pack bundle 2,Category placeholder – replace with verified product image,Estimated – verify with supplier,,,Nigeria/Imported,2026-08-10,"Stage catalogue item; verify exact pack, image and supplier price before live sale."
Coca-Cola Soft Drink Cola 50cl x 12 - Bundle of 2,Coca-Cola,drinks,Soft Drink Cola,BS-COCA-COL-SOFT-DRINK-C-50CL-X-12-0248-B2,false,,,,50cl x 12 x 2,item,4650,0.18,5500,0,5,assets/beverages.jpg,Coca-Cola Soft Drink Cola 50cl x 12 Nigeria product pack bundle 2,Category placeholder – replace with verified product image,Estimated – verify with supplier,,,Nigeria/Imported,2026-08-10,"Stage catalogue item; verify exact pack, image and supplier price before live sale."
Fanta Soft Drink Orange 35cl - Bundle of 2,Fanta,drinks,Soft Drink Orange,BS-FANTA-SOFT-DRINK-O-35CL-0249-B2,false,,,,35cl x 2,item,300,0.18,350,0,5,assets/beverages.jpg,Fanta Soft Drink Orange 35cl Nigeria product pack bundle 2,Category placeholder – replace with verified product image,Estimated – verify with supplier,,,Nigeria/Imported,2026-08-10,"Stage catalogue item; verify exact pack, image and supplier price before live sale."
Fanta Soft Drink Orange 50cl - Bundle of 2,Fanta,drinks,Soft Drink Orange,BS-FANTA-SOFT-DRINK-O-50CL-0250-B2,false,,,,50cl x 2,item,400,0.18,450,0,5,assets/beverages.jpg,Fanta Soft Drink Orange 50cl Nigeria product pack bundle 2,Category placeholder – replace with verified product image,Estimated – verify with supplier,,,Nigeria/Imported,2026-08-10,"Stage catalogue item; verify exact pack, image and supplier price before live sale."
Fanta Soft Drink Orange 1L - Bundle of 2,Fanta,drinks,Soft Drink Orange,BS-FANTA-SOFT-DRINK-O-1L-0251-B2,false,,,,1L x 2,item,800,0.18,950,0,5,assets/beverages.jpg,Fanta Soft Drink Orange 1L Nigeria product pack bundle 2,Category placeholder – replace with verified product image,Estimated – verify with supplier,,,Nigeria/Imported,2026-08-10,"Stage catalogue item; verify exact pack, image and supplier price before live sale."
Fanta Soft Drink Orange 1.5L - Bundle of 2,Fanta,drinks,Soft Drink Orange,BS-FANTA-SOFT-DRINK-O-1-5L-0252-B2,false,,,,1.5L x 2,item,1250,0.18,1500,0,5,assets/beverages.jpg,Fanta Soft Drink Orange 1.5L Nigeria product pack bundle 2,Category placeholder – replace with verified product image,Estimated – verify with supplier,,,Nigeria/Imported,2026-08-10,"Stage catalogue item; verify exact pack, image and supplier price before live sale."
Fanta Soft Drink Orange 50cl x 12 - Bundle of 2,Fanta,drinks,Soft Drink Orange,BS-FANTA-SOFT-DRINK-O-50CL-X-12-0253-B2,false,,,,50cl x 12 x 2,item,4350,0.18,5150,0,5,assets/beverages.jpg,Fanta Soft Drink Orange 50cl x 12 Nigeria product pack bundle 2,Category placeholder – replace with verified product image,Estimated – verify with supplier,,,Nigeria/Imported,2026-08-10,"Stage catalogue item; verify exact pack, image and supplier price before live sale."
Sprite Soft Drink Lemon-Lime 35cl - Bundle of 2,Sprite,drinks,Soft Drink Lemon-Lime,BS-SPRITE-SOFT-DRINK-L-35CL-0254-B2,false,,,,35cl x 2,item,300,0.18,350,0,5,assets/beverages.jpg,Sprite Soft Drink Lemon-Lime 35cl Nigeria product pack bundle 2,Category placeholder – replace with verified product image,Estimated – verify with supplier,,,Nigeria/Imported,2026-08-10,"Stage catalogue item; verify exact pack, image and supplier price before live sale."
Sprite Soft Drink Lemon-Lime 50cl - Bundle of 2,Sprite,drinks,Soft Drink Lemon-Lime,BS-SPRITE-SOFT-DRINK-L-50CL-0255-B2,false,,,,50cl x 2,item,400,0.18,450,0,5,assets/beverages.jpg,Sprite Soft Drink Lemon-Lime 50cl Nigeria product pack bundle 2,Category placeholder – replace with verified product image,Estimated – verify with supplier,,,Nigeria/Imported,2026-08-10,"Stage catalogue item; verify exact pack, image and supplier price before live sale."
Sprite Soft Drink Lemon-Lime 1L - Bundle of 2,Sprite,drinks,Soft Drink Lemon-Lime,BS-SPRITE-SOFT-DRINK-L-1L-0256-B2,false,,,,1L x 2,item,850,0.18,1000,0,5,assets/beverages.jpg,Sprite Soft Drink Lemon-Lime 1L Nigeria product pack bundle 2,Category placeholder – replace with verified product image,Estimated – verify with supplier,,,Nigeria/Imported,2026-08-10,"Stage catalogue item; verify exact pack, image and supplier price before live sale."
Sprite Soft Drink Lemon-Lime 1.5L - Bundle of 2,Sprite,drinks,Soft Drink Lemon-Lime,BS-SPRITE-SOFT-DRINK-L-1-5L-0257-B2,false,,,,1.5L x 2,item,1050,0.18,1250,0,5,assets/beverages.jpg,Sprite Soft Drink Lemon-Lime 1.5L Nigeria product pack bundle 2,Category placeholder – replace with verified product image,Estimated – verify with supplier,,,Nigeria/Imported,2026-08-10,"Stage catalogue item; verify exact pack, image and supplier price before live sale."
Sprite Soft Drink Lemon-Lime 50cl x 12 - Bundle of 2,Sprite,drinks,Soft Drink Lemon-Lime,BS-SPRITE-SOFT-DRINK-L-50CL-X-12-0258-B2,false,,,,50cl x 12 x 2,item,4450,0.18,5250,0,5,assets/beverages.jpg,Sprite Soft Drink Lemon-Lime 50cl x 12 Nigeria product pack bundle 2,Category placeholder – replace with verified product image,Estimated – verify with supplier,,,Nigeria/Imported,2026-08-10,"Stage catalogue item; verify exact pack, image and supplier price before live sale."
Chivita Fruit Juice 315ml - Bundle of 2,Chivita,drinks,Fruit Juice,BS-CHIVITA-FRUIT-JUICE-315ML-0259-B2,false,,,,315ml x 2,item,500,0.18,600,0,5,assets/beverages.jpg,Chivita Fruit Juice 315ml Nigeria product pack bundle 2,Category placeholder – replace with verified product image,Estimated – verify with supplier,,,Nigeria/Imported,2026-08-10,"Stage catalogue item; verify exact pack, image and supplier price before live sale."
Chivita Fruit Juice 1L - Bundle of 2,Chivita,drinks,Fruit Juice,BS-CHIVITA-FRUIT-JUICE-1L-0260-B2,false,,,,1L x 2,item,1950,0.18,2300,0,5,assets/beverages.jpg,Chivita Fruit Juice 1L Nigeria product pack bundle 2,Category placeholder – replace with verified product image,Estimated – verify with supplier,,,Nigeria/Imported,2026-08-10,"Stage catalogue item; verify exact pack, image and supplier price before live sale."
Five Alive Fruit Juice 350ml - Bundle of 2,Five Alive,drinks,Fruit Juice,BS-FIVE-ALI-FRUIT-JUICE-350ML-0261-B2,false,,,,350ml x 2,item,600,0.18,700,0,5,assets/beverages.jpg,Five Alive Fruit Juice 350ml Nigeria product pack bundle 2,Category placeholder – replace with verified product image,Estimated – verify with supplier,,,Nigeria/Imported,2026-08-10,"Stage catalogue item; verify exact pack, image and supplier price before live sale."
Five Alive Fruit Juice 1L - Bundle of 2,Five Alive,drinks,Fruit Juice,BS-FIVE-ALI-FRUIT-JUICE-1L-0262-B2,false,,,,1L x 2,item,1750,0.18,2050,0,5,assets/beverages.jpg,Five Alive Fruit Juice 1L Nigeria product pack bundle 2,Category placeholder – replace with verified product image,Estimated – verify with supplier,,,Nigeria/Imported,2026-08-10,"Stage catalogue item; verify exact pack, image and supplier price before live sale."
Eva Bottled Water 75cl - Bundle of 2,Eva,drinks,Bottled Water,BS-EVA-BOTTLED-WATE-75CL-0263-B2,false,,,,75cl x 2,item,400,0.18,450,0,5,assets/beverages.jpg,Eva Bottled Water 75cl Nigeria product pack bundle 2,Category placeholder – replace with verified product image,Estimated – verify with supplier,,,Nigeria/Imported,2026-08-10,"Stage catalogue item; verify exact pack, image and supplier price before live sale."
Eva Bottled Water 1.5L - Bundle of 2,Eva,drinks,Bottled Water,BS-EVA-BOTTLED-WATE-1-5L-0264-B2,false,,,,1.5L x 2,item,850,0.18,1000,0,5,assets/beverages.jpg,Eva Bottled Water 1.5L Nigeria product pack bundle 2,Category placeholder – replace with verified product image,Estimated – verify with supplier,,,Nigeria/Imported,2026-08-10,"Stage catalogue item; verify exact pack, image and supplier price before live sale."
Eva Bottled Water 75cl x 12 - Bundle of 2,Eva,drinks,Bottled Water,BS-EVA-BOTTLED-WATE-75CL-X-12-0265-B2,false,,,,75cl x 12 x 2,item,5650,0.18,6650,0,5,assets/beverages.jpg,Eva Bottled Water 75cl x 12 Nigeria product pack bundle 2,Category placeholder – replace with verified product image,Estimated – verify with supplier,,,Nigeria/Imported,2026-08-10,"Stage catalogue item; verify exact pack, image and supplier price before live sale."
Nestlé Pure Life Bottled Water 60cl - Bundle of 2,Nestlé Pure Life,drinks,Bottled Water,BS-NESTL-PU-BOTTLED-WATE-60CL-0266-B2,false,,,,60cl x 2,item,400,0.18,450,0,5,assets/beverages.jpg,Nestlé Pure Life Bottled Water 60cl Nigeria product pack bundle 2,Category placeholder – replace with verified product image,Estimated – verify with supplier,,,Nigeria/Imported,2026-08-10,"Stage catalogue item; verify exact pack, image and supplier price before live sale."
Nestlé Pure Life Bottled Water 1.5L - Bundle of 2,Nestlé Pure Life,drinks,Bottled Water,BS-NESTL-PU-BOTTLED-WATE-1-5L-0267-B2,false,,,,1.5L x 2,item,850,0.18,1000,0,5,assets/beverages.jpg,Nestlé Pure Life Bottled Water 1.5L Nigeria product pack bundle 2,Category placeholder – replace with verified product image,Estimated – verify with supplier,,,Nigeria/Imported,2026-08-10,"Stage catalogue item; verify exact pack, image and supplier price before live sale."
Nestlé Pure Life Bottled Water 60cl x 12 - Bundle of 2,Nestlé Pure Life,drinks,Bottled Water,BS-NESTL-PU-BOTTLED-WATE-60CL-X-12-0268-B2,false,,,,60cl x 12 x 2,item,4250,0.18,5000,0,5,assets/beverages.jpg,Nestlé Pure Life Bottled Water 60cl x 12 Nigeria product pack bundle 2,Category placeholder – replace with verified product image,Estimated – verify with supplier,,,Nigeria/Imported,2026-08-10,"Stage catalogue item; verify exact pack, image and supplier price before live sale."
Eggs 6 pcs - Bundle of 2,Farm Fresh,fresh,Eggs,BS-FARM-FRE-EGGS-6-PCS-0269-B2,false,,,,6 pcs x 2,item,2400,0.24,3000,0,5,assets/fresh-vegetables.jpg,Farm Fresh Eggs 6 pcs Nigeria product pack bundle 2,Category placeholder – replace with verified product image,Estimated – verify with supplier,,,Nigeria/Imported,2026-08-10,"Stage catalogue item; verify exact pack, image and supplier price before live sale."
Eggs 12 pcs - Bundle of 2,Farm Fresh,fresh,Eggs,BS-FARM-FRE-EGGS-12-PCS-0270-B2,false,,,,12 pcs x 2,item,4250,0.24,5250,0,5,assets/fresh-vegetables.jpg,Farm Fresh Eggs 12 pcs Nigeria product pack bundle 2,Category placeholder – replace with verified product image,Estimated – verify with supplier,,,Nigeria/Imported,2026-08-10,"Stage catalogue item; verify exact pack, image and supplier price before live sale."
Eggs 30 pcs - Bundle of 2,Farm Fresh,fresh,Eggs,BS-FARM-FRE-EGGS-30-PCS-0271-B2,false,,,,30 pcs x 2,item,12400,0.24,15400,0,5,assets/fresh-vegetables.jpg,Farm Fresh Eggs 30 pcs Nigeria product pack bundle 2,Category placeholder – replace with verified product image,Estimated – verify with supplier,,,Nigeria/Imported,2026-08-10,"Stage catalogue item; verify exact pack, image and supplier price before live sale."
Tomatoes 500g - Bundle of 2,Fresh,fresh,Tomatoes,BS-FRESH-TOMATOES-500G-0272-B2,false,,,,500g x 2,item,1150,0.24,1450,0,5,assets/fresh-vegetables.jpg,Fresh Tomatoes 500g Nigeria product pack bundle 2,Category placeholder – replace with verified product image,Estimated – verify with supplier,,,Nigeria/Imported,2026-08-10,"Stage catalogue item; verify exact pack, image and supplier price before live sale."
Tomatoes 1kg - Bundle of 2,Fresh,fresh,Tomatoes,BS-FRESH-TOMATOES-1KG-0273-B2,false,,,,1kg x 2,item,2400,0.24,3000,0,5,assets/fresh-vegetables.jpg,Fresh Tomatoes 1kg Nigeria product pack bundle 2,Category placeholder – replace with verified product image,Estimated – verify with supplier,,,Nigeria/Imported,2026-08-10,"Stage catalogue item; verify exact pack, image and supplier price before live sale."
Tomatoes 2kg - Bundle of 2,Fresh,fresh,Tomatoes,BS-FRESH-TOMATOES-2KG-0274-B2,false,,,,2kg x 2,item,5050,0.24,6250,0,5,assets/fresh-vegetables.jpg,Fresh Tomatoes 2kg Nigeria product pack bundle 2,Category placeholder – replace with verified product image,Estimated – verify with supplier,,,Nigeria/Imported,2026-08-10,"Stage catalogue item; verify exact pack, image and supplier price before live sale."
Tomatoes 5kg - Bundle of 2,Fresh,fresh,Tomatoes,BS-FRESH-TOMATOES-5KG-0275-B2,false,,,,5kg x 2,item,10950,0.24,13600,0,5,assets/fresh-vegetables.jpg,Fresh Tomatoes 5kg Nigeria product pack bundle 2,Category placeholder – replace with verified product image,Estimated – verify with supplier,,,Nigeria/Imported,2026-08-10,"Stage catalogue item; verify exact pack, image and supplier price before live sale."
Red Onion 500g - Bundle of 2,Fresh,fresh,Red Onion,BS-FRESH-RED-ONION-500G-0276-B2,false,,,,500g x 2,item,850,0.24,1050,0,5,assets/fresh-vegetables.jpg,Fresh Red Onion 500g Nigeria product pack bundle 2,Category placeholder – replace with verified product image,Estimated – verify with supplier,,,Nigeria/Imported,2026-08-10,"Stage catalogue item; verify exact pack, image and supplier price before live sale."
Red Onion 1kg - Bundle of 2,Fresh,fresh,Red Onion,BS-FRESH-RED-ONION-1KG-0277-B2,false,,,,1kg x 2,item,1850,0.24,2300,0,5,assets/fresh-vegetables.jpg,Fresh Red Onion 1kg Nigeria product pack bundle 2,Category placeholder – replace with verified product image,Estimated – verify with supplier,,,Nigeria/Imported,2026-08-10,"Stage catalogue item; verify exact pack, image and supplier price before live sale."
Red Onion 2kg - Bundle of 2,Fresh,fresh,Red Onion,BS-FRESH-RED-ONION-2KG-0278-B2,false,,,,2kg x 2,item,4000,0.24,4950,0,5,assets/fresh-vegetables.jpg,Fresh Red Onion 2kg Nigeria product pack bundle 2,Category placeholder – replace with verified product image,Estimated – verify with supplier,,,Nigeria/Imported,2026-08-10,"Stage catalogue item; verify exact pack, image and supplier price before live sale."
Red Onion 5kg - Bundle of 2,Fresh,fresh,Red Onion,BS-FRESH-RED-ONION-5KG-0279-B2,false,,,,5kg x 2,item,9400,0.24,11650,0,5,assets/fresh-vegetables.jpg,Fresh Red Onion 5kg Nigeria product pack bundle 2,Category placeholder – replace with verified product image,Estimated – verify with supplier,,,Nigeria/Imported,2026-08-10,"Stage catalogue item; verify exact pack, image and supplier price before live sale."
Pepper 250g - Bundle of 2,Fresh,fresh,Pepper,BS-FRESH-PEPPER-250G-0280-B2,false,,,,250g x 2,item,700,0.24,850,0,5,assets/fresh-vegetables.jpg,Fresh Pepper 250g Nigeria product pack bundle 2,Category placeholder – replace with verified product image,Estimated – verify with supplier,,,Nigeria/Imported,2026-08-10,"Stage catalogue item; verify exact pack, image and supplier price before live sale."
Pepper 500g - Bundle of 2,Fresh,fresh,Pepper,BS-FRESH-PEPPER-500G-0281-B2,false,,,,500g x 2,item,1450,0.24,1800,0,5,assets/fresh-vegetables.jpg,Fresh Pepper 500g Nigeria product pack bundle 2,Category placeholder – replace with verified product image,Estimated – verify with supplier,,,Nigeria/Imported,2026-08-10,"Stage catalogue item; verify exact pack, image and supplier price before live sale."
Pepper 1kg - Bundle of 2,Fresh,fresh,Pepper,BS-FRESH-PEPPER-1KG-0282-B2,false,,,,1kg x 2,item,2600,0.24,3200,0,5,assets/fresh-vegetables.jpg,Fresh Pepper 1kg Nigeria product pack bundle 2,Category placeholder – replace with verified product image,Estimated – verify with supplier,,,Nigeria/Imported,2026-08-10,"Stage catalogue item; verify exact pack, image and supplier price before live sale."
Pepper 2kg - Bundle of 2,Fresh,fresh,Pepper,BS-FRESH-PEPPER-2KG-0283-B2,false,,,,2kg x 2,item,5650,0.24,7000,0,5,assets/fresh-vegetables.jpg,Fresh Pepper 2kg Nigeria product pack bundle 2,Category placeholder – replace with verified product image,Estimated – verify with supplier,,,Nigeria/Imported,2026-08-10,"Stage catalogue item; verify exact pack, image and supplier price before live sale."
Plantain 1kg - Bundle of 2,Fresh,fresh,Plantain,BS-FRESH-PLANTAIN-1KG-0284-B2,false,,,,1kg x 2,item,2250,0.24,2800,0,5,assets/fresh-vegetables.jpg,Fresh Plantain 1kg Nigeria product pack bundle 2,Category placeholder – replace with verified product image,Estimated – verify with supplier,,,Nigeria/Imported,2026-08-10,"Stage catalogue item; verify exact pack, image and supplier price before live sale."
Plantain 2kg - Bundle of 2,Fresh,fresh,Plantain,BS-FRESH-PLANTAIN-2KG-0285-B2,false,,,,2kg x 2,item,4650,0.24,5750,0,5,assets/fresh-vegetables.jpg,Fresh Plantain 2kg Nigeria product pack bundle 2,Category placeholder – replace with verified product image,Estimated – verify with supplier,,,Nigeria/Imported,2026-08-10,"Stage catalogue item; verify exact pack, image and supplier price before live sale."
Plantain 5kg - Bundle of 2,Fresh,fresh,Plantain,BS-FRESH-PLANTAIN-5KG-0286-B2,false,,,,5kg x 2,item,12600,0.24,15600,0,5,assets/fresh-vegetables.jpg,Fresh Plantain 5kg Nigeria product pack bundle 2,Category placeholder – replace with verified product image,Estimated – verify with supplier,,,Nigeria/Imported,2026-08-10,"Stage catalogue item; verify exact pack, image and supplier price before live sale."
Yam Tuber 1 medium - Bundle of 2,Fresh,fresh,Yam Tuber,BS-FRESH-YAM-TUBER-1-MEDIUM-0287-B2,false,,,,1 medium x 2,item,5250,0.24,6500,0,5,assets/fresh-vegetables.jpg,Fresh Yam Tuber 1 medium Nigeria product pack bundle 2,Category placeholder – replace with verified product image,Estimated – verify with supplier,,,Nigeria/Imported,2026-08-10,"Stage catalogue item; verify exact pack, image and supplier price before live sale."
Yam Tuber 1 large - Bundle of 2,Fresh,fresh,Yam Tuber,BS-FRESH-YAM-TUBER-1-LARGE-0288-B2,false,,,,1 large x 2,item,4550,0.24,5650,0,5,assets/fresh-vegetables.jpg,Fresh Yam Tuber 1 large Nigeria product pack bundle 2,Category placeholder – replace with verified product image,Estimated – verify with supplier,,,Nigeria/Imported,2026-08-10,"Stage catalogue item; verify exact pack, image and supplier price before live sale."
Yam Tuber 5 tubers - Bundle of 2,Fresh,fresh,Yam Tuber,BS-FRESH-YAM-TUBER-5-TUBERS-0289-B2,false,,,,5 tubers x 2,item,4850,0.24,6000,0,5,assets/fresh-vegetables.jpg,Fresh Yam Tuber 5 tubers Nigeria product pack bundle 2,Category placeholder – replace with verified product image,Estimated – verify with supplier,,,Nigeria/Imported,2026-08-10,"Stage catalogue item; verify exact pack, image and supplier price before live sale."
Irish Potato 1kg - Bundle of 2,Fresh,fresh,Irish Potato,BS-FRESH-IRISH-POTATO-1KG-0290-B2,false,,,,1kg x 2,item,3000,0.24,3700,0,5,assets/fresh-vegetables.jpg,Fresh Irish Potato 1kg Nigeria product pack bundle 2,Category placeholder – replace with verified product image,Estimated – verify with supplier,,,Nigeria/Imported,2026-08-10,"Stage catalogue item; verify exact pack, image and supplier price before live sale."
Irish Potato 2kg - Bundle of 2,Fresh,fresh,Irish Potato,BS-FRESH-IRISH-POTATO-2KG-0291-B2,false,,,,2kg x 2,item,5700,0.24,7050,0,5,assets/fresh-vegetables.jpg,Fresh Irish Potato 2kg Nigeria product pack bundle 2,Category placeholder – replace with verified product image,Estimated – verify with supplier,,,Nigeria/Imported,2026-08-10,"Stage catalogue item; verify exact pack, image and supplier price before live sale."
Irish Potato 5kg - Bundle of 2,Fresh,fresh,Irish Potato,BS-FRESH-IRISH-POTATO-5KG-0292-B2,false,,,,5kg x 2,item,16400,0.24,20350,0,5,assets/fresh-vegetables.jpg,Fresh Irish Potato 5kg Nigeria product pack bundle 2,Category placeholder – replace with verified product image,Estimated – verify with supplier,,,Nigeria/Imported,2026-08-10,"Stage catalogue item; verify exact pack, image and supplier price before live sale."
Sweet Potato 1kg - Bundle of 2,Fresh,fresh,Sweet Potato,BS-FRESH-SWEET-POTATO-1KG-0293-B2,false,,,,1kg x 2,item,2600,0.24,3200,0,5,assets/fresh-vegetables.jpg,Fresh Sweet Potato 1kg Nigeria product pack bundle 2,Category placeholder – replace with verified product image,Estimated – verify with supplier,,,Nigeria/Imported,2026-08-10,"Stage catalogue item; verify exact pack, image and supplier price before live sale."
Sweet Potato 2kg - Bundle of 2,Fresh,fresh,Sweet Potato,BS-FRESH-SWEET-POTATO-2KG-0294-B2,false,,,,2kg x 2,item,4850,0.24,6000,0,5,assets/fresh-vegetables.jpg,Fresh Sweet Potato 2kg Nigeria product pack bundle 2,Category placeholder – replace with verified product image,Estimated – verify with supplier,,,Nigeria/Imported,2026-08-10,"Stage catalogue item; verify exact pack, image and supplier price before live sale."
Sweet Potato 5kg - Bundle of 2,Fresh,fresh,Sweet Potato,BS-FRESH-SWEET-POTATO-5KG-0295-B2,false,,,,5kg x 2,item,13300,0.24,16500,0,5,assets/fresh-vegetables.jpg,Fresh Sweet Potato 5kg Nigeria product pack bundle 2,Category placeholder – replace with verified product image,Estimated – verify with supplier,,,Nigeria/Imported,2026-08-10,"Stage catalogue item; verify exact pack, image and supplier price before live sale."
Banana 1kg - Bundle of 2,Fresh,fresh,Banana,BS-FRESH-BANANA-1KG-0296-B2,false,,,,1kg x 2,item,2800,0.24,3450,0,5,assets/fresh-vegetables.jpg,Fresh Banana 1kg Nigeria product pack bundle 2,Category placeholder – replace with verified product image,Estimated – verify with supplier,,,Nigeria/Imported,2026-08-10,"Stage catalogue item; verify exact pack, image and supplier price before live sale."
Banana 2kg - Bundle of 2,Fresh,fresh,Banana,BS-FRESH-BANANA-2KG-0297-B2,false,,,,2kg x 2,item,5450,0.24,6750,0,5,assets/fresh-vegetables.jpg,Fresh Banana 2kg Nigeria product pack bundle 2,Category placeholder – replace with verified product image,Estimated – verify with supplier,,,Nigeria/Imported,2026-08-10,"Stage catalogue item; verify exact pack, image and supplier price before live sale."
Orange 1kg - Bundle of 2,Fresh,fresh,Orange,BS-FRESH-ORANGE-1KG-0298-B2,false,,,,1kg x 2,item,2150,0.24,2650,0,5,assets/fresh-vegetables.jpg,Fresh Orange 1kg Nigeria product pack bundle 2,Category placeholder – replace with verified product image,Estimated – verify with supplier,,,Nigeria/Imported,2026-08-10,"Stage catalogue item; verify exact pack, image and supplier price before live sale."
Orange 2kg - Bundle of 2,Fresh,fresh,Orange,BS-FRESH-ORANGE-2KG-0299-B2,false,,,,2kg x 2,item,4350,0.24,5400,0,5,assets/fresh-vegetables.jpg,Fresh Orange 2kg Nigeria product pack bundle 2,Category placeholder – replace with verified product image,Estimated – verify with supplier,,,Nigeria/Imported,2026-08-10,"Stage catalogue item; verify exact pack, image and supplier price before live sale."
Orange 5kg - Bundle of 2,Fresh,fresh,Orange,BS-FRESH-ORANGE-5KG-0300-B2,false,,,,5kg x 2,item,12500,0.24,15500,0,5,assets/fresh-vegetables.jpg,Fresh Orange 5kg Nigeria product pack bundle 2,Category placeholder – replace with verified product image,Estimated – verify with supplier,,,Nigeria/Imported,2026-08-10,"Stage catalogue item; verify exact pack, image and supplier price before live sale."
Pineapple 1 piece - Bundle of 2,Fresh,fresh,Pineapple,BS-FRESH-PINEAPPLE-1-PIECE-0301-B2,false,,,,1 piece x 2,item,3800,0.24,4700,0,5,assets/fresh-vegetables.jpg,Fresh Pineapple 1 piece Nigeria product pack bundle 2,Category placeholder – replace with verified product image,Estimated – verify with supplier,,,Nigeria/Imported,2026-08-10,"Stage catalogue item; verify exact pack, image and supplier price before live sale."
Pineapple 3 pieces - Bundle of 2,Fresh,fresh,Pineapple,BS-FRESH-PINEAPPLE-3-PIECES-0302-B2,false,,,,3 pieces x 2,item,3600,0.24,4450,0,5,assets/fresh-vegetables.jpg,Fresh Pineapple 3 pieces Nigeria product pack bundle 2,Category placeholder – replace with verified product image,Estimated – verify with supplier,,,Nigeria/Imported,2026-08-10,"Stage catalogue item; verify exact pack, image and supplier price before live sale."
Chicken Whole 1kg - Bundle of 2,Frozen,fresh,Chicken Whole,BS-FROZEN-CHICKEN-WHOL-1KG-0303-B2,false,,,,1kg x 2,item,7300,0.24,9050,0,5,assets/fresh-vegetables.jpg,Frozen Chicken Whole 1kg Nigeria product pack bundle 2,Category placeholder – replace with verified product image,Estimated – verify with supplier,,,Nigeria/Imported,2026-08-10,"Stage catalogue item; verify exact pack, image and supplier price before live sale."
Chicken Whole 2kg - Bundle of 2,Frozen,fresh,Chicken Whole,BS-FROZEN-CHICKEN-WHOL-2KG-0304-B2,false,,,,2kg x 2,item,13850,0.24,17150,0,5,assets/fresh-vegetables.jpg,Frozen Chicken Whole 2kg Nigeria product pack bundle 2,Category placeholder – replace with verified product image,Estimated – verify with supplier,,,Nigeria/Imported,2026-08-10,"Stage catalogue item; verify exact pack, image and supplier price before live sale."
Chicken Whole 5kg - Bundle of 2,Frozen,fresh,Chicken Whole,BS-FROZEN-CHICKEN-WHOL-5KG-0305-B2,false,,,,5kg x 2,item,32100,0.24,39800,0,5,assets/fresh-vegetables.jpg,Frozen Chicken Whole 5kg Nigeria product pack bundle 2,Category placeholder – replace with verified product image,Estimated – verify with supplier,,,Nigeria/Imported,2026-08-10,"Stage catalogue item; verify exact pack, image and supplier price before live sale."
Chicken Whole 10kg - Bundle of 2,Frozen,fresh,Chicken Whole,BS-FROZEN-CHICKEN-WHOL-10KG-0306-B2,false,,,,10kg x 2,item,64000,0.24,79350,0,5,assets/fresh-vegetables.jpg,Frozen Chicken Whole 10kg Nigeria product pack bundle 2,Category placeholder – replace with verified product image,Estimated – verify with supplier,,,Nigeria/Imported,2026-08-10,"Stage catalogue item; verify exact pack, image and supplier price before live sale."
Turkey 1kg - Bundle of 2,Frozen,fresh,Turkey,BS-FROZEN-TURKEY-1KG-0307-B2,false,,,,1kg x 2,item,9500,0.24,11800,0,5,assets/fresh-vegetables.jpg,Frozen Turkey 1kg Nigeria product pack bundle 2,Category placeholder – replace with verified product image,Estimated – verify with supplier,,,Nigeria/Imported,2026-08-10,"Stage catalogue item; verify exact pack, image and supplier price before live sale."
Turkey 2kg - Bundle of 2,Frozen,fresh,Turkey,BS-FROZEN-TURKEY-2KG-0308-B2,false,,,,2kg x 2,item,20950,0.24,26000,0,5,assets/fresh-vegetables.jpg,Frozen Turkey 2kg Nigeria product pack bundle 2,Category placeholder – replace with verified product image,Estimated – verify with supplier,,,Nigeria/Imported,2026-08-10,"Stage catalogue item; verify exact pack, image and supplier price before live sale."
Turkey 5kg - Bundle of 2,Frozen,fresh,Turkey,BS-FROZEN-TURKEY-5KG-0309-B2,false,,,,5kg x 2,item,51600,0.24,64000,0,5,assets/fresh-vegetables.jpg,Frozen Turkey 5kg Nigeria product pack bundle 2,Category placeholder – replace with verified product image,Estimated – verify with supplier,,,Nigeria/Imported,2026-08-10,"Stage catalogue item; verify exact pack, image and supplier price before live sale."
Turkey 10kg - Bundle of 2,Frozen,fresh,Turkey,BS-FROZEN-TURKEY-10KG-0310-B2,false,,,,10kg x 2,item,104300,0.24,129350,0,5,assets/fresh-vegetables.jpg,Frozen Turkey 10kg Nigeria product pack bundle 2,Category placeholder – replace with verified product image,Estimated – verify with supplier,,,Nigeria/Imported,2026-08-10,"Stage catalogue item; verify exact pack, image and supplier price before live sale."
Beef 500g - Bundle of 2,Fresh,fresh,Beef,BS-FRESH-BEEF-500G-0311-B2,false,,,,500g x 2,item,4350,0.24,5400,0,5,assets/fresh-vegetables.jpg,Fresh Beef 500g Nigeria product pack bundle 2,Category placeholder – replace with verified product image,Estimated – verify with supplier,,,Nigeria/Imported,2026-08-10,"Stage catalogue item; verify exact pack, image and supplier price before live sale."
Beef 1kg - Bundle of 2,Fresh,fresh,Beef,BS-FRESH-BEEF-1KG-0312-B2,false,,,,1kg x 2,item,7750,0.24,9600,0,5,assets/fresh-vegetables.jpg,Fresh Beef 1kg Nigeria product pack bundle 2,Category placeholder – replace with verified product image,Estimated – verify with supplier,,,Nigeria/Imported,2026-08-10,"Stage catalogue item; verify exact pack, image and supplier price before live sale."
Beef 2kg - Bundle of 2,Fresh,fresh,Beef,BS-FRESH-BEEF-2KG-0313-B2,false,,,,2kg x 2,item,15700,0.24,19450,0,5,assets/fresh-vegetables.jpg,Fresh Beef 2kg Nigeria product pack bundle 2,Category placeholder – replace with verified product image,Estimated – verify with supplier,,,Nigeria/Imported,2026-08-10,"Stage catalogue item; verify exact pack, image and supplier price before live sale."
Beef 5kg - Bundle of 2,Fresh,fresh,Beef,BS-FRESH-BEEF-5KG-0314-B2,false,,,,5kg x 2,item,38200,0.24,47350,0,5,assets/fresh-vegetables.jpg,Fresh Beef 5kg Nigeria product pack bundle 2,Category placeholder – replace with verified product image,Estimated – verify with supplier,,,Nigeria/Imported,2026-08-10,"Stage catalogue item; verify exact pack, image and supplier price before live sale."
Mackerel Fish 1kg - Bundle of 2,Frozen,fresh,Mackerel Fish,BS-FROZEN-MACKEREL-FIS-1KG-0315-B2,false,,,,1kg x 2,item,8250,0.24,10250,0,5,assets/fresh-vegetables.jpg,Frozen Mackerel Fish 1kg Nigeria product pack bundle 2,Category placeholder – replace with verified product image,Estimated – verify with supplier,,,Nigeria/Imported,2026-08-10,"Stage catalogue item; verify exact pack, image and supplier price before live sale."
Mackerel Fish 2kg - Bundle of 2,Frozen,fresh,Mackerel Fish,BS-FROZEN-MACKEREL-FIS-2KG-0316-B2,false,,,,2kg x 2,item,16800,0.24,20850,0,5,assets/fresh-vegetables.jpg,Frozen Mackerel Fish 2kg Nigeria product pack bundle 2,Category placeholder – replace with verified product image,Estimated – verify with supplier,,,Nigeria/Imported,2026-08-10,"Stage catalogue item; verify exact pack, image and supplier price before live sale."
Mackerel Fish 5kg - Bundle of 2,Frozen,fresh,Mackerel Fish,BS-FROZEN-MACKEREL-FIS-5KG-0317-B2,false,,,,5kg x 2,item,38500,0.24,47750,0,5,assets/fresh-vegetables.jpg,Frozen Mackerel Fish 5kg Nigeria product pack bundle 2,Category placeholder – replace with verified product image,Estimated – verify with supplier,,,Nigeria/Imported,2026-08-10,"Stage catalogue item; verify exact pack, image and supplier price before live sale."
Ariel Laundry Detergent 200g - Bundle of 2,Ariel,household,Laundry Detergent,BS-ARIEL-LAUNDRY-DETE-200G-0318-B2,false,,,,200g x 2,item,700,0.22,850,0,5,assets/household.jpg,Ariel Laundry Detergent 200g Nigeria product pack bundle 2,Category placeholder – replace with verified product image,Estimated – verify with supplier,,,Nigeria/Imported,2026-08-10,"Stage catalogue item; verify exact pack, image and supplier price before live sale."
Ariel Laundry Detergent 500g - Bundle of 2,Ariel,household,Laundry Detergent,BS-ARIEL-LAUNDRY-DETE-500G-0319-B2,false,,,,500g x 2,item,1550,0.22,1900,0,5,assets/household.jpg,Ariel Laundry Detergent 500g Nigeria product pack bundle 2,Category placeholder – replace with verified product image,Estimated – verify with supplier,,,Nigeria/Imported,2026-08-10,"Stage catalogue item; verify exact pack, image and supplier price before live sale."
Ariel Laundry Detergent 1kg - Bundle of 2,Ariel,household,Laundry Detergent,BS-ARIEL-LAUNDRY-DETE-1KG-0320-B2,false,,,,1kg x 2,item,3600,0.22,4400,0,5,assets/household.jpg,Ariel Laundry Detergent 1kg Nigeria product pack bundle 2,Category placeholder – replace with verified product image,Estimated – verify with supplier,,,Nigeria/Imported,2026-08-10,"Stage catalogue item; verify exact pack, image and supplier price before live sale."
Ariel Laundry Detergent 2kg - Bundle of 2,Ariel,household,Laundry Detergent,BS-ARIEL-LAUNDRY-DETE-2KG-0321-B2,false,,,,2kg x 2,item,7100,0.22,8650,0,5,assets/household.jpg,Ariel Laundry Detergent 2kg Nigeria product pack bundle 2,Category placeholder – replace with verified product image,Estimated – verify with supplier,,,Nigeria/Imported,2026-08-10,"Stage catalogue item; verify exact pack, image and supplier price before live sale."
Omo Laundry Detergent 200g - Bundle of 2,Omo,household,Laundry Detergent,BS-OMO-LAUNDRY-DETE-200G-0322-B2,false,,,,200g x 2,item,700,0.22,850,0,5,assets/household.jpg,Omo Laundry Detergent 200g Nigeria product pack bundle 2,Category placeholder – replace with verified product image,Estimated – verify with supplier,,,Nigeria/Imported,2026-08-10,"Stage catalogue item; verify exact pack, image and supplier price before live sale."
Omo Laundry Detergent 500g - Bundle of 2,Omo,household,Laundry Detergent,BS-OMO-LAUNDRY-DETE-500G-0323-B2,false,,,,500g x 2,item,1750,0.22,2150,0,5,assets/household.jpg,Omo Laundry Detergent 500g Nigeria product pack bundle 2,Category placeholder – replace with verified product image,Estimated – verify with supplier,,,Nigeria/Imported,2026-08-10,"Stage catalogue item; verify exact pack, image and supplier price before live sale."
Omo Laundry Detergent 1kg - Bundle of 2,Omo,household,Laundry Detergent,BS-OMO-LAUNDRY-DETE-1KG-0324-B2,false,,,,1kg x 2,item,3500,0.22,4250,0,5,assets/household.jpg,Omo Laundry Detergent 1kg Nigeria product pack bundle 2,Category placeholder – replace with verified product image,Estimated – verify with supplier,,,Nigeria/Imported,2026-08-10,"Stage catalogue item; verify exact pack, image and supplier price before live sale."
Omo Laundry Detergent 2kg - Bundle of 2,Omo,household,Laundry Detergent,BS-OMO-LAUNDRY-DETE-2KG-0325-B2,false,,,,2kg x 2,item,5900,0.22,7200,0,5,assets/household.jpg,Omo Laundry Detergent 2kg Nigeria product pack bundle 2,Category placeholder – replace with verified product image,Estimated – verify with supplier,,,Nigeria/Imported,2026-08-10,"Stage catalogue item; verify exact pack, image and supplier price before live sale."
Sunlight Laundry Detergent 200g - Bundle of 2,Sunlight,household,Laundry Detergent,BS-SUNLIGHT-LAUNDRY-DETE-200G-0326-B2,false,,,,200g x 2,item,600,0.22,750,0,5,assets/household.jpg,Sunlight Laundry Detergent 200g Nigeria product pack bundle 2,Category placeholder – replace with verified product image,Estimated – verify with supplier,,,Nigeria/Imported,2026-08-10,"Stage catalogue item; verify exact pack, image and supplier price before live sale."
Sunlight Laundry Detergent 500g - Bundle of 2,Sunlight,household,Laundry Detergent,BS-SUNLIGHT-LAUNDRY-DETE-500G-0327-B2,false,,,,500g x 2,item,1450,0.22,1750,0,5,assets/household.jpg,Sunlight Laundry Detergent 500g Nigeria product pack bundle 2,Category placeholder – replace with verified product image,Estimated – verify with supplier,,,Nigeria/Imported,2026-08-10,"Stage catalogue item; verify exact pack, image and supplier price before live sale."
Sunlight Laundry Detergent 1kg - Bundle of 2,Sunlight,household,Laundry Detergent,BS-SUNLIGHT-LAUNDRY-DETE-1KG-0328-B2,false,,,,1kg x 2,item,3200,0.22,3900,0,5,assets/household.jpg,Sunlight Laundry Detergent 1kg Nigeria product pack bundle 2,Category placeholder – replace with verified product image,Estimated – verify with supplier,,,Nigeria/Imported,2026-08-10,"Stage catalogue item; verify exact pack, image and supplier price before live sale."
Sunlight Laundry Detergent 2kg - Bundle of 2,Sunlight,household,Laundry Detergent,BS-SUNLIGHT-LAUNDRY-DETE-2KG-0329-B2,false,,,,2kg x 2,item,6200,0.22,7550,0,5,assets/household.jpg,Sunlight Laundry Detergent 2kg Nigeria product pack bundle 2,Category placeholder – replace with verified product image,Estimated – verify with supplier,,,Nigeria/Imported,2026-08-10,"Stage catalogue item; verify exact pack, image and supplier price before live sale."
Morning Fresh Dishwashing Liquid 250ml - Bundle of 2,Morning Fresh,household,Dishwashing Liquid,BS-MORNING--DISHWASHING--250ML-0330-B2,false,,,,250ml x 2,item,600,0.22,750,0,5,assets/household.jpg,Morning Fresh Dishwashing Liquid 250ml Nigeria product pack bundle 2,Category placeholder – replace with verified product image,Estimated – verify with supplier,,,Nigeria/Imported,2026-08-10,"Stage catalogue item; verify exact pack, image and supplier price before live sale."
Morning Fresh Dishwashing Liquid 500ml - Bundle of 2,Morning Fresh,household,Dishwashing Liquid,BS-MORNING--DISHWASHING--500ML-0331-B2,false,,,,500ml x 2,item,1250,0.22,1500,0,5,assets/household.jpg,Morning Fresh Dishwashing Liquid 500ml Nigeria product pack bundle 2,Category placeholder – replace with verified product image,Estimated – verify with supplier,,,Nigeria/Imported,2026-08-10,"Stage catalogue item; verify exact pack, image and supplier price before live sale."
Morning Fresh Dishwashing Liquid 1L - Bundle of 2,Morning Fresh,household,Dishwashing Liquid,BS-MORNING--DISHWASHING--1L-0332-B2,false,,,,1L x 2,item,2250,0.22,2750,0,5,assets/household.jpg,Morning Fresh Dishwashing Liquid 1L Nigeria product pack bundle 2,Category placeholder – replace with verified product image,Estimated – verify with supplier,,,Nigeria/Imported,2026-08-10,"Stage catalogue item; verify exact pack, image and supplier price before live sale."
Hypo Bleach 250ml - Bundle of 2,Hypo,household,Bleach,BS-HYPO-BLEACH-250ML-0333-B2,false,,,,250ml x 2,item,400,0.22,500,0,5,assets/household.jpg,Hypo Bleach 250ml Nigeria product pack bundle 2,Category placeholder – replace with verified product image,Estimated – verify with supplier,,,Nigeria/Imported,2026-08-10,"Stage catalogue item; verify exact pack, image and supplier price before live sale."
Hypo Bleach 500ml - Bundle of 2,Hypo,household,Bleach,BS-HYPO-BLEACH-500ML-0334-B2,false,,,,500ml x 2,item,800,0.22,1000,0,5,assets/household.jpg,Hypo Bleach 500ml Nigeria product pack bundle 2,Category placeholder – replace with verified product image,Estimated – verify with supplier,,,Nigeria/Imported,2026-08-10,"Stage catalogue item; verify exact pack, image and supplier price before live sale."
Hypo Bleach 1L - Bundle of 2,Hypo,household,Bleach,BS-HYPO-BLEACH-1L-0335-B2,false,,,,1L x 2,item,1650,0.22,2000,0,5,assets/household.jpg,Hypo Bleach 1L Nigeria product pack bundle 2,Category placeholder – replace with verified product image,Estimated – verify with supplier,,,Nigeria/Imported,2026-08-10,"Stage catalogue item; verify exact pack, image and supplier price before live sale."
Dettol Toilet Soap 70g - Bundle of 2,Dettol,household,Toilet Soap,BS-DETTOL-TOILET-SOAP-70G-0336-B2,false,,,,70g x 2,item,300,0.22,350,0,5,assets/household.jpg,Dettol Toilet Soap 70g Nigeria product pack bundle 2,Category placeholder – replace with verified product image,Estimated – verify with supplier,,,Nigeria/Imported,2026-08-10,"Stage catalogue item; verify exact pack, image and supplier price before live sale."
Dettol Toilet Soap 110g - Bundle of 2,Dettol,household,Toilet Soap,BS-DETTOL-TOILET-SOAP-110G-0337-B2,false,,,,110g x 2,item,300,0.22,350,0,5,assets/household.jpg,Dettol Toilet Soap 110g Nigeria product pack bundle 2,Category placeholder – replace with verified product image,Estimated – verify with supplier,,,Nigeria/Imported,2026-08-10,"Stage catalogue item; verify exact pack, image and supplier price before live sale."
Dettol Toilet Soap 110g x 6 - Bundle of 2,Dettol,household,Toilet Soap,BS-DETTOL-TOILET-SOAP-110G-X-6-0338-B2,false,,,,110g x 6 x 2,item,1350,0.22,1650,0,5,assets/household.jpg,Dettol Toilet Soap 110g x 6 Nigeria product pack bundle 2,Category placeholder – replace with verified product image,Estimated – verify with supplier,,,Nigeria/Imported,2026-08-10,"Stage catalogue item; verify exact pack, image and supplier price before live sale."
Premier Cool Toilet Soap 70g - Bundle of 2,Premier Cool,household,Toilet Soap,BS-PREMIER--TOILET-SOAP-70G-0339-B2,false,,,,70g x 2,item,300,0.22,350,0,5,assets/household.jpg,Premier Cool Toilet Soap 70g Nigeria product pack bundle 2,Category placeholder – replace with verified product image,Estimated – verify with supplier,,,Nigeria/Imported,2026-08-10,"Stage catalogue item; verify exact pack, image and supplier price before live sale."
Premier Cool Toilet Soap 110g - Bundle of 2,Premier Cool,household,Toilet Soap,BS-PREMIER--TOILET-SOAP-110G-0340-B2,false,,,,110g x 2,item,300,0.22,350,0,5,assets/household.jpg,Premier Cool Toilet Soap 110g Nigeria product pack bundle 2,Category placeholder – replace with verified product image,Estimated – verify with supplier,,,Nigeria/Imported,2026-08-10,"Stage catalogue item; verify exact pack, image and supplier price before live sale."
Premier Cool Toilet Soap 110g x 6 - Bundle of 2,Premier Cool,household,Toilet Soap,BS-PREMIER--TOILET-SOAP-110G-X-6-0341-B2,false,,,,110g x 6 x 2,item,1050,0.22,1300,0,5,assets/household.jpg,Premier Cool Toilet Soap 110g x 6 Nigeria product pack bundle 2,Category placeholder – replace with verified product image,Estimated – verify with supplier,,,Nigeria/Imported,2026-08-10,"Stage catalogue item; verify exact pack, image and supplier price before live sale."
Lux Bath Soap 80g - Bundle of 2,Lux,household,Bath Soap,BS-LUX-BATH-SOAP-80G-0342-B2,false,,,,80g x 2,item,300,0.22,350,0,5,assets/household.jpg,Lux Bath Soap 80g Nigeria product pack bundle 2,Category placeholder – replace with verified product image,Estimated – verify with supplier,,,Nigeria/Imported,2026-08-10,"Stage catalogue item; verify exact pack, image and supplier price before live sale."
Lux Bath Soap 120g - Bundle of 2,Lux,household,Bath Soap,BS-LUX-BATH-SOAP-120G-0343-B2,false,,,,120g x 2,item,300,0.22,350,0,5,assets/household.jpg,Lux Bath Soap 120g Nigeria product pack bundle 2,Category placeholder – replace with verified product image,Estimated – verify with supplier,,,Nigeria/Imported,2026-08-10,"Stage catalogue item; verify exact pack, image and supplier price before live sale."
Lux Bath Soap 120g x 6 - Bundle of 2,Lux,household,Bath Soap,BS-LUX-BATH-SOAP-120G-X-6-0344-B2,false,,,,120g x 6 x 2,item,1150,0.22,1400,0,5,assets/household.jpg,Lux Bath Soap 120g x 6 Nigeria product pack bundle 2,Category placeholder – replace with verified product image,Estimated – verify with supplier,,,Nigeria/Imported,2026-08-10,"Stage catalogue item; verify exact pack, image and supplier price before live sale."
Closeup Toothpaste 100ml - Bundle of 2,Closeup,household,Toothpaste,BS-CLOSEUP-TOOTHPASTE-100ML-0345-B2,false,,,,100ml x 2,item,300,0.22,350,0,5,assets/household.jpg,Closeup Toothpaste 100ml Nigeria product pack bundle 2,Category placeholder – replace with verified product image,Estimated – verify with supplier,,,Nigeria/Imported,2026-08-10,"Stage catalogue item; verify exact pack, image and supplier price before live sale."
Closeup Toothpaste 140ml - Bundle of 2,Closeup,household,Toothpaste,BS-CLOSEUP-TOOTHPASTE-140ML-0346-B2,false,,,,140ml x 2,item,500,0.22,600,0,5,assets/household.jpg,Closeup Toothpaste 140ml Nigeria product pack bundle 2,Category placeholder – replace with verified product image,Estimated – verify with supplier,,,Nigeria/Imported,2026-08-10,"Stage catalogue item; verify exact pack, image and supplier price before live sale."
Closeup Toothpaste 200ml - Bundle of 2,Closeup,household,Toothpaste,BS-CLOSEUP-TOOTHPASTE-200ML-0347-B2,false,,,,200ml x 2,item,700,0.22,850,0,5,assets/household.jpg,Closeup Toothpaste 200ml Nigeria product pack bundle 2,Category placeholder – replace with verified product image,Estimated – verify with supplier,,,Nigeria/Imported,2026-08-10,"Stage catalogue item; verify exact pack, image and supplier price before live sale."
Pepsodent Toothpaste 100ml - Bundle of 2,Pepsodent,household,Toothpaste,BS-PEPSODEN-TOOTHPASTE-100ML-0348-B2,false,,,,100ml x 2,item,300,0.22,350,0,5,assets/household.jpg,Pepsodent Toothpaste 100ml Nigeria product pack bundle 2,Category placeholder – replace with verified product image,Estimated – verify with supplier,,,Nigeria/Imported,2026-08-10,"Stage catalogue item; verify exact pack, image and supplier price before live sale."
Pepsodent Toothpaste 140ml - Bundle of 2,Pepsodent,household,Toothpaste,BS-PEPSODEN-TOOTHPASTE-140ML-0349-B2,false,,,,140ml x 2,item,400,0.22,500,0,5,assets/household.jpg,Pepsodent Toothpaste 140ml Nigeria product pack bundle 2,Category placeholder – replace with verified product image,Estimated – verify with supplier,,,Nigeria/Imported,2026-08-10,"Stage catalogue item; verify exact pack, image and supplier price before live sale."
Pepsodent Toothpaste 200ml - Bundle of 2,Pepsodent,household,Toothpaste,BS-PEPSODEN-TOOTHPASTE-200ML-0350-B2,false,,,,200ml x 2,item,600,0.22,750,0,5,assets/household.jpg,Pepsodent Toothpaste 200ml Nigeria product pack bundle 2,Category placeholder – replace with verified product image,Estimated – verify with supplier,,,Nigeria/Imported,2026-08-10,"Stage catalogue item; verify exact pack, image and supplier price before live sale."
Rose Carla Tissue Paper 4 rolls - Bundle of 2,Rose Carla,household,Tissue Paper,BS-ROSE-CAR-TISSUE-PAPER-4-ROLLS-0351-B2,false,,,,4 rolls x 2,item,3200,0.22,3900,0,5,assets/household.jpg,Rose Carla Tissue Paper 4 rolls Nigeria product pack bundle 2,Category placeholder – replace with verified product image,Estimated – verify with supplier,,,Nigeria/Imported,2026-08-10,"Stage catalogue item; verify exact pack, image and supplier price before live sale."
Rose Carla Tissue Paper 10 rolls - Bundle of 2,Rose Carla,household,Tissue Paper,BS-ROSE-CAR-TISSUE-PAPER-10-ROLLS-0352-B2,false,,,,10 rolls x 2,item,4950,0.22,6050,0,5,assets/household.jpg,Rose Carla Tissue Paper 10 rolls Nigeria product pack bundle 2,Category placeholder – replace with verified product image,Estimated – verify with supplier,,,Nigeria/Imported,2026-08-10,"Stage catalogue item; verify exact pack, image and supplier price before live sale."
Rose Carla Tissue Paper 24 rolls - Bundle of 2,Rose Carla,household,Tissue Paper,BS-ROSE-CAR-TISSUE-PAPER-24-ROLLS-0353-B2,false,,,,24 rolls x 2,item,12700,0.22,15500,0,5,assets/household.jpg,Rose Carla Tissue Paper 24 rolls Nigeria product pack bundle 2,Category placeholder – replace with verified product image,Estimated – verify with supplier,,,Nigeria/Imported,2026-08-10,"Stage catalogue item; verify exact pack, image and supplier price before live sale."
Familia Tissue Paper 4 rolls - Bundle of 2,Familia,household,Tissue Paper,BS-FAMILIA-TISSUE-PAPER-4-ROLLS-0354-B2,false,,,,4 rolls x 2,item,3100,0.22,3800,0,5,assets/household.jpg,Familia Tissue Paper 4 rolls Nigeria product pack bundle 2,Category placeholder – replace with verified product image,Estimated – verify with supplier,,,Nigeria/Imported,2026-08-10,"Stage catalogue item; verify exact pack, image and supplier price before live sale."
Familia Tissue Paper 10 rolls - Bundle of 2,Familia,household,Tissue Paper,BS-FAMILIA-TISSUE-PAPER-10-ROLLS-0355-B2,false,,,,10 rolls x 2,item,6000,0.22,7300,0,5,assets/household.jpg,Familia Tissue Paper 10 rolls Nigeria product pack bundle 2,Category placeholder – replace with verified product image,Estimated – verify with supplier,,,Nigeria/Imported,2026-08-10,"Stage catalogue item; verify exact pack, image and supplier price before live sale."
Familia Tissue Paper 24 rolls - Bundle of 2,Familia,household,Tissue Paper,BS-FAMILIA-TISSUE-PAPER-24-ROLLS-0356-B2,false,,,,24 rolls x 2,item,12500,0.22,15250,0,5,assets/household.jpg,Familia Tissue Paper 24 rolls Nigeria product pack bundle 2,Category placeholder – replace with verified product image,Estimated – verify with supplier,,,Nigeria/Imported,2026-08-10,"Stage catalogue item; verify exact pack, image and supplier price before live sale."
Raid Insecticide 300ml - Bundle of 2,Raid,household,Insecticide,BS-RAID-INSECTICIDE-300ML-0357-B2,false,,,,300ml x 2,item,1550,0.22,1900,0,5,assets/household.jpg,Raid Insecticide 300ml Nigeria product pack bundle 2,Category placeholder – replace with verified product image,Estimated – verify with supplier,,,Nigeria/Imported,2026-08-10,"Stage catalogue item; verify exact pack, image and supplier price before live sale."
Raid Insecticide 500ml - Bundle of 2,Raid,household,Insecticide,BS-RAID-INSECTICIDE-500ML-0358-B2,false,,,,500ml x 2,item,2350,0.22,2850,0,5,assets/household.jpg,Raid Insecticide 500ml Nigeria product pack bundle 2,Category placeholder – replace with verified product image,Estimated – verify with supplier,,,Nigeria/Imported,2026-08-10,"Stage catalogue item; verify exact pack, image and supplier price before live sale."
Mortein Insecticide 300ml - Bundle of 2,Mortein,household,Insecticide,BS-MORTEIN-INSECTICIDE-300ML-0359-B2,false,,,,300ml x 2,item,1350,0.22,1650,0,5,assets/household.jpg,Mortein Insecticide 300ml Nigeria product pack bundle 2,Category placeholder – replace with verified product image,Estimated – verify with supplier,,,Nigeria/Imported,2026-08-10,"Stage catalogue item; verify exact pack, image and supplier price before live sale."
Mortein Insecticide 500ml - Bundle of 2,Mortein,household,Insecticide,BS-MORTEIN-INSECTICIDE-500ML-0360-B2,false,,,,500ml x 2,item,2400,0.22,2950,0,5,assets/household.jpg,Mortein Insecticide 500ml Nigeria product pack bundle 2,Category placeholder – replace with verified product image,Estimated – verify with supplier,,,Nigeria/Imported,2026-08-10,"Stage catalogue item; verify exact pack, image and supplier price before live sale."
Air Wick Air Freshener 250ml - Bundle of 2,Air Wick,household,Air Freshener,BS-AIR-WICK-AIR-FRESHENE-250ML-0361-B2,false,,,,250ml x 2,item,1750,0.22,2150,0,5,assets/household.jpg,Air Wick Air Freshener 250ml Nigeria product pack bundle 2,Category placeholder – replace with verified product image,Estimated – verify with supplier,,,Nigeria/Imported,2026-08-10,"Stage catalogue item; verify exact pack, image and supplier price before live sale."
Air Wick Air Freshener 300ml - Bundle of 2,Air Wick,household,Air Freshener,BS-AIR-WICK-AIR-FRESHENE-300ML-0362-B2,false,,,,300ml x 2,item,2050,0.22,2500,0,5,assets/household.jpg,Air Wick Air Freshener 300ml Nigeria product pack bundle 2,Category placeholder – replace with verified product image,Estimated – verify with supplier,,,Nigeria/Imported,2026-08-10,"Stage catalogue item; verify exact pack, image and supplier price before live sale."
Always Sanitary Pads 8 pads - Bundle of 2,Always,household,Sanitary Pads,BS-ALWAYS-SANITARY-PAD-8-PADS-0363-B2,false,,,,8 pads x 2,item,4750,0.22,5800,0,5,assets/household.jpg,Always Sanitary Pads 8 pads Nigeria product pack bundle 2,Category placeholder – replace with verified product image,Estimated – verify with supplier,,,Nigeria/Imported,2026-08-10,"Stage catalogue item; verify exact pack, image and supplier price before live sale."
Always Sanitary Pads 16 pads - Bundle of 2,Always,household,Sanitary Pads,BS-ALWAYS-SANITARY-PAD-16-PADS-0364-B2,false,,,,16 pads x 2,item,9400,0.22,11450,0,5,assets/household.jpg,Always Sanitary Pads 16 pads Nigeria product pack bundle 2,Category placeholder – replace with verified product image,Estimated – verify with supplier,,,Nigeria/Imported,2026-08-10,"Stage catalogue item; verify exact pack, image and supplier price before live sale."
Always Sanitary Pads 32 pads - Bundle of 2,Always,household,Sanitary Pads,BS-ALWAYS-SANITARY-PAD-32-PADS-0365-B2,false,,,,32 pads x 2,item,18450,0.22,22500,0,5,assets/household.jpg,Always Sanitary Pads 32 pads Nigeria product pack bundle 2,Category placeholder – replace with verified product image,Estimated – verify with supplier,,,Nigeria/Imported,2026-08-10,"Stage catalogue item; verify exact pack, image and supplier price before live sale."
Pampers Baby Diapers Small 20 - Bundle of 2,Pampers,household,Baby Diapers,BS-PAMPERS-BABY-DIAPERS-SMALL-20-0366-B2,false,,,,Small 20 x 2,item,8900,0.22,10850,0,5,assets/household.jpg,Pampers Baby Diapers Small 20 Nigeria product pack bundle 2,Category placeholder – replace with verified product image,Estimated – verify with supplier,,,Nigeria/Imported,2026-08-10,"Stage catalogue item; verify exact pack, image and supplier price before live sale."
Pampers Baby Diapers Medium 20 - Bundle of 2,Pampers,household,Baby Diapers,BS-PAMPERS-BABY-DIAPERS-MEDIUM-20-0367-B2,false,,,,Medium 20 x 2,item,8450,0.22,10300,0,5,assets/household.jpg,Pampers Baby Diapers Medium 20 Nigeria product pack bundle 2,Category placeholder – replace with verified product image,Estimated – verify with supplier,,,Nigeria/Imported,2026-08-10,"Stage catalogue item; verify exact pack, image and supplier price before live sale."
Pampers Baby Diapers Large 20 - Bundle of 2,Pampers,household,Baby Diapers,BS-PAMPERS-BABY-DIAPERS-LARGE-20-0368-B2,false,,,,Large 20 x 2,item,12800,0.22,15600,0,5,assets/household.jpg,Pampers Baby Diapers Large 20 Nigeria product pack bundle 2,Category placeholder – replace with verified product image,Estimated – verify with supplier,,,Nigeria/Imported,2026-08-10,"Stage catalogue item; verify exact pack, image and supplier price before live sale."
Pampers Baby Diapers XL 20 - Bundle of 2,Pampers,household,Baby Diapers,BS-PAMPERS-BABY-DIAPERS-XL-20-0369-B2,false,,,,XL 20 x 2,item,8050,0.22,9800,0,5,assets/household.jpg,Pampers Baby Diapers XL 20 Nigeria product pack bundle 2,Category placeholder – replace with verified product image,Estimated – verify with supplier,,,Nigeria/Imported,2026-08-10,"Stage catalogue item; verify exact pack, image and supplier price before live sale."
Big Bull Rice 1kg - Bundle of 3,Big Bull,grains,Rice,BS-BIG-BULL-RICE-1KG-0001-B3,false,,,,1kg x 3,item,1900,0.16,2200,0,5,assets/rice.jpg,Big Bull Rice 1kg Nigeria product pack bundle 3,Category placeholder – replace with verified product image,Estimated – verify with supplier,,,Nigeria/Imported,2026-08-10,"Stage catalogue item; verify exact pack, image and supplier price before live sale."
Big Bull Rice 2kg - Bundle of 3,Big Bull,grains,Rice,BS-BIG-BULL-RICE-2KG-0002-B3,false,,,,2kg x 3,item,3500,0.16,4050,0,5,assets/rice.jpg,Big Bull Rice 2kg Nigeria product pack bundle 3,Category placeholder – replace with verified product image,Estimated – verify with supplier,,,Nigeria/Imported,2026-08-10,"Stage catalogue item; verify exact pack, image and supplier price before live sale."
Big Bull Rice 5kg - Bundle of 3,Big Bull,grains,Rice,BS-BIG-BULL-RICE-5KG-0003-B3,false,,,,5kg x 3,item,9150,0.16,10600,0,5,assets/rice.jpg,Big Bull Rice 5kg Nigeria product pack bundle 3,Category placeholder – replace with verified product image,Estimated – verify with supplier,,,Nigeria/Imported,2026-08-10,"Stage catalogue item; verify exact pack, image and supplier price before live sale."
Big Bull Rice 10kg - Bundle of 3,Big Bull,grains,Rice,BS-BIG-BULL-RICE-10KG-0004-B3,false,,,,10kg x 3,item,18200,0.16,21100,0,5,assets/rice.jpg,Big Bull Rice 10kg Nigeria product pack bundle 3,Category placeholder – replace with verified product image,Estimated – verify with supplier,,,Nigeria/Imported,2026-08-10,"Stage catalogue item; verify exact pack, image and supplier price before live sale."
Big Bull Rice 25kg - Bundle of 3,Big Bull,grains,Rice,BS-BIG-BULL-RICE-25KG-0005-B3,false,,,,25kg x 3,item,49750,0.16,57700,0,5,assets/rice.jpg,Big Bull Rice 25kg Nigeria product pack bundle 3,Category placeholder – replace with verified product image,Estimated – verify with supplier,,,Nigeria/Imported,2026-08-10,"Stage catalogue item; verify exact pack, image and supplier price before live sale."
Big Bull Rice 50kg - Bundle of 3,Big Bull,grains,Rice,BS-BIG-BULL-RICE-50KG-0006-B3,false,,,,50kg x 3,item,98500,0.16,114250,0,5,assets/rice.jpg,Big Bull Rice 50kg Nigeria product pack bundle 3,Category placeholder – replace with verified product image,Estimated – verify with supplier,,,Nigeria/Imported,2026-08-10,"Stage catalogue item; verify exact pack, image and supplier price before live sale."
Mama Gold Rice 1kg - Bundle of 3,Mama Gold,grains,Rice,BS-MAMA-GOL-RICE-1KG-0007-B3,false,,,,1kg x 3,item,2200,0.16,2550,0,5,assets/rice.jpg,Mama Gold Rice 1kg Nigeria product pack bundle 3,Category placeholder – replace with verified product image,Estimated – verify with supplier,,,Nigeria/Imported,2026-08-10,"Stage catalogue item; verify exact pack, image and supplier price before live sale."
Mama Gold Rice 5kg - Bundle of 3,Mama Gold,grains,Rice,BS-MAMA-GOL-RICE-5KG-0008-B3,false,,,,5kg x 3,item,9450,0.16,10950,0,5,assets/rice.jpg,Mama Gold Rice 5kg Nigeria product pack bundle 3,Category placeholder – replace with verified product image,Estimated – verify with supplier,,,Nigeria/Imported,2026-08-10,"Stage catalogue item; verify exact pack, image and supplier price before live sale."
Mama Gold Rice 10kg - Bundle of 3,Mama Gold,grains,Rice,BS-MAMA-GOL-RICE-10KG-0009-B3,false,,,,10kg x 3,item,20200,0.16,23450,0,5,assets/rice.jpg,Mama Gold Rice 10kg Nigeria product pack bundle 3,Category placeholder – replace with verified product image,Estimated – verify with supplier,,,Nigeria/Imported,2026-08-10,"Stage catalogue item; verify exact pack, image and supplier price before live sale."
Mama Gold Rice 25kg - Bundle of 3,Mama Gold,grains,Rice,BS-MAMA-GOL-RICE-25KG-0010-B3,false,,,,25kg x 3,item,47150,0.16,54700,0,5,assets/rice.jpg,Mama Gold Rice 25kg Nigeria product pack bundle 3,Category placeholder – replace with verified product image,Estimated – verify with supplier,,,Nigeria/Imported,2026-08-10,"Stage catalogue item; verify exact pack, image and supplier price before live sale."
Mama Gold Rice 50kg - Bundle of 3,Mama Gold,grains,Rice,BS-MAMA-GOL-RICE-50KG-0011-B3,false,,,,50kg x 3,item,97800,0.16,113450,0,5,assets/rice.jpg,Mama Gold Rice 50kg Nigeria product pack bundle 3,Category placeholder – replace with verified product image,Estimated – verify with supplier,,,Nigeria/Imported,2026-08-10,"Stage catalogue item; verify exact pack, image and supplier price before live sale."
Royal Stallion Rice 1kg - Bundle of 3,Royal Stallion,grains,Rice,BS-ROYAL-ST-RICE-1KG-0012-B3,false,,,,1kg x 3,item,2200,0.16,2550,0,5,assets/rice.jpg,Royal Stallion Rice 1kg Nigeria product pack bundle 3,Category placeholder – replace with verified product image,Estimated – verify with supplier,,,Nigeria/Imported,2026-08-10,"Stage catalogue item; verify exact pack, image and supplier price before live sale."
Royal Stallion Rice 5kg - Bundle of 3,Royal Stallion,grains,Rice,BS-ROYAL-ST-RICE-5KG-0013-B3,false,,,,5kg x 3,item,9750,0.16,11300,0,5,assets/rice.jpg,Royal Stallion Rice 5kg Nigeria product pack bundle 3,Category placeholder – replace with verified product image,Estimated – verify with supplier,,,Nigeria/Imported,2026-08-10,"Stage catalogue item; verify exact pack, image and supplier price before live sale."
Royal Stallion Rice 10kg - Bundle of 3,Royal Stallion,grains,Rice,BS-ROYAL-ST-RICE-10KG-0014-B3,false,,,,10kg x 3,item,20100,0.16,23300,0,5,assets/rice.jpg,Royal Stallion Rice 10kg Nigeria product pack bundle 3,Category placeholder – replace with verified product image,Estimated – verify with supplier,,,Nigeria/Imported,2026-08-10,"Stage catalogue item; verify exact pack, image and supplier price before live sale."
Royal Stallion Rice 25kg - Bundle of 3,Royal Stallion,grains,Rice,BS-ROYAL-ST-RICE-25KG-0015-B3,false,,,,25kg x 3,item,54250,0.16,62950,0,5,assets/rice.jpg,Royal Stallion Rice 25kg Nigeria product pack bundle 3,Category placeholder – replace with verified product image,Estimated – verify with supplier,,,Nigeria/Imported,2026-08-10,"Stage catalogue item; verify exact pack, image and supplier price before live sale."
Royal Stallion Rice 50kg - Bundle of 3,Royal Stallion,grains,Rice,BS-ROYAL-ST-RICE-50KG-0016-B3,false,,,,50kg x 3,item,106650,0.16,123700,0,5,assets/rice.jpg,Royal Stallion Rice 50kg Nigeria product pack bundle 3,Category placeholder – replace with verified product image,Estimated – verify with supplier,,,Nigeria/Imported,2026-08-10,"Stage catalogue item; verify exact pack, image and supplier price before live sale."
Cap Rice Rice 1kg - Bundle of 3,Cap Rice,grains,Rice,BS-CAP-RICE-RICE-1KG-0017-B3,false,,,,1kg x 3,item,1900,0.16,2200,0,5,assets/rice.jpg,Cap Rice Rice 1kg Nigeria product pack bundle 3,Category placeholder – replace with verified product image,Estimated – verify with supplier,,,Nigeria/Imported,2026-08-10,"Stage catalogue item; verify exact pack, image and supplier price before live sale."
Cap Rice Rice 5kg - Bundle of 3,Cap Rice,grains,Rice,BS-CAP-RICE-RICE-5KG-0018-B3,false,,,,5kg x 3,item,10200,0.16,11850,0,5,assets/rice.jpg,Cap Rice Rice 5kg Nigeria product pack bundle 3,Category placeholder – replace with verified product image,Estimated – verify with supplier,,,Nigeria/Imported,2026-08-10,"Stage catalogue item; verify exact pack, image and supplier price before live sale."
Cap Rice Rice 10kg - Bundle of 3,Cap Rice,grains,Rice,BS-CAP-RICE-RICE-10KG-0019-B3,false,,,,10kg x 3,item,21100,0.16,24500,0,5,assets/rice.jpg,Cap Rice Rice 10kg Nigeria product pack bundle 3,Category placeholder – replace with verified product image,Estimated – verify with supplier,,,Nigeria/Imported,2026-08-10,"Stage catalogue item; verify exact pack, image and supplier price before live sale."
Cap Rice Rice 25kg - Bundle of 3,Cap Rice,grains,Rice,BS-CAP-RICE-RICE-25KG-0020-B3,false,,,,25kg x 3,item,45550,0.16,52850,0,5,assets/rice.jpg,Cap Rice Rice 25kg Nigeria product pack bundle 3,Category placeholder – replace with verified product image,Estimated – verify with supplier,,,Nigeria/Imported,2026-08-10,"Stage catalogue item; verify exact pack, image and supplier price before live sale."
Cap Rice Rice 50kg - Bundle of 3,Cap Rice,grains,Rice,BS-CAP-RICE-RICE-50KG-0021-B3,false,,,,50kg x 3,item,105350,0.16,122200,0,5,assets/rice.jpg,Cap Rice Rice 50kg Nigeria product pack bundle 3,Category placeholder – replace with verified product image,Estimated – verify with supplier,,,Nigeria/Imported,2026-08-10,"Stage catalogue item; verify exact pack, image and supplier price before live sale."
Tropical Sun Basmati Rice 1kg - Bundle of 3,Tropical Sun,grains,Basmati Rice,BS-TROPICAL-BASMATI-RICE-1KG-0022-B3,false,,,,1kg x 3,item,4500,0.16,5200,0,5,assets/rice.jpg,Tropical Sun Basmati Rice 1kg Nigeria product pack bundle 3,Category placeholder – replace with verified product image,Estimated – verify with supplier,,,Nigeria/Imported,2026-08-10,"Stage catalogue item; verify exact pack, image and supplier price before live sale."
Tropical Sun Basmati Rice 2kg - Bundle of 3,Tropical Sun,grains,Basmati Rice,BS-TROPICAL-BASMATI-RICE-2KG-0023-B3,false,,,,2kg x 3,item,8600,0.16,10000,0,5,assets/rice.jpg,Tropical Sun Basmati Rice 2kg Nigeria product pack bundle 3,Category placeholder – replace with verified product image,Estimated – verify with supplier,,,Nigeria/Imported,2026-08-10,"Stage catalogue item; verify exact pack, image and supplier price before live sale."
Tropical Sun Basmati Rice 5kg - Bundle of 3,Tropical Sun,grains,Basmati Rice,BS-TROPICAL-BASMATI-RICE-5KG-0024-B3,false,,,,5kg x 3,item,20650,0.16,23950,0,5,assets/rice.jpg,Tropical Sun Basmati Rice 5kg Nigeria product pack bundle 3,Category placeholder – replace with verified product image,Estimated – verify with supplier,,,Nigeria/Imported,2026-08-10,"Stage catalogue item; verify exact pack, image and supplier price before live sale."
Tropical Sun Basmati Rice 10kg - Bundle of 3,Tropical Sun,grains,Basmati Rice,BS-TROPICAL-BASMATI-RICE-10KG-0025-B3,false,,,,10kg x 3,item,47700,0.16,55350,0,5,assets/rice.jpg,Tropical Sun Basmati Rice 10kg Nigeria product pack bundle 3,Category placeholder – replace with verified product image,Estimated – verify with supplier,,,Nigeria/Imported,2026-08-10,"Stage catalogue item; verify exact pack, image and supplier price before live sale."
Brown Beans 500g - Bundle of 3,Generic,grains,Brown Beans,BS-GENERIC-BROWN-BEANS-500G-0026-B3,false,,,,500g x 3,item,1150,0.16,1350,0,5,assets/rice.jpg,Generic Brown Beans 500g Nigeria product pack bundle 3,Category placeholder – replace with verified product image,Estimated – verify with supplier,,,Nigeria/Imported,2026-08-10,"Stage catalogue item; verify exact pack, image and supplier price before live sale."
Brown Beans 1kg - Bundle of 3,Generic,grains,Brown Beans,BS-GENERIC-BROWN-BEANS-1KG-0027-B3,false,,,,1kg x 3,item,2350,0.16,2750,0,5,assets/rice.jpg,Generic Brown Beans 1kg Nigeria product pack bundle 3,Category placeholder – replace with verified product image,Estimated – verify with supplier,,,Nigeria/Imported,2026-08-10,"Stage catalogue item; verify exact pack, image and supplier price before live sale."
Brown Beans 2kg - Bundle of 3,Generic,grains,Brown Beans,BS-GENERIC-BROWN-BEANS-2KG-0028-B3,false,,,,2kg x 3,item,4650,0.16,5400,0,5,assets/rice.jpg,Generic Brown Beans 2kg Nigeria product pack bundle 3,Category placeholder – replace with verified product image,Estimated – verify with supplier,,,Nigeria/Imported,2026-08-10,"Stage catalogue item; verify exact pack, image and supplier price before live sale."
Brown Beans 5kg - Bundle of 3,Generic,grains,Brown Beans,BS-GENERIC-BROWN-BEANS-5KG-0029-B3,false,,,,5kg x 3,item,13250,0.16,15350,0,5,assets/rice.jpg,Generic Brown Beans 5kg Nigeria product pack bundle 3,Category placeholder – replace with verified product image,Estimated – verify with supplier,,,Nigeria/Imported,2026-08-10,"Stage catalogue item; verify exact pack, image and supplier price before live sale."
Brown Beans 10kg - Bundle of 3,Generic,grains,Brown Beans,BS-GENERIC-BROWN-BEANS-10KG-0030-B3,false,,,,10kg x 3,item,25450,0.16,29500,0,5,assets/rice.jpg,Generic Brown Beans 10kg Nigeria product pack bundle 3,Category placeholder – replace with verified product image,Estimated – verify with supplier,,,Nigeria/Imported,2026-08-10,"Stage catalogue item; verify exact pack, image and supplier price before live sale."
Brown Beans 25kg - Bundle of 3,Generic,grains,Brown Beans,BS-GENERIC-BROWN-BEANS-25KG-0031-B3,false,,,,25kg x 3,item,65900,0.16,76450,0,5,assets/rice.jpg,Generic Brown Beans 25kg Nigeria product pack bundle 3,Category placeholder – replace with verified product image,Estimated – verify with supplier,,,Nigeria/Imported,2026-08-10,"Stage catalogue item; verify exact pack, image and supplier price before live sale."
White Beans 500g - Bundle of 3,Generic,grains,White Beans,BS-GENERIC-WHITE-BEANS-500G-0032-B3,false,,,,500g x 3,item,1300,0.16,1500,0,5,assets/rice.jpg,Generic White Beans 500g Nigeria product pack bundle 3,Category placeholder – replace with verified product image,Estimated – verify with supplier,,,Nigeria/Imported,2026-08-10,"Stage catalogue item; verify exact pack, image and supplier price before live sale."
White Beans 1kg - Bundle of 3,Generic,grains,White Beans,BS-GENERIC-WHITE-BEANS-1KG-0033-B3,false,,,,1kg x 3,item,2600,0.16,3000,0,5,assets/rice.jpg,Generic White Beans 1kg Nigeria product pack bundle 3,Category placeholder – replace with verified product image,Estimated – verify with supplier,,,Nigeria/Imported,2026-08-10,"Stage catalogue item; verify exact pack, image and supplier price before live sale."
White Beans 2kg - Bundle of 3,Generic,grains,White Beans,BS-GENERIC-WHITE-BEANS-2KG-0034-B3,false,,,,2kg x 3,item,5650,0.16,6550,0,5,assets/rice.jpg,Generic White Beans 2kg Nigeria product pack bundle 3,Category placeholder – replace with verified product image,Estimated – verify with supplier,,,Nigeria/Imported,2026-08-10,"Stage catalogue item; verify exact pack, image and supplier price before live sale."
White Beans 5kg - Bundle of 3,Generic,grains,White Beans,BS-GENERIC-WHITE-BEANS-5KG-0035-B3,false,,,,5kg x 3,item,12950,0.16,15000,0,5,assets/rice.jpg,Generic White Beans 5kg Nigeria product pack bundle 3,Category placeholder – replace with verified product image,Estimated – verify with supplier,,,Nigeria/Imported,2026-08-10,"Stage catalogue item; verify exact pack, image and supplier price before live sale."
White Beans 10kg - Bundle of 3,Generic,grains,White Beans,BS-GENERIC-WHITE-BEANS-10KG-0036-B3,false,,,,10kg x 3,item,26650,0.16,30900,0,5,assets/rice.jpg,Generic White Beans 10kg Nigeria product pack bundle 3,Category placeholder – replace with verified product image,Estimated – verify with supplier,,,Nigeria/Imported,2026-08-10,"Stage catalogue item; verify exact pack, image and supplier price before live sale."
White Beans 25kg - Bundle of 3,Generic,grains,White Beans,BS-GENERIC-WHITE-BEANS-25KG-0037-B3,false,,,,25kg x 3,item,70000,0.16,81200,0,5,assets/rice.jpg,Generic White Beans 25kg Nigeria product pack bundle 3,Category placeholder – replace with verified product image,Estimated – verify with supplier,,,Nigeria/Imported,2026-08-10,"Stage catalogue item; verify exact pack, image and supplier price before live sale."
Garri White 500g - Bundle of 3,Generic,grains,Garri White,BS-GENERIC-GARRI-WHITE-500G-0038-B3,false,,,,500g x 3,item,850,0.16,1000,0,5,assets/rice.jpg,Generic Garri White 500g Nigeria product pack bundle 3,Category placeholder – replace with verified product image,Estimated – verify with supplier,,,Nigeria/Imported,2026-08-10,"Stage catalogue item; verify exact pack, image and supplier price before live sale."
Garri White 1kg - Bundle of 3,Generic,grains,Garri White,BS-GENERIC-GARRI-WHITE-1KG-0039-B3,false,,,,1kg x 3,item,1900,0.16,2200,0,5,assets/rice.jpg,Generic Garri White 1kg Nigeria product pack bundle 3,Category placeholder – replace with verified product image,Estimated – verify with supplier,,,Nigeria/Imported,2026-08-10,"Stage catalogue item; verify exact pack, image and supplier price before live sale."
Garri White 2kg - Bundle of 3,Generic,grains,Garri White,BS-GENERIC-GARRI-WHITE-2KG-0040-B3,false,,,,2kg x 3,item,3650,0.16,4250,0,5,assets/rice.jpg,Generic Garri White 2kg Nigeria product pack bundle 3,Category placeholder – replace with verified product image,Estimated – verify with supplier,,,Nigeria/Imported,2026-08-10,"Stage catalogue item; verify exact pack, image and supplier price before live sale."
Garri White 5kg - Bundle of 3,Generic,grains,Garri White,BS-GENERIC-GARRI-WHITE-5KG-0041-B3,false,,,,5kg x 3,item,9150,0.16,10600,0,5,assets/rice.jpg,Generic Garri White 5kg Nigeria product pack bundle 3,Category placeholder – replace with verified product image,Estimated – verify with supplier,,,Nigeria/Imported,2026-08-10,"Stage catalogue item; verify exact pack, image and supplier price before live sale."
Garri White 10kg - Bundle of 3,Generic,grains,Garri White,BS-GENERIC-GARRI-WHITE-10KG-0042-B3,false,,,,10kg x 3,item,16150,0.16,18750,0,5,assets/rice.jpg,Generic Garri White 10kg Nigeria product pack bundle 3,Category placeholder – replace with verified product image,Estimated – verify with supplier,,,Nigeria/Imported,2026-08-10,"Stage catalogue item; verify exact pack, image and supplier price before live sale."
Garri White 25kg - Bundle of 3,Generic,grains,Garri White,BS-GENERIC-GARRI-WHITE-25KG-0043-B3,false,,,,25kg x 3,item,41900,0.16,48600,0,5,assets/rice.jpg,Generic Garri White 25kg Nigeria product pack bundle 3,Category placeholder – replace with verified product image,Estimated – verify with supplier,,,Nigeria/Imported,2026-08-10,"Stage catalogue item; verify exact pack, image and supplier price before live sale."
Garri Yellow 500g - Bundle of 3,Generic,grains,Garri Yellow,BS-GENERIC-GARRI-YELLOW-500G-0044-B3,false,,,,500g x 3,item,850,0.16,1000,0,5,assets/rice.jpg,Generic Garri Yellow 500g Nigeria product pack bundle 3,Category placeholder – replace with verified product image,Estimated – verify with supplier,,,Nigeria/Imported,2026-08-10,"Stage catalogue item; verify exact pack, image and supplier price before live sale."
Garri Yellow 1kg - Bundle of 3,Generic,grains,Garri Yellow,BS-GENERIC-GARRI-YELLOW-1KG-0045-B3,false,,,,1kg x 3,item,1750,0.16,2050,0,5,assets/rice.jpg,Generic Garri Yellow 1kg Nigeria product pack bundle 3,Category placeholder – replace with verified product image,Estimated – verify with supplier,,,Nigeria/Imported,2026-08-10,"Stage catalogue item; verify exact pack, image and supplier price before live sale."
Garri Yellow 2kg - Bundle of 3,Generic,grains,Garri Yellow,BS-GENERIC-GARRI-YELLOW-2KG-0046-B3,false,,,,2kg x 3,item,3650,0.16,4250,0,5,assets/rice.jpg,Generic Garri Yellow 2kg Nigeria product pack bundle 3,Category placeholder – replace with verified product image,Estimated – verify with supplier,,,Nigeria/Imported,2026-08-10,"Stage catalogue item; verify exact pack, image and supplier price before live sale."
Garri Yellow 5kg - Bundle of 3,Generic,grains,Garri Yellow,BS-GENERIC-GARRI-YELLOW-5KG-0047-B3,false,,,,5kg x 3,item,8900,0.16,10300,0,5,assets/rice.jpg,Generic Garri Yellow 5kg Nigeria product pack bundle 3,Category placeholder – replace with verified product image,Estimated – verify with supplier,,,Nigeria/Imported,2026-08-10,"Stage catalogue item; verify exact pack, image and supplier price before live sale."
Garri Yellow 10kg - Bundle of 3,Generic,grains,Garri Yellow,BS-GENERIC-GARRI-YELLOW-10KG-0048-B3,false,,,,10kg x 3,item,18350,0.16,21300,0,5,assets/rice.jpg,Generic Garri Yellow 10kg Nigeria product pack bundle 3,Category placeholder – replace with verified product image,Estimated – verify with supplier,,,Nigeria/Imported,2026-08-10,"Stage catalogue item; verify exact pack, image and supplier price before live sale."
Garri Yellow 25kg - Bundle of 3,Generic,grains,Garri Yellow,BS-GENERIC-GARRI-YELLOW-25KG-0049-B3,false,,,,25kg x 3,item,48900,0.16,56700,0,5,assets/rice.jpg,Generic Garri Yellow 25kg Nigeria product pack bundle 3,Category placeholder – replace with verified product image,Estimated – verify with supplier,,,Nigeria/Imported,2026-08-10,"Stage catalogue item; verify exact pack, image and supplier price before live sale."
Golden Penny Semolina 500g - Bundle of 3,Golden Penny,grains,Semolina,BS-GOLDEN-P-SEMOLINA-500G-0050-B3,false,,,,500g x 3,item,1300,0.16,1500,0,5,assets/rice.jpg,Golden Penny Semolina 500g Nigeria product pack bundle 3,Category placeholder – replace with verified product image,Estimated – verify with supplier,,,Nigeria/Imported,2026-08-10,"Stage catalogue item; verify exact pack, image and supplier price before live sale."
Golden Penny Semolina 1kg - Bundle of 3,Golden Penny,grains,Semolina,BS-GOLDEN-P-SEMOLINA-1KG-0051-B3,false,,,,1kg x 3,item,2600,0.16,3000,0,5,assets/rice.jpg,Golden Penny Semolina 1kg Nigeria product pack bundle 3,Category placeholder – replace with verified product image,Estimated – verify with supplier,,,Nigeria/Imported,2026-08-10,"Stage catalogue item; verify exact pack, image and supplier price before live sale."
Golden Penny Semolina 2kg - Bundle of 3,Golden Penny,grains,Semolina,BS-GOLDEN-P-SEMOLINA-2KG-0052-B3,false,,,,2kg x 3,item,4950,0.16,5750,0,5,assets/rice.jpg,Golden Penny Semolina 2kg Nigeria product pack bundle 3,Category placeholder – replace with verified product image,Estimated – verify with supplier,,,Nigeria/Imported,2026-08-10,"Stage catalogue item; verify exact pack, image and supplier price before live sale."
Golden Penny Semolina 5kg - Bundle of 3,Golden Penny,grains,Semolina,BS-GOLDEN-P-SEMOLINA-5KG-0053-B3,false,,,,5kg x 3,item,12650,0.16,14650,0,5,assets/rice.jpg,Golden Penny Semolina 5kg Nigeria product pack bundle 3,Category placeholder – replace with verified product image,Estimated – verify with supplier,,,Nigeria/Imported,2026-08-10,"Stage catalogue item; verify exact pack, image and supplier price before live sale."
Golden Penny Semolina 10kg - Bundle of 3,Golden Penny,grains,Semolina,BS-GOLDEN-P-SEMOLINA-10KG-0054-B3,false,,,,10kg x 3,item,28500,0.16,33050,0,5,assets/rice.jpg,Golden Penny Semolina 10kg Nigeria product pack bundle 3,Category placeholder – replace with verified product image,Estimated – verify with supplier,,,Nigeria/Imported,2026-08-10,"Stage catalogue item; verify exact pack, image and supplier price before live sale."
Honeywell Semolina 500g - Bundle of 3,Honeywell,grains,Semolina,BS-HONEYWEL-SEMOLINA-500G-0055-B3,false,,,,500g x 3,item,1450,0.16,1700,0,5,assets/rice.jpg,Honeywell Semolina 500g Nigeria product pack bundle 3,Category placeholder – replace with verified product image,Estimated – verify with supplier,,,Nigeria/Imported,2026-08-10,"Stage catalogue item; verify exact pack, image and supplier price before live sale."
Honeywell Semolina 1kg - Bundle of 3,Honeywell,grains,Semolina,BS-HONEYWEL-SEMOLINA-1KG-0056-B3,false,,,,1kg x 3,item,2750,0.16,3200,0,5,assets/rice.jpg,Honeywell Semolina 1kg Nigeria product pack bundle 3,Category placeholder – replace with verified product image,Estimated – verify with supplier,,,Nigeria/Imported,2026-08-10,"Stage catalogue item; verify exact pack, image and supplier price before live sale."
Honeywell Semolina 2kg - Bundle of 3,Honeywell,grains,Semolina,BS-HONEYWEL-SEMOLINA-2KG-0057-B3,false,,,,2kg x 3,item,5100,0.16,5900,0,5,assets/rice.jpg,Honeywell Semolina 2kg Nigeria product pack bundle 3,Category placeholder – replace with verified product image,Estimated – verify with supplier,,,Nigeria/Imported,2026-08-10,"Stage catalogue item; verify exact pack, image and supplier price before live sale."
Honeywell Semolina 5kg - Bundle of 3,Honeywell,grains,Semolina,BS-HONEYWEL-SEMOLINA-5KG-0058-B3,false,,,,5kg x 3,item,14100,0.16,16350,0,5,assets/rice.jpg,Honeywell Semolina 5kg Nigeria product pack bundle 3,Category placeholder – replace with verified product image,Estimated – verify with supplier,,,Nigeria/Imported,2026-08-10,"Stage catalogue item; verify exact pack, image and supplier price before live sale."
Honeywell Semolina 10kg - Bundle of 3,Honeywell,grains,Semolina,BS-HONEYWEL-SEMOLINA-10KG-0059-B3,false,,,,10kg x 3,item,25450,0.16,29500,0,5,assets/rice.jpg,Honeywell Semolina 10kg Nigeria product pack bundle 3,Category placeholder – replace with verified product image,Estimated – verify with supplier,,,Nigeria/Imported,2026-08-10,"Stage catalogue item; verify exact pack, image and supplier price before live sale."
Golden Penny Wheat Meal 500g - Bundle of 3,Golden Penny,grains,Wheat Meal,BS-GOLDEN-P-WHEAT-MEAL-500G-0060-B3,false,,,,500g x 3,item,1150,0.16,1350,0,5,assets/rice.jpg,Golden Penny Wheat Meal 500g Nigeria product pack bundle 3,Category placeholder – replace with verified product image,Estimated – verify with supplier,,,Nigeria/Imported,2026-08-10,"Stage catalogue item; verify exact pack, image and supplier price before live sale."
Golden Penny Wheat Meal 1kg - Bundle of 3,Golden Penny,grains,Wheat Meal,BS-GOLDEN-P-WHEAT-MEAL-1KG-0061-B3,false,,,,1kg x 3,item,2750,0.16,3200,0,5,assets/rice.jpg,Golden Penny Wheat Meal 1kg Nigeria product pack bundle 3,Category placeholder – replace with verified product image,Estimated – verify with supplier,,,Nigeria/Imported,2026-08-10,"Stage catalogue item; verify exact pack, image and supplier price before live sale."
Golden Penny Wheat Meal 2kg - Bundle of 3,Golden Penny,grains,Wheat Meal,BS-GOLDEN-P-WHEAT-MEAL-2KG-0062-B3,false,,,,2kg x 3,item,5100,0.16,5900,0,5,assets/rice.jpg,Golden Penny Wheat Meal 2kg Nigeria product pack bundle 3,Category placeholder – replace with verified product image,Estimated – verify with supplier,,,Nigeria/Imported,2026-08-10,"Stage catalogue item; verify exact pack, image and supplier price before live sale."
Golden Penny Wheat Meal 5kg - Bundle of 3,Golden Penny,grains,Wheat Meal,BS-GOLDEN-P-WHEAT-MEAL-5KG-0063-B3,false,,,,5kg x 3,item,12650,0.16,14650,0,5,assets/rice.jpg,Golden Penny Wheat Meal 5kg Nigeria product pack bundle 3,Category placeholder – replace with verified product image,Estimated – verify with supplier,,,Nigeria/Imported,2026-08-10,"Stage catalogue item; verify exact pack, image and supplier price before live sale."
Honeywell Wheat Meal 500g - Bundle of 3,Honeywell,grains,Wheat Meal,BS-HONEYWEL-WHEAT-MEAL-500G-0064-B3,false,,,,500g x 3,item,1300,0.16,1500,0,5,assets/rice.jpg,Honeywell Wheat Meal 500g Nigeria product pack bundle 3,Category placeholder – replace with verified product image,Estimated – verify with supplier,,,Nigeria/Imported,2026-08-10,"Stage catalogue item; verify exact pack, image and supplier price before live sale."
Honeywell Wheat Meal 1kg - Bundle of 3,Honeywell,grains,Wheat Meal,BS-HONEYWEL-WHEAT-MEAL-1KG-0065-B3,false,,,,1kg x 3,item,2750,0.16,3200,0,5,assets/rice.jpg,Honeywell Wheat Meal 1kg Nigeria product pack bundle 3,Category placeholder – replace with verified product image,Estimated – verify with supplier,,,Nigeria/Imported,2026-08-10,"Stage catalogue item; verify exact pack, image and supplier price before live sale."
Honeywell Wheat Meal 2kg - Bundle of 3,Honeywell,grains,Wheat Meal,BS-HONEYWEL-WHEAT-MEAL-2KG-0066-B3,false,,,,2kg x 3,item,5400,0.16,6250,0,5,assets/rice.jpg,Honeywell Wheat Meal 2kg Nigeria product pack bundle 3,Category placeholder – replace with verified product image,Estimated – verify with supplier,,,Nigeria/Imported,2026-08-10,"Stage catalogue item; verify exact pack, image and supplier price before live sale."
Honeywell Wheat Meal 5kg - Bundle of 3,Honeywell,grains,Wheat Meal,BS-HONEYWEL-WHEAT-MEAL-5KG-0067-B3,false,,,,5kg x 3,item,12200,0.16,14150,0,5,assets/rice.jpg,Honeywell Wheat Meal 5kg Nigeria product pack bundle 3,Category placeholder – replace with verified product image,Estimated – verify with supplier,,,Nigeria/Imported,2026-08-10,"Stage catalogue item; verify exact pack, image and supplier price before live sale."
Golden Penny Spaghetti 500g - Bundle of 3,Golden Penny,grains,Spaghetti,BS-GOLDEN-P-SPAGHETTI-500G-0068-B3,false,,,,500g x 3,item,1150,0.16,1350,0,5,assets/rice.jpg,Golden Penny Spaghetti 500g Nigeria product pack bundle 3,Category placeholder – replace with verified product image,Estimated – verify with supplier,,,Nigeria/Imported,2026-08-10,"Stage catalogue item; verify exact pack, image and supplier price before live sale."
Golden Penny Spaghetti 500g x 20 - Bundle of 3,Golden Penny,grains,Spaghetti,BS-GOLDEN-P-SPAGHETTI-500G-X-20-0069-B3,false,,,,500g x 20 x 3,item,25600,0.16,29700,0,5,assets/rice.jpg,Golden Penny Spaghetti 500g x 20 Nigeria product pack bundle 3,Category placeholder – replace with verified product image,Estimated – verify with supplier,,,Nigeria/Imported,2026-08-10,"Stage catalogue item; verify exact pack, image and supplier price before live sale."
Dangote Spaghetti 500g - Bundle of 3,Dangote,grains,Spaghetti,BS-DANGOTE-SPAGHETTI-500G-0070-B3,false,,,,500g x 3,item,1300,0.16,1500,0,5,assets/rice.jpg,Dangote Spaghetti 500g Nigeria product pack bundle 3,Category placeholder – replace with verified product image,Estimated – verify with supplier,,,Nigeria/Imported,2026-08-10,"Stage catalogue item; verify exact pack, image and supplier price before live sale."
Dangote Spaghetti 500g x 20 - Bundle of 3,Dangote,grains,Spaghetti,BS-DANGOTE-SPAGHETTI-500G-X-20-0071-B3,false,,,,500g x 20 x 3,item,24600,0.16,28550,0,5,assets/rice.jpg,Dangote Spaghetti 500g x 20 Nigeria product pack bundle 3,Category placeholder – replace with verified product image,Estimated – verify with supplier,,,Nigeria/Imported,2026-08-10,"Stage catalogue item; verify exact pack, image and supplier price before live sale."
Honeywell Spaghetti 500g - Bundle of 3,Honeywell,grains,Spaghetti,BS-HONEYWEL-SPAGHETTI-500G-0072-B3,false,,,,500g x 3,item,1450,0.16,1700,0,5,assets/rice.jpg,Honeywell Spaghetti 500g Nigeria product pack bundle 3,Category placeholder – replace with verified product image,Estimated – verify with supplier,,,Nigeria/Imported,2026-08-10,"Stage catalogue item; verify exact pack, image and supplier price before live sale."
Honeywell Spaghetti 500g x 20 - Bundle of 3,Honeywell,grains,Spaghetti,BS-HONEYWEL-SPAGHETTI-500G-X-20-0073-B3,false,,,,500g x 20 x 3,item,28250,0.16,32750,0,5,assets/rice.jpg,Honeywell Spaghetti 500g x 20 Nigeria product pack bundle 3,Category placeholder – replace with verified product image,Estimated – verify with supplier,,,Nigeria/Imported,2026-08-10,"Stage catalogue item; verify exact pack, image and supplier price before live sale."
Golden Penny Macaroni 500g - Bundle of 3,Golden Penny,grains,Macaroni,BS-GOLDEN-P-MACARONI-500G-0074-B3,false,,,,500g x 3,item,1300,0.16,1500,0,5,assets/rice.jpg,Golden Penny Macaroni 500g Nigeria product pack bundle 3,Category placeholder – replace with verified product image,Estimated – verify with supplier,,,Nigeria/Imported,2026-08-10,"Stage catalogue item; verify exact pack, image and supplier price before live sale."
Golden Penny Macaroni 500g x 20 - Bundle of 3,Golden Penny,grains,Macaroni,BS-GOLDEN-P-MACARONI-500G-X-20-0075-B3,false,,,,500g x 20 x 3,item,27200,0.16,31550,0,5,assets/rice.jpg,Golden Penny Macaroni 500g x 20 Nigeria product pack bundle 3,Category placeholder – replace with verified product image,Estimated – verify with supplier,,,Nigeria/Imported,2026-08-10,"Stage catalogue item; verify exact pack, image and supplier price before live sale."
Indomie Noodles Chicken 70g - Bundle of 3,Indomie,grains,Noodles Chicken,BS-INDOMIE-NOODLES-CHIC-70G-0076-B3,false,,,,70g x 3,item,450,0.16,500,0,5,assets/rice.jpg,Indomie Noodles Chicken 70g Nigeria product pack bundle 3,Category placeholder – replace with verified product image,Estimated – verify with supplier,,,Nigeria/Imported,2026-08-10,"Stage catalogue item; verify exact pack, image and supplier price before live sale."
Indomie Noodles Chicken 70g x 40 - Bundle of 3,Indomie,grains,Noodles Chicken,BS-INDOMIE-NOODLES-CHIC-70G-X-40-0077-B3,false,,,,70g x 40 x 3,item,2050,0.16,2400,0,5,assets/rice.jpg,Indomie Noodles Chicken 70g x 40 Nigeria product pack bundle 3,Category placeholder – replace with verified product image,Estimated – verify with supplier,,,Nigeria/Imported,2026-08-10,"Stage catalogue item; verify exact pack, image and supplier price before live sale."
Indomie Noodles Chicken 120g - Bundle of 3,Indomie,grains,Noodles Chicken,BS-INDOMIE-NOODLES-CHIC-120G-0078-B3,false,,,,120g x 3,item,450,0.16,500,0,5,assets/rice.jpg,Indomie Noodles Chicken 120g Nigeria product pack bundle 3,Category placeholder – replace with verified product image,Estimated – verify with supplier,,,Nigeria/Imported,2026-08-10,"Stage catalogue item; verify exact pack, image and supplier price before live sale."
Indomie Noodles Chicken 120g x 40 - Bundle of 3,Indomie,grains,Noodles Chicken,BS-INDOMIE-NOODLES-CHIC-120G-X-40-0079-B3,false,,,,120g x 40 x 3,item,3050,0.16,3550,0,5,assets/rice.jpg,Indomie Noodles Chicken 120g x 40 Nigeria product pack bundle 3,Category placeholder – replace with verified product image,Estimated – verify with supplier,,,Nigeria/Imported,2026-08-10,"Stage catalogue item; verify exact pack, image and supplier price before live sale."
Indomie Noodles Onion Chicken 70g - Bundle of 3,Indomie,grains,Noodles Onion Chicken,BS-INDOMIE-NOODLES-ONIO-70G-0080-B3,false,,,,70g x 3,item,450,0.16,500,0,5,assets/rice.jpg,Indomie Noodles Onion Chicken 70g Nigeria product pack bundle 3,Category placeholder – replace with verified product image,Estimated – verify with supplier,,,Nigeria/Imported,2026-08-10,"Stage catalogue item; verify exact pack, image and supplier price before live sale."
Indomie Noodles Onion Chicken 70g x 40 - Bundle of 3,Indomie,grains,Noodles Onion Chicken,BS-INDOMIE-NOODLES-ONIO-70G-X-40-0081-B3,false,,,,70g x 40 x 3,item,1900,0.16,2200,0,5,assets/rice.jpg,Indomie Noodles Onion Chicken 70g x 40 Nigeria product pack bundle 3,Category placeholder – replace with verified product image,Estimated – verify with supplier,,,Nigeria/Imported,2026-08-10,"Stage catalogue item; verify exact pack, image and supplier price before live sale."
Indomie Noodles Oriental 70g - Bundle of 3,Indomie,grains,Noodles Oriental,BS-INDOMIE-NOODLES-ORIE-70G-0082-B3,false,,,,70g x 3,item,450,0.16,500,0,5,assets/rice.jpg,Indomie Noodles Oriental 70g Nigeria product pack bundle 3,Category placeholder – replace with verified product image,Estimated – verify with supplier,,,Nigeria/Imported,2026-08-10,"Stage catalogue item; verify exact pack, image and supplier price before live sale."
Indomie Noodles Oriental 70g x 40 - Bundle of 3,Indomie,grains,Noodles Oriental,BS-INDOMIE-NOODLES-ORIE-70G-X-40-0083-B3,false,,,,70g x 40 x 3,item,1900,0.16,2200,0,5,assets/rice.jpg,Indomie Noodles Oriental 70g x 40 Nigeria product pack bundle 3,Category placeholder – replace with verified product image,Estimated – verify with supplier,,,Nigeria/Imported,2026-08-10,"Stage catalogue item; verify exact pack, image and supplier price before live sale."
Golden Penny Noodles Chicken 70g - Bundle of 3,Golden Penny,grains,Noodles Chicken,BS-GOLDEN-P-NOODLES-CHIC-70G-0084-B3,false,,,,70g x 3,item,450,0.16,500,0,5,assets/rice.jpg,Golden Penny Noodles Chicken 70g Nigeria product pack bundle 3,Category placeholder – replace with verified product image,Estimated – verify with supplier,,,Nigeria/Imported,2026-08-10,"Stage catalogue item; verify exact pack, image and supplier price before live sale."
Golden Penny Noodles Chicken 70g x 40 - Bundle of 3,Golden Penny,grains,Noodles Chicken,BS-GOLDEN-P-NOODLES-CHIC-70G-X-40-0085-B3,false,,,,70g x 40 x 3,item,1600,0.16,1850,0,5,assets/rice.jpg,Golden Penny Noodles Chicken 70g x 40 Nigeria product pack bundle 3,Category placeholder – replace with verified product image,Estimated – verify with supplier,,,Nigeria/Imported,2026-08-10,"Stage catalogue item; verify exact pack, image and supplier price before live sale."
Quaker Oats 500g - Bundle of 3,Quaker,grains,Oats,BS-QUAKER-OATS-500G-0086-B3,false,,,,500g x 3,item,3050,0.16,3550,0,5,assets/rice.jpg,Quaker Oats 500g Nigeria product pack bundle 3,Category placeholder – replace with verified product image,Estimated – verify with supplier,,,Nigeria/Imported,2026-08-10,"Stage catalogue item; verify exact pack, image and supplier price before live sale."
Quaker Oats 1kg - Bundle of 3,Quaker,grains,Oats,BS-QUAKER-OATS-1KG-0087-B3,false,,,,1kg x 3,item,7000,0.16,8100,0,5,assets/rice.jpg,Quaker Oats 1kg Nigeria product pack bundle 3,Category placeholder – replace with verified product image,Estimated – verify with supplier,,,Nigeria/Imported,2026-08-10,"Stage catalogue item; verify exact pack, image and supplier price before live sale."
Nasco Corn Flakes 350g - Bundle of 3,Nasco,grains,Corn Flakes,BS-NASCO-CORN-FLAKES-350G-0088-B3,false,,,,350g x 3,item,1900,0.16,2200,0,5,assets/rice.jpg,Nasco Corn Flakes 350g Nigeria product pack bundle 3,Category placeholder – replace with verified product image,Estimated – verify with supplier,,,Nigeria/Imported,2026-08-10,"Stage catalogue item; verify exact pack, image and supplier price before live sale."
Nasco Corn Flakes 500g - Bundle of 3,Nasco,grains,Corn Flakes,BS-NASCO-CORN-FLAKES-500G-0089-B3,false,,,,500g x 3,item,2450,0.16,2850,0,5,assets/rice.jpg,Nasco Corn Flakes 500g Nigeria product pack bundle 3,Category placeholder – replace with verified product image,Estimated – verify with supplier,,,Nigeria/Imported,2026-08-10,"Stage catalogue item; verify exact pack, image and supplier price before live sale."
Nasco Corn Flakes 1kg - Bundle of 3,Nasco,grains,Corn Flakes,BS-NASCO-CORN-FLAKES-1KG-0090-B3,false,,,,1kg x 3,item,4800,0.16,5550,0,5,assets/rice.jpg,Nasco Corn Flakes 1kg Nigeria product pack bundle 3,Category placeholder – replace with verified product image,Estimated – verify with supplier,,,Nigeria/Imported,2026-08-10,"Stage catalogue item; verify exact pack, image and supplier price before live sale."
Kellogg's Corn Flakes 350g - Bundle of 3,Kellogg's,grains,Corn Flakes,BS-KELLOGG--CORN-FLAKES-350G-0091-B3,false,,,,350g x 3,item,2450,0.16,2850,0,5,assets/rice.jpg,Kellogg's Corn Flakes 350g Nigeria product pack bundle 3,Category placeholder – replace with verified product image,Estimated – verify with supplier,,,Nigeria/Imported,2026-08-10,"Stage catalogue item; verify exact pack, image and supplier price before live sale."
Kellogg's Corn Flakes 500g - Bundle of 3,Kellogg's,grains,Corn Flakes,BS-KELLOGG--CORN-FLAKES-500G-0092-B3,false,,,,500g x 3,item,3950,0.16,4600,0,5,assets/rice.jpg,Kellogg's Corn Flakes 500g Nigeria product pack bundle 3,Category placeholder – replace with verified product image,Estimated – verify with supplier,,,Nigeria/Imported,2026-08-10,"Stage catalogue item; verify exact pack, image and supplier price before live sale."
Kellogg's Corn Flakes 1kg - Bundle of 3,Kellogg's,grains,Corn Flakes,BS-KELLOGG--CORN-FLAKES-1KG-0093-B3,false,,,,1kg x 3,item,8000,0.16,9300,0,5,assets/rice.jpg,Kellogg's Corn Flakes 1kg Nigeria product pack bundle 3,Category placeholder – replace with verified product image,Estimated – verify with supplier,,,Nigeria/Imported,2026-08-10,"Stage catalogue item; verify exact pack, image and supplier price before live sale."
Checkers Custard Vanilla 500g - Bundle of 3,Checkers,grains,Custard Vanilla,BS-CHECKERS-CUSTARD-VANI-500G-0094-B3,false,,,,500g x 3,item,1750,0.16,2050,0,5,assets/rice.jpg,Checkers Custard Vanilla 500g Nigeria product pack bundle 3,Category placeholder – replace with verified product image,Estimated – verify with supplier,,,Nigeria/Imported,2026-08-10,"Stage catalogue item; verify exact pack, image and supplier price before live sale."
Checkers Custard Vanilla 1kg - Bundle of 3,Checkers,grains,Custard Vanilla,BS-CHECKERS-CUSTARD-VANI-1KG-0095-B3,false,,,,1kg x 3,item,3200,0.16,3700,0,5,assets/rice.jpg,Checkers Custard Vanilla 1kg Nigeria product pack bundle 3,Category placeholder – replace with verified product image,Estimated – verify with supplier,,,Nigeria/Imported,2026-08-10,"Stage catalogue item; verify exact pack, image and supplier price before live sale."
Checkers Custard Vanilla 2kg - Bundle of 3,Checkers,grains,Custard Vanilla,BS-CHECKERS-CUSTARD-VANI-2KG-0096-B3,false,,,,2kg x 3,item,6850,0.16,7950,0,5,assets/rice.jpg,Checkers Custard Vanilla 2kg Nigeria product pack bundle 3,Category placeholder – replace with verified product image,Estimated – verify with supplier,,,Nigeria/Imported,2026-08-10,"Stage catalogue item; verify exact pack, image and supplier price before live sale."
Bird's Custard Vanilla 450g - Bundle of 3,Bird's,grains,Custard Vanilla,BS-BIRD-S-CUSTARD-VANI-450G-0097-B3,false,,,,450g x 3,item,2200,0.16,2550,0,5,assets/rice.jpg,Bird's Custard Vanilla 450g Nigeria product pack bundle 3,Category placeholder – replace with verified product image,Estimated – verify with supplier,,,Nigeria/Imported,2026-08-10,"Stage catalogue item; verify exact pack, image and supplier price before live sale."
Bird's Custard Vanilla 1kg - Bundle of 3,Bird's,grains,Custard Vanilla,BS-BIRD-S-CUSTARD-VANI-1KG-0098-B3,false,,,,1kg x 3,item,4350,0.16,5050,0,5,assets/rice.jpg,Bird's Custard Vanilla 1kg Nigeria product pack bundle 3,Category placeholder – replace with verified product image,Estimated – verify with supplier,,,Nigeria/Imported,2026-08-10,"Stage catalogue item; verify exact pack, image and supplier price before live sale."
Golden Penny Flour 1kg - Bundle of 3,Golden Penny,grains,Flour,BS-GOLDEN-P-FLOUR-1KG-0099-B3,false,,,,1kg x 3,item,2750,0.16,3200,0,5,assets/rice.jpg,Golden Penny Flour 1kg Nigeria product pack bundle 3,Category placeholder – replace with verified product image,Estimated – verify with supplier,,,Nigeria/Imported,2026-08-10,"Stage catalogue item; verify exact pack, image and supplier price before live sale."
Golden Penny Flour 2kg - Bundle of 3,Golden Penny,grains,Flour,BS-GOLDEN-P-FLOUR-2KG-0100-B3,false,,,,2kg x 3,item,5400,0.16,6250,0,5,assets/rice.jpg,Golden Penny Flour 2kg Nigeria product pack bundle 3,Category placeholder – replace with verified product image,Estimated – verify with supplier,,,Nigeria/Imported,2026-08-10,"Stage catalogue item; verify exact pack, image and supplier price before live sale."
Golden Penny Flour 5kg - Bundle of 3,Golden Penny,grains,Flour,BS-GOLDEN-P-FLOUR-5KG-0101-B3,false,,,,5kg x 3,item,11350,0.16,13150,0,5,assets/rice.jpg,Golden Penny Flour 5kg Nigeria product pack bundle 3,Category placeholder – replace with verified product image,Estimated – verify with supplier,,,Nigeria/Imported,2026-08-10,"Stage catalogue item; verify exact pack, image and supplier price before live sale."
Golden Penny Flour 10kg - Bundle of 3,Golden Penny,grains,Flour,BS-GOLDEN-P-FLOUR-10KG-0102-B3,false,,,,10kg x 3,item,25900,0.16,30050,0,5,assets/rice.jpg,Golden Penny Flour 10kg Nigeria product pack bundle 3,Category placeholder – replace with verified product image,Estimated – verify with supplier,,,Nigeria/Imported,2026-08-10,"Stage catalogue item; verify exact pack, image and supplier price before live sale."
Golden Penny Flour 25kg - Bundle of 3,Golden Penny,grains,Flour,BS-GOLDEN-P-FLOUR-25KG-0103-B3,false,,,,25kg x 3,item,64450,0.16,74750,0,5,assets/rice.jpg,Golden Penny Flour 25kg Nigeria product pack bundle 3,Category placeholder – replace with verified product image,Estimated – verify with supplier,,,Nigeria/Imported,2026-08-10,"Stage catalogue item; verify exact pack, image and supplier price before live sale."
Golden Penny Flour 50kg - Bundle of 3,Golden Penny,grains,Flour,BS-GOLDEN-P-FLOUR-50KG-0104-B3,false,,,,50kg x 3,item,125700,0.16,145800,0,5,assets/rice.jpg,Golden Penny Flour 50kg Nigeria product pack bundle 3,Category placeholder – replace with verified product image,Estimated – verify with supplier,,,Nigeria/Imported,2026-08-10,"Stage catalogue item; verify exact pack, image and supplier price before live sale."
Honeywell Flour 1kg - Bundle of 3,Honeywell,grains,Flour,BS-HONEYWEL-FLOUR-1KG-0105-B3,false,,,,1kg x 3,item,2450,0.16,2850,0,5,assets/rice.jpg,Honeywell Flour 1kg Nigeria product pack bundle 3,Category placeholder – replace with verified product image,Estimated – verify with supplier,,,Nigeria/Imported,2026-08-10,"Stage catalogue item; verify exact pack, image and supplier price before live sale."
Honeywell Flour 2kg - Bundle of 3,Honeywell,grains,Flour,BS-HONEYWEL-FLOUR-2KG-0106-B3,false,,,,2kg x 3,item,5250,0.16,6100,0,5,assets/rice.jpg,Honeywell Flour 2kg Nigeria product pack bundle 3,Category placeholder – replace with verified product image,Estimated – verify with supplier,,,Nigeria/Imported,2026-08-10,"Stage catalogue item; verify exact pack, image and supplier price before live sale."
Honeywell Flour 5kg - Bundle of 3,Honeywell,grains,Flour,BS-HONEYWEL-FLOUR-5KG-0107-B3,false,,,,5kg x 3,item,11950,0.16,13850,0,5,assets/rice.jpg,Honeywell Flour 5kg Nigeria product pack bundle 3,Category placeholder – replace with verified product image,Estimated – verify with supplier,,,Nigeria/Imported,2026-08-10,"Stage catalogue item; verify exact pack, image and supplier price before live sale."
Honeywell Flour 10kg - Bundle of 3,Honeywell,grains,Flour,BS-HONEYWEL-FLOUR-10KG-0108-B3,false,,,,10kg x 3,item,25300,0.16,29350,0,5,assets/rice.jpg,Honeywell Flour 10kg Nigeria product pack bundle 3,Category placeholder – replace with verified product image,Estimated – verify with supplier,,,Nigeria/Imported,2026-08-10,"Stage catalogue item; verify exact pack, image and supplier price before live sale."
Honeywell Flour 25kg - Bundle of 3,Honeywell,grains,Flour,BS-HONEYWEL-FLOUR-25KG-0109-B3,false,,,,25kg x 3,item,63450,0.16,73600,0,5,assets/rice.jpg,Honeywell Flour 25kg Nigeria product pack bundle 3,Category placeholder – replace with verified product image,Estimated – verify with supplier,,,Nigeria/Imported,2026-08-10,"Stage catalogue item; verify exact pack, image and supplier price before live sale."
Honeywell Flour 50kg - Bundle of 3,Honeywell,grains,Flour,BS-HONEYWEL-FLOUR-50KG-0110-B3,false,,,,50kg x 3,item,138200,0.16,160300,0,5,assets/rice.jpg,Honeywell Flour 50kg Nigeria product pack bundle 3,Category placeholder – replace with verified product image,Estimated – verify with supplier,,,Nigeria/Imported,2026-08-10,"Stage catalogue item; verify exact pack, image and supplier price before live sale."
Dangote Sugar 500g - Bundle of 3,Dangote,grains,Sugar,BS-DANGOTE-SUGAR-500G-0111-B3,false,,,,500g x 3,item,1450,0.16,1700,0,5,assets/rice.jpg,Dangote Sugar 500g Nigeria product pack bundle 3,Category placeholder – replace with verified product image,Estimated – verify with supplier,,,Nigeria/Imported,2026-08-10,"Stage catalogue item; verify exact pack, image and supplier price before live sale."
Dangote Sugar 1kg - Bundle of 3,Dangote,grains,Sugar,BS-DANGOTE-SUGAR-1KG-0112-B3,false,,,,1kg x 3,item,2600,0.16,3000,0,5,assets/rice.jpg,Dangote Sugar 1kg Nigeria product pack bundle 3,Category placeholder – replace with verified product image,Estimated – verify with supplier,,,Nigeria/Imported,2026-08-10,"Stage catalogue item; verify exact pack, image and supplier price before live sale."
Dangote Sugar 2kg - Bundle of 3,Dangote,grains,Sugar,BS-DANGOTE-SUGAR-2KG-0113-B3,false,,,,2kg x 3,item,5550,0.16,6450,0,5,assets/rice.jpg,Dangote Sugar 2kg Nigeria product pack bundle 3,Category placeholder – replace with verified product image,Estimated – verify with supplier,,,Nigeria/Imported,2026-08-10,"Stage catalogue item; verify exact pack, image and supplier price before live sale."
Dangote Sugar 5kg - Bundle of 3,Dangote,grains,Sugar,BS-DANGOTE-SUGAR-5KG-0114-B3,false,,,,5kg x 3,item,13100,0.16,15200,0,5,assets/rice.jpg,Dangote Sugar 5kg Nigeria product pack bundle 3,Category placeholder – replace with verified product image,Estimated – verify with supplier,,,Nigeria/Imported,2026-08-10,"Stage catalogue item; verify exact pack, image and supplier price before live sale."
Dangote Sugar 10kg - Bundle of 3,Dangote,grains,Sugar,BS-DANGOTE-SUGAR-10KG-0115-B3,false,,,,10kg x 3,item,29950,0.16,34750,0,5,assets/rice.jpg,Dangote Sugar 10kg Nigeria product pack bundle 3,Category placeholder – replace with verified product image,Estimated – verify with supplier,,,Nigeria/Imported,2026-08-10,"Stage catalogue item; verify exact pack, image and supplier price before live sale."
Dangote Sugar 25kg - Bundle of 3,Dangote,grains,Sugar,BS-DANGOTE-SUGAR-25KG-0116-B3,false,,,,25kg x 3,item,74350,0.16,86250,0,5,assets/rice.jpg,Dangote Sugar 25kg Nigeria product pack bundle 3,Category placeholder – replace with verified product image,Estimated – verify with supplier,,,Nigeria/Imported,2026-08-10,"Stage catalogue item; verify exact pack, image and supplier price before live sale."
Dangote Sugar 50kg - Bundle of 3,Dangote,grains,Sugar,BS-DANGOTE-SUGAR-50KG-0117-B3,false,,,,50kg x 3,item,134600,0.16,156150,0,5,assets/rice.jpg,Dangote Sugar 50kg Nigeria product pack bundle 3,Category placeholder – replace with verified product image,Estimated – verify with supplier,,,Nigeria/Imported,2026-08-10,"Stage catalogue item; verify exact pack, image and supplier price before live sale."
BUA Sugar 500g - Bundle of 3,BUA,grains,Sugar,BS-BUA-SUGAR-500G-0118-B3,false,,,,500g x 3,item,1450,0.16,1700,0,5,assets/rice.jpg,BUA Sugar 500g Nigeria product pack bundle 3,Category placeholder – replace with verified product image,Estimated – verify with supplier,,,Nigeria/Imported,2026-08-10,"Stage catalogue item; verify exact pack, image and supplier price before live sale."
BUA Sugar 1kg - Bundle of 3,BUA,grains,Sugar,BS-BUA-SUGAR-1KG-0119-B3,false,,,,1kg x 3,item,2750,0.16,3200,0,5,assets/rice.jpg,BUA Sugar 1kg Nigeria product pack bundle 3,Category placeholder – replace with verified product image,Estimated – verify with supplier,,,Nigeria/Imported,2026-08-10,"Stage catalogue item; verify exact pack, image and supplier price before live sale."
BUA Sugar 2kg - Bundle of 3,BUA,grains,Sugar,BS-BUA-SUGAR-2KG-0120-B3,false,,,,2kg x 3,item,5100,0.16,5900,0,5,assets/rice.jpg,BUA Sugar 2kg Nigeria product pack bundle 3,Category placeholder – replace with verified product image,Estimated – verify with supplier,,,Nigeria/Imported,2026-08-10,"Stage catalogue item; verify exact pack, image and supplier price before live sale."
BUA Sugar 5kg - Bundle of 3,BUA,grains,Sugar,BS-BUA-SUGAR-5KG-0121-B3,false,,,,5kg x 3,item,14250,0.16,16550,0,5,assets/rice.jpg,BUA Sugar 5kg Nigeria product pack bundle 3,Category placeholder – replace with verified product image,Estimated – verify with supplier,,,Nigeria/Imported,2026-08-10,"Stage catalogue item; verify exact pack, image and supplier price before live sale."
BUA Sugar 10kg - Bundle of 3,BUA,grains,Sugar,BS-BUA-SUGAR-10KG-0122-B3,false,,,,10kg x 3,item,27500,0.16,31900,0,5,assets/rice.jpg,BUA Sugar 10kg Nigeria product pack bundle 3,Category placeholder – replace with verified product image,Estimated – verify with supplier,,,Nigeria/Imported,2026-08-10,"Stage catalogue item; verify exact pack, image and supplier price before live sale."
BUA Sugar 25kg - Bundle of 3,BUA,grains,Sugar,BS-BUA-SUGAR-25KG-0123-B3,false,,,,25kg x 3,item,71750,0.16,83250,0,5,assets/rice.jpg,BUA Sugar 25kg Nigeria product pack bundle 3,Category placeholder – replace with verified product image,Estimated – verify with supplier,,,Nigeria/Imported,2026-08-10,"Stage catalogue item; verify exact pack, image and supplier price before live sale."
BUA Sugar 50kg - Bundle of 3,BUA,grains,Sugar,BS-BUA-SUGAR-50KG-0124-B3,false,,,,50kg x 3,item,137350,0.16,159350,0,5,assets/rice.jpg,BUA Sugar 50kg Nigeria product pack bundle 3,Category placeholder – replace with verified product image,Estimated – verify with supplier,,,Nigeria/Imported,2026-08-10,"Stage catalogue item; verify exact pack, image and supplier price before live sale."
Devon King's Vegetable Oil 500ml - Bundle of 3,Devon King's,oil,Vegetable Oil,BS-DEVON-KI-VEGETABLE-OI-500ML-0125-B3,false,,,,500ml x 3,item,2450,0.14,2800,0,5,assets/vegetable-oil.jpg,Devon King's Vegetable Oil 500ml Nigeria product pack bundle 3,Category placeholder – replace with verified product image,Estimated – verify with supplier,,,Nigeria/Imported,2026-08-10,"Stage catalogue item; verify exact pack, image and supplier price before live sale."
Devon King's Vegetable Oil 1L - Bundle of 3,Devon King's,oil,Vegetable Oil,BS-DEVON-KI-VEGETABLE-OI-1L-0126-B3,false,,,,1L x 3,item,5100,0.14,5800,0,5,assets/vegetable-oil.jpg,Devon King's Vegetable Oil 1L Nigeria product pack bundle 3,Category placeholder – replace with verified product image,Estimated – verify with supplier,,,Nigeria/Imported,2026-08-10,"Stage catalogue item; verify exact pack, image and supplier price before live sale."
Devon King's Vegetable Oil 2L - Bundle of 3,Devon King's,oil,Vegetable Oil,BS-DEVON-KI-VEGETABLE-OI-2L-0127-B3,false,,,,2L x 3,item,9600,0.14,10950,0,5,assets/vegetable-oil.jpg,Devon King's Vegetable Oil 2L Nigeria product pack bundle 3,Category placeholder – replace with verified product image,Estimated – verify with supplier,,,Nigeria/Imported,2026-08-10,"Stage catalogue item; verify exact pack, image and supplier price before live sale."
Devon King's Vegetable Oil 3L - Bundle of 3,Devon King's,oil,Vegetable Oil,BS-DEVON-KI-VEGETABLE-OI-3L-0128-B3,false,,,,3L x 3,item,17000,0.14,19400,0,5,assets/vegetable-oil.jpg,Devon King's Vegetable Oil 3L Nigeria product pack bundle 3,Category placeholder – replace with verified product image,Estimated – verify with supplier,,,Nigeria/Imported,2026-08-10,"Stage catalogue item; verify exact pack, image and supplier price before live sale."
Devon King's Vegetable Oil 5L - Bundle of 3,Devon King's,oil,Vegetable Oil,BS-DEVON-KI-VEGETABLE-OI-5L-0129-B3,false,,,,5L x 3,item,28250,0.14,32200,0,5,assets/vegetable-oil.jpg,Devon King's Vegetable Oil 5L Nigeria product pack bundle 3,Category placeholder – replace with verified product image,Estimated – verify with supplier,,,Nigeria/Imported,2026-08-10,"Stage catalogue item; verify exact pack, image and supplier price before live sale."
Devon King's Vegetable Oil 25L - Bundle of 3,Devon King's,oil,Vegetable Oil,BS-DEVON-KI-VEGETABLE-OI-25L-0130-B3,false,,,,25L x 3,item,140100,0.14,159700,0,5,assets/vegetable-oil.jpg,Devon King's Vegetable Oil 25L Nigeria product pack bundle 3,Category placeholder – replace with verified product image,Estimated – verify with supplier,,,Nigeria/Imported,2026-08-10,"Stage catalogue item; verify exact pack, image and supplier price before live sale."
Power Oil Vegetable Oil 500ml - Bundle of 3,Power Oil,oil,Vegetable Oil,BS-POWER-OI-VEGETABLE-OI-500ML-0131-B3,false,,,,500ml x 3,item,2750,0.14,3150,0,5,assets/vegetable-oil.jpg,Power Oil Vegetable Oil 500ml Nigeria product pack bundle 3,Category placeholder – replace with verified product image,Estimated – verify with supplier,,,Nigeria/Imported,2026-08-10,"Stage catalogue item; verify exact pack, image and supplier price before live sale."
Power Oil Vegetable Oil 750ml - Bundle of 3,Power Oil,oil,Vegetable Oil,BS-POWER-OI-VEGETABLE-OI-750ML-0132-B3,false,,,,750ml x 3,item,3950,0.14,4500,0,5,assets/vegetable-oil.jpg,Power Oil Vegetable Oil 750ml Nigeria product pack bundle 3,Category placeholder – replace with verified product image,Estimated – verify with supplier,,,Nigeria/Imported,2026-08-10,"Stage catalogue item; verify exact pack, image and supplier price before live sale."
Power Oil Vegetable Oil 1L - Bundle of 3,Power Oil,oil,Vegetable Oil,BS-POWER-OI-VEGETABLE-OI-1L-0133-B3,false,,,,1L x 3,item,5950,0.14,6800,0,5,assets/vegetable-oil.jpg,Power Oil Vegetable Oil 1L Nigeria product pack bundle 3,Category placeholder – replace with verified product image,Estimated – verify with supplier,,,Nigeria/Imported,2026-08-10,"Stage catalogue item; verify exact pack, image and supplier price before live sale."
Power Oil Vegetable Oil 2L - Bundle of 3,Power Oil,oil,Vegetable Oil,BS-POWER-OI-VEGETABLE-OI-2L-0134-B3,false,,,,2L x 3,item,12100,0.14,13800,0,5,assets/vegetable-oil.jpg,Power Oil Vegetable Oil 2L Nigeria product pack bundle 3,Category placeholder – replace with verified product image,Estimated – verify with supplier,,,Nigeria/Imported,2026-08-10,"Stage catalogue item; verify exact pack, image and supplier price before live sale."
Power Oil Vegetable Oil 3L - Bundle of 3,Power Oil,oil,Vegetable Oil,BS-POWER-OI-VEGETABLE-OI-3L-0135-B3,false,,,,3L x 3,item,15550,0.14,17750,0,5,assets/vegetable-oil.jpg,Power Oil Vegetable Oil 3L Nigeria product pack bundle 3,Category placeholder – replace with verified product image,Estimated – verify with supplier,,,Nigeria/Imported,2026-08-10,"Stage catalogue item; verify exact pack, image and supplier price before live sale."
Power Oil Vegetable Oil 5L - Bundle of 3,Power Oil,oil,Vegetable Oil,BS-POWER-OI-VEGETABLE-OI-5L-0136-B3,false,,,,5L x 3,item,27800,0.14,31700,0,5,assets/vegetable-oil.jpg,Power Oil Vegetable Oil 5L Nigeria product pack bundle 3,Category placeholder – replace with verified product image,Estimated – verify with supplier,,,Nigeria/Imported,2026-08-10,"Stage catalogue item; verify exact pack, image and supplier price before live sale."
Mamador Vegetable Oil 500ml - Bundle of 3,Mamador,oil,Vegetable Oil,BS-MAMADOR-VEGETABLE-OI-500ML-0137-B3,false,,,,500ml x 3,item,2600,0.14,2950,0,5,assets/vegetable-oil.jpg,Mamador Vegetable Oil 500ml Nigeria product pack bundle 3,Category placeholder – replace with verified product image,Estimated – verify with supplier,,,Nigeria/Imported,2026-08-10,"Stage catalogue item; verify exact pack, image and supplier price before live sale."
Mamador Vegetable Oil 1L - Bundle of 3,Mamador,oil,Vegetable Oil,BS-MAMADOR-VEGETABLE-OI-1L-0138-B3,false,,,,1L x 3,item,5950,0.14,6800,0,5,assets/vegetable-oil.jpg,Mamador Vegetable Oil 1L Nigeria product pack bundle 3,Category placeholder – replace with verified product image,Estimated – verify with supplier,,,Nigeria/Imported,2026-08-10,"Stage catalogue item; verify exact pack, image and supplier price before live sale."
Mamador Vegetable Oil 2L - Bundle of 3,Mamador,oil,Vegetable Oil,BS-MAMADOR-VEGETABLE-OI-2L-0139-B3,false,,,,2L x 3,item,12100,0.14,13800,0,5,assets/vegetable-oil.jpg,Mamador Vegetable Oil 2L Nigeria product pack bundle 3,Category placeholder – replace with verified product image,Estimated – verify with supplier,,,Nigeria/Imported,2026-08-10,"Stage catalogue item; verify exact pack, image and supplier price before live sale."
Mamador Vegetable Oil 3L - Bundle of 3,Mamador,oil,Vegetable Oil,BS-MAMADOR-VEGETABLE-OI-3L-0140-B3,false,,,,3L x 3,item,16000,0.14,18250,0,5,assets/vegetable-oil.jpg,Mamador Vegetable Oil 3L Nigeria product pack bundle 3,Category placeholder – replace with verified product image,Estimated – verify with supplier,,,Nigeria/Imported,2026-08-10,"Stage catalogue item; verify exact pack, image and supplier price before live sale."
Mamador Vegetable Oil 4L - Bundle of 3,Mamador,oil,Vegetable Oil,BS-MAMADOR-VEGETABLE-OI-4L-0141-B3,false,,,,4L x 3,item,22850,0.14,26050,0,5,assets/vegetable-oil.jpg,Mamador Vegetable Oil 4L Nigeria product pack bundle 3,Category placeholder – replace with verified product image,Estimated – verify with supplier,,,Nigeria/Imported,2026-08-10,"Stage catalogue item; verify exact pack, image and supplier price before live sale."
Mamador Vegetable Oil 5L - Bundle of 3,Mamador,oil,Vegetable Oil,BS-MAMADOR-VEGETABLE-OI-5L-0142-B3,false,,,,5L x 3,item,28950,0.14,33000,0,5,assets/vegetable-oil.jpg,Mamador Vegetable Oil 5L Nigeria product pack bundle 3,Category placeholder – replace with verified product image,Estimated – verify with supplier,,,Nigeria/Imported,2026-08-10,"Stage catalogue item; verify exact pack, image and supplier price before live sale."
Kings Vegetable Oil 500ml - Bundle of 3,Kings,oil,Vegetable Oil,BS-KINGS-VEGETABLE-OI-500ML-0143-B3,false,,,,500ml x 3,item,2450,0.14,2800,0,5,assets/vegetable-oil.jpg,Kings Vegetable Oil 500ml Nigeria product pack bundle 3,Category placeholder – replace with verified product image,Estimated – verify with supplier,,,Nigeria/Imported,2026-08-10,"Stage catalogue item; verify exact pack, image and supplier price before live sale."
Kings Vegetable Oil 1L - Bundle of 3,Kings,oil,Vegetable Oil,BS-KINGS-VEGETABLE-OI-1L-0144-B3,false,,,,1L x 3,item,5550,0.14,6350,0,5,assets/vegetable-oil.jpg,Kings Vegetable Oil 1L Nigeria product pack bundle 3,Category placeholder – replace with verified product image,Estimated – verify with supplier,,,Nigeria/Imported,2026-08-10,"Stage catalogue item; verify exact pack, image and supplier price before live sale."
Kings Vegetable Oil 2L - Bundle of 3,Kings,oil,Vegetable Oil,BS-KINGS-VEGETABLE-OI-2L-0145-B3,false,,,,2L x 3,item,10200,0.14,11650,0,5,assets/vegetable-oil.jpg,Kings Vegetable Oil 2L Nigeria product pack bundle 3,Category placeholder – replace with verified product image,Estimated – verify with supplier,,,Nigeria/Imported,2026-08-10,"Stage catalogue item; verify exact pack, image and supplier price before live sale."
Kings Vegetable Oil 3L - Bundle of 3,Kings,oil,Vegetable Oil,BS-KINGS-VEGETABLE-OI-3L-0146-B3,false,,,,3L x 3,item,14700,0.14,16750,0,5,assets/vegetable-oil.jpg,Kings Vegetable Oil 3L Nigeria product pack bundle 3,Category placeholder – replace with verified product image,Estimated – verify with supplier,,,Nigeria/Imported,2026-08-10,"Stage catalogue item; verify exact pack, image and supplier price before live sale."
Kings Vegetable Oil 5L - Bundle of 3,Kings,oil,Vegetable Oil,BS-KINGS-VEGETABLE-OI-5L-0147-B3,false,,,,5L x 3,item,25900,0.14,29550,0,5,assets/vegetable-oil.jpg,Kings Vegetable Oil 5L Nigeria product pack bundle 3,Category placeholder – replace with verified product image,Estimated – verify with supplier,,,Nigeria/Imported,2026-08-10,"Stage catalogue item; verify exact pack, image and supplier price before live sale."
Palm Oil 500ml - Bundle of 3,Generic,oil,Palm Oil,BS-GENERIC-PALM-OIL-500ML-0148-B3,false,,,,500ml x 3,item,2600,0.14,2950,0,5,assets/vegetable-oil.jpg,Generic Palm Oil 500ml Nigeria product pack bundle 3,Category placeholder – replace with verified product image,Estimated – verify with supplier,,,Nigeria/Imported,2026-08-10,"Stage catalogue item; verify exact pack, image and supplier price before live sale."
Palm Oil 1L - Bundle of 3,Generic,oil,Palm Oil,BS-GENERIC-PALM-OIL-1L-0149-B3,false,,,,1L x 3,item,4800,0.14,5450,0,5,assets/vegetable-oil.jpg,Generic Palm Oil 1L Nigeria product pack bundle 3,Category placeholder – replace with verified product image,Estimated – verify with supplier,,,Nigeria/Imported,2026-08-10,"Stage catalogue item; verify exact pack, image and supplier price before live sale."
Palm Oil 2L - Bundle of 3,Generic,oil,Palm Oil,BS-GENERIC-PALM-OIL-2L-0150-B3,false,,,,2L x 3,item,9600,0.14,10950,0,5,assets/vegetable-oil.jpg,Generic Palm Oil 2L Nigeria product pack bundle 3,Category placeholder – replace with verified product image,Estimated – verify with supplier,,,Nigeria/Imported,2026-08-10,"Stage catalogue item; verify exact pack, image and supplier price before live sale."
Palm Oil 4L - Bundle of 3,Generic,oil,Palm Oil,BS-GENERIC-PALM-OIL-4L-0151-B3,false,,,,4L x 3,item,21700,0.14,24750,0,5,assets/vegetable-oil.jpg,Generic Palm Oil 4L Nigeria product pack bundle 3,Category placeholder – replace with verified product image,Estimated – verify with supplier,,,Nigeria/Imported,2026-08-10,"Stage catalogue item; verify exact pack, image and supplier price before live sale."
Palm Oil 5L - Bundle of 3,Generic,oil,Palm Oil,BS-GENERIC-PALM-OIL-5L-0152-B3,false,,,,5L x 3,item,25600,0.14,29200,0,5,assets/vegetable-oil.jpg,Generic Palm Oil 5L Nigeria product pack bundle 3,Category placeholder – replace with verified product image,Estimated – verify with supplier,,,Nigeria/Imported,2026-08-10,"Stage catalogue item; verify exact pack, image and supplier price before live sale."
Palm Oil 25L - Bundle of 3,Generic,oil,Palm Oil,BS-GENERIC-PALM-OIL-25L-0153-B3,false,,,,25L x 3,item,123550,0.14,140850,0,5,assets/vegetable-oil.jpg,Generic Palm Oil 25L Nigeria product pack bundle 3,Category placeholder – replace with verified product image,Estimated – verify with supplier,,,Nigeria/Imported,2026-08-10,"Stage catalogue item; verify exact pack, image and supplier price before live sale."
Blue Band Margarine 250g - Bundle of 3,Blue Band,oil,Margarine,BS-BLUE-BAN-MARGARINE-250G-0154-B3,false,,,,250g x 3,item,1150,0.14,1300,0,5,assets/vegetable-oil.jpg,Blue Band Margarine 250g Nigeria product pack bundle 3,Category placeholder – replace with verified product image,Estimated – verify with supplier,,,Nigeria/Imported,2026-08-10,"Stage catalogue item; verify exact pack, image and supplier price before live sale."
Blue Band Margarine 500g - Bundle of 3,Blue Band,oil,Margarine,BS-BLUE-BAN-MARGARINE-500G-0155-B3,false,,,,500g x 3,item,2200,0.14,2500,0,5,assets/vegetable-oil.jpg,Blue Band Margarine 500g Nigeria product pack bundle 3,Category placeholder – replace with verified product image,Estimated – verify with supplier,,,Nigeria/Imported,2026-08-10,"Stage catalogue item; verify exact pack, image and supplier price before live sale."
Blue Band Margarine 900g - Bundle of 3,Blue Band,oil,Margarine,BS-BLUE-BAN-MARGARINE-900G-0156-B3,false,,,,900g x 3,item,4050,0.14,4600,0,5,assets/vegetable-oil.jpg,Blue Band Margarine 900g Nigeria product pack bundle 3,Category placeholder – replace with verified product image,Estimated – verify with supplier,,,Nigeria/Imported,2026-08-10,"Stage catalogue item; verify exact pack, image and supplier price before live sale."
President Butter 200g - Bundle of 3,President,oil,Butter,BS-PRESIDEN-BUTTER-200G-0157-B3,false,,,,200g x 3,item,2350,0.14,2700,0,5,assets/vegetable-oil.jpg,President Butter 200g Nigeria product pack bundle 3,Category placeholder – replace with verified product image,Estimated – verify with supplier,,,Nigeria/Imported,2026-08-10,"Stage catalogue item; verify exact pack, image and supplier price before live sale."
President Butter 250g - Bundle of 3,President,oil,Butter,BS-PRESIDEN-BUTTER-250G-0158-B3,false,,,,250g x 3,item,3200,0.14,3650,0,5,assets/vegetable-oil.jpg,President Butter 250g Nigeria product pack bundle 3,Category placeholder – replace with verified product image,Estimated – verify with supplier,,,Nigeria/Imported,2026-08-10,"Stage catalogue item; verify exact pack, image and supplier price before live sale."
President Butter 500g - Bundle of 3,President,oil,Butter,BS-PRESIDEN-BUTTER-500G-0159-B3,false,,,,500g x 3,item,5800,0.14,6600,0,5,assets/vegetable-oil.jpg,President Butter 500g Nigeria product pack bundle 3,Category placeholder – replace with verified product image,Estimated – verify with supplier,,,Nigeria/Imported,2026-08-10,"Stage catalogue item; verify exact pack, image and supplier price before live sale."
Maggi Seasoning Cubes Chicken 100g - Bundle of 3,Maggi,spices,Seasoning Cubes Chicken,BS-MAGGI-SEASONING-CU-100G-0160-B3,false,,,,100g x 3,item,450,0.22,550,0,5,assets/tomato-paste.jpg,Maggi Seasoning Cubes Chicken 100g Nigeria product pack bundle 3,Category placeholder – replace with verified product image,Estimated – verify with supplier,,,Nigeria/Imported,2026-08-10,"Stage catalogue item; verify exact pack, image and supplier price before live sale."
Maggi Seasoning Cubes Chicken 400g - Bundle of 3,Maggi,spices,Seasoning Cubes Chicken,BS-MAGGI-SEASONING-CU-400G-0161-B3,false,,,,400g x 3,item,1300,0.22,1600,0,5,assets/tomato-paste.jpg,Maggi Seasoning Cubes Chicken 400g Nigeria product pack bundle 3,Category placeholder – replace with verified product image,Estimated – verify with supplier,,,Nigeria/Imported,2026-08-10,"Stage catalogue item; verify exact pack, image and supplier price before live sale."
Maggi Seasoning Cubes Chicken 1kg - Bundle of 3,Maggi,spices,Seasoning Cubes Chicken,BS-MAGGI-SEASONING-CU-1KG-0162-B3,false,,,,1kg x 3,item,3650,0.22,4450,0,5,assets/tomato-paste.jpg,Maggi Seasoning Cubes Chicken 1kg Nigeria product pack bundle 3,Category placeholder – replace with verified product image,Estimated – verify with supplier,,,Nigeria/Imported,2026-08-10,"Stage catalogue item; verify exact pack, image and supplier price before live sale."
Knorr Seasoning Cubes Chicken 100g - Bundle of 3,Knorr,spices,Seasoning Cubes Chicken,BS-KNORR-SEASONING-CU-100G-0163-B3,false,,,,100g x 3,item,450,0.22,550,0,5,assets/tomato-paste.jpg,Knorr Seasoning Cubes Chicken 100g Nigeria product pack bundle 3,Category placeholder – replace with verified product image,Estimated – verify with supplier,,,Nigeria/Imported,2026-08-10,"Stage catalogue item; verify exact pack, image and supplier price before live sale."
Knorr Seasoning Cubes Chicken 400g - Bundle of 3,Knorr,spices,Seasoning Cubes Chicken,BS-KNORR-SEASONING-CU-400G-0164-B3,false,,,,400g x 3,item,1600,0.22,1950,0,5,assets/tomato-paste.jpg,Knorr Seasoning Cubes Chicken 400g Nigeria product pack bundle 3,Category placeholder – replace with verified product image,Estimated – verify with supplier,,,Nigeria/Imported,2026-08-10,"Stage catalogue item; verify exact pack, image and supplier price before live sale."
Knorr Seasoning Cubes Chicken 1kg - Bundle of 3,Knorr,spices,Seasoning Cubes Chicken,BS-KNORR-SEASONING-CU-1KG-0165-B3,false,,,,1kg x 3,item,4050,0.22,4950,0,5,assets/tomato-paste.jpg,Knorr Seasoning Cubes Chicken 1kg Nigeria product pack bundle 3,Category placeholder – replace with verified product image,Estimated – verify with supplier,,,Nigeria/Imported,2026-08-10,"Stage catalogue item; verify exact pack, image and supplier price before live sale."
Onga Seasoning Powder 50g - Bundle of 3,Onga,spices,Seasoning Powder,BS-ONGA-SEASONING-PO-50G-0166-B3,false,,,,50g x 3,item,450,0.22,550,0,5,assets/tomato-paste.jpg,Onga Seasoning Powder 50g Nigeria product pack bundle 3,Category placeholder – replace with verified product image,Estimated – verify with supplier,,,Nigeria/Imported,2026-08-10,"Stage catalogue item; verify exact pack, image and supplier price before live sale."
Onga Seasoning Powder 100g - Bundle of 3,Onga,spices,Seasoning Powder,BS-ONGA-SEASONING-PO-100G-0167-B3,false,,,,100g x 3,item,450,0.22,550,0,5,assets/tomato-paste.jpg,Onga Seasoning Powder 100g Nigeria product pack bundle 3,Category placeholder – replace with verified product image,Estimated – verify with supplier,,,Nigeria/Imported,2026-08-10,"Stage catalogue item; verify exact pack, image and supplier price before live sale."
Onga Seasoning Powder 400g - Bundle of 3,Onga,spices,Seasoning Powder,BS-ONGA-SEASONING-PO-400G-0168-B3,false,,,,400g x 3,item,750,0.22,900,0,5,assets/tomato-paste.jpg,Onga Seasoning Powder 400g Nigeria product pack bundle 3,Category placeholder – replace with verified product image,Estimated – verify with supplier,,,Nigeria/Imported,2026-08-10,"Stage catalogue item; verify exact pack, image and supplier price before live sale."
Lion Curry Powder 50g - Bundle of 3,Lion,spices,Curry Powder,BS-LION-CURRY-POWDER-50G-0169-B3,false,,,,50g x 3,item,450,0.22,550,0,5,assets/tomato-paste.jpg,Lion Curry Powder 50g Nigeria product pack bundle 3,Category placeholder – replace with verified product image,Estimated – verify with supplier,,,Nigeria/Imported,2026-08-10,"Stage catalogue item; verify exact pack, image and supplier price before live sale."
Lion Curry Powder 100g - Bundle of 3,Lion,spices,Curry Powder,BS-LION-CURRY-POWDER-100G-0170-B3,false,,,,100g x 3,item,450,0.22,550,0,5,assets/tomato-paste.jpg,Lion Curry Powder 100g Nigeria product pack bundle 3,Category placeholder – replace with verified product image,Estimated – verify with supplier,,,Nigeria/Imported,2026-08-10,"Stage catalogue item; verify exact pack, image and supplier price before live sale."
Lion Curry Powder 250g - Bundle of 3,Lion,spices,Curry Powder,BS-LION-CURRY-POWDER-250G-0171-B3,false,,,,250g x 3,item,450,0.22,550,0,5,assets/tomato-paste.jpg,Lion Curry Powder 250g Nigeria product pack bundle 3,Category placeholder – replace with verified product image,Estimated – verify with supplier,,,Nigeria/Imported,2026-08-10,"Stage catalogue item; verify exact pack, image and supplier price before live sale."
Lion Thyme 20g - Bundle of 3,Lion,spices,Thyme,BS-LION-THYME-20G-0172-B3,false,,,,20g x 3,item,450,0.22,550,0,5,assets/tomato-paste.jpg,Lion Thyme 20g Nigeria product pack bundle 3,Category placeholder – replace with verified product image,Estimated – verify with supplier,,,Nigeria/Imported,2026-08-10,"Stage catalogue item; verify exact pack, image and supplier price before live sale."
Lion Thyme 50g - Bundle of 3,Lion,spices,Thyme,BS-LION-THYME-50G-0173-B3,false,,,,50g x 3,item,450,0.22,550,0,5,assets/tomato-paste.jpg,Lion Thyme 50g Nigeria product pack bundle 3,Category placeholder – replace with verified product image,Estimated – verify with supplier,,,Nigeria/Imported,2026-08-10,"Stage catalogue item; verify exact pack, image and supplier price before live sale."
Lion Thyme 100g - Bundle of 3,Lion,spices,Thyme,BS-LION-THYME-100G-0174-B3,false,,,,100g x 3,item,450,0.22,550,0,5,assets/tomato-paste.jpg,Lion Thyme 100g Nigeria product pack bundle 3,Category placeholder – replace with verified product image,Estimated – verify with supplier,,,Nigeria/Imported,2026-08-10,"Stage catalogue item; verify exact pack, image and supplier price before live sale."
Gino Tomato Paste 70g - Bundle of 3,Gino,spices,Tomato Paste,BS-GINO-TOMATO-PASTE-70G-0175-B3,false,,,,70g x 3,item,450,0.22,550,0,5,assets/tomato-paste.jpg,Gino Tomato Paste 70g Nigeria product pack bundle 3,Category placeholder – replace with verified product image,Estimated – verify with supplier,,,Nigeria/Imported,2026-08-10,"Stage catalogue item; verify exact pack, image and supplier price before live sale."
Gino Tomato Paste 210g - Bundle of 3,Gino,spices,Tomato Paste,BS-GINO-TOMATO-PASTE-210G-0176-B3,false,,,,210g x 3,item,450,0.22,550,0,5,assets/tomato-paste.jpg,Gino Tomato Paste 210g Nigeria product pack bundle 3,Category placeholder – replace with verified product image,Estimated – verify with supplier,,,Nigeria/Imported,2026-08-10,"Stage catalogue item; verify exact pack, image and supplier price before live sale."
Gino Tomato Paste 400g - Bundle of 3,Gino,spices,Tomato Paste,BS-GINO-TOMATO-PASTE-400G-0177-B3,false,,,,400g x 3,item,450,0.22,550,0,5,assets/tomato-paste.jpg,Gino Tomato Paste 400g Nigeria product pack bundle 3,Category placeholder – replace with verified product image,Estimated – verify with supplier,,,Nigeria/Imported,2026-08-10,"Stage catalogue item; verify exact pack, image and supplier price before live sale."
Gino Tomato Paste 850g - Bundle of 3,Gino,spices,Tomato Paste,BS-GINO-TOMATO-PASTE-850G-0178-B3,false,,,,850g x 3,item,850,0.22,1050,0,5,assets/tomato-paste.jpg,Gino Tomato Paste 850g Nigeria product pack bundle 3,Category placeholder – replace with verified product image,Estimated – verify with supplier,,,Nigeria/Imported,2026-08-10,"Stage catalogue item; verify exact pack, image and supplier price before live sale."
Gino Tomato Paste 70g x 50 - Bundle of 3,Gino,spices,Tomato Paste,BS-GINO-TOMATO-PASTE-70G-X-50-0179-B3,false,,,,70g x 50 x 3,item,3500,0.22,4250,0,5,assets/tomato-paste.jpg,Gino Tomato Paste 70g x 50 Nigeria product pack bundle 3,Category placeholder – replace with verified product image,Estimated – verify with supplier,,,Nigeria/Imported,2026-08-10,"Stage catalogue item; verify exact pack, image and supplier price before live sale."
Tasty Tom Tomato Paste 70g - Bundle of 3,Tasty Tom,spices,Tomato Paste,BS-TASTY-TO-TOMATO-PASTE-70G-0180-B3,false,,,,70g x 3,item,450,0.22,550,0,5,assets/tomato-paste.jpg,Tasty Tom Tomato Paste 70g Nigeria product pack bundle 3,Category placeholder – replace with verified product image,Estimated – verify with supplier,,,Nigeria/Imported,2026-08-10,"Stage catalogue item; verify exact pack, image and supplier price before live sale."
Tasty Tom Tomato Paste 210g - Bundle of 3,Tasty Tom,spices,Tomato Paste,BS-TASTY-TO-TOMATO-PASTE-210G-0181-B3,false,,,,210g x 3,item,450,0.22,550,0,5,assets/tomato-paste.jpg,Tasty Tom Tomato Paste 210g Nigeria product pack bundle 3,Category placeholder – replace with verified product image,Estimated – verify with supplier,,,Nigeria/Imported,2026-08-10,"Stage catalogue item; verify exact pack, image and supplier price before live sale."
Tasty Tom Tomato Paste 400g - Bundle of 3,Tasty Tom,spices,Tomato Paste,BS-TASTY-TO-TOMATO-PASTE-400G-0182-B3,false,,,,400g x 3,item,450,0.22,550,0,5,assets/tomato-paste.jpg,Tasty Tom Tomato Paste 400g Nigeria product pack bundle 3,Category placeholder – replace with verified product image,Estimated – verify with supplier,,,Nigeria/Imported,2026-08-10,"Stage catalogue item; verify exact pack, image and supplier price before live sale."
Tasty Tom Tomato Paste 850g - Bundle of 3,Tasty Tom,spices,Tomato Paste,BS-TASTY-TO-TOMATO-PASTE-850G-0183-B3,false,,,,850g x 3,item,1000,0.22,1200,0,5,assets/tomato-paste.jpg,Tasty Tom Tomato Paste 850g Nigeria product pack bundle 3,Category placeholder – replace with verified product image,Estimated – verify with supplier,,,Nigeria/Imported,2026-08-10,"Stage catalogue item; verify exact pack, image and supplier price before live sale."
Tasty Tom Tomato Paste 70g x 50 - Bundle of 3,Tasty Tom,spices,Tomato Paste,BS-TASTY-TO-TOMATO-PASTE-70G-X-50-0184-B3,false,,,,70g x 50 x 3,item,3350,0.22,4100,0,5,assets/tomato-paste.jpg,Tasty Tom Tomato Paste 70g x 50 Nigeria product pack bundle 3,Category placeholder – replace with verified product image,Estimated – verify with supplier,,,Nigeria/Imported,2026-08-10,"Stage catalogue item; verify exact pack, image and supplier price before live sale."
De Rica Tomato Paste 70g - Bundle of 3,De Rica,spices,Tomato Paste,BS-DE-RICA-TOMATO-PASTE-70G-0185-B3,false,,,,70g x 3,item,450,0.22,550,0,5,assets/tomato-paste.jpg,De Rica Tomato Paste 70g Nigeria product pack bundle 3,Category placeholder – replace with verified product image,Estimated – verify with supplier,,,Nigeria/Imported,2026-08-10,"Stage catalogue item; verify exact pack, image and supplier price before live sale."
De Rica Tomato Paste 210g - Bundle of 3,De Rica,spices,Tomato Paste,BS-DE-RICA-TOMATO-PASTE-210G-0186-B3,false,,,,210g x 3,item,450,0.22,550,0,5,assets/tomato-paste.jpg,De Rica Tomato Paste 210g Nigeria product pack bundle 3,Category placeholder – replace with verified product image,Estimated – verify with supplier,,,Nigeria/Imported,2026-08-10,"Stage catalogue item; verify exact pack, image and supplier price before live sale."
De Rica Tomato Paste 400g - Bundle of 3,De Rica,spices,Tomato Paste,BS-DE-RICA-TOMATO-PASTE-400G-0187-B3,false,,,,400g x 3,item,450,0.22,550,0,5,assets/tomato-paste.jpg,De Rica Tomato Paste 400g Nigeria product pack bundle 3,Category placeholder – replace with verified product image,Estimated – verify with supplier,,,Nigeria/Imported,2026-08-10,"Stage catalogue item; verify exact pack, image and supplier price before live sale."
De Rica Tomato Paste 850g - Bundle of 3,De Rica,spices,Tomato Paste,BS-DE-RICA-TOMATO-PASTE-850G-0188-B3,false,,,,850g x 3,item,850,0.22,1050,0,5,assets/tomato-paste.jpg,De Rica Tomato Paste 850g Nigeria product pack bundle 3,Category placeholder – replace with verified product image,Estimated – verify with supplier,,,Nigeria/Imported,2026-08-10,"Stage catalogue item; verify exact pack, image and supplier price before live sale."
Gino Jollof Mix 70g - Bundle of 3,Gino,spices,Jollof Mix,BS-GINO-JOLLOF-MIX-70G-0189-B3,false,,,,70g x 3,item,450,0.22,550,0,5,assets/tomato-paste.jpg,Gino Jollof Mix 70g Nigeria product pack bundle 3,Category placeholder – replace with verified product image,Estimated – verify with supplier,,,Nigeria/Imported,2026-08-10,"Stage catalogue item; verify exact pack, image and supplier price before live sale."
Gino Jollof Mix 210g - Bundle of 3,Gino,spices,Jollof Mix,BS-GINO-JOLLOF-MIX-210G-0190-B3,false,,,,210g x 3,item,450,0.22,550,0,5,assets/tomato-paste.jpg,Gino Jollof Mix 210g Nigeria product pack bundle 3,Category placeholder – replace with verified product image,Estimated – verify with supplier,,,Nigeria/Imported,2026-08-10,"Stage catalogue item; verify exact pack, image and supplier price before live sale."
Gino Jollof Mix 400g - Bundle of 3,Gino,spices,Jollof Mix,BS-GINO-JOLLOF-MIX-400G-0191-B3,false,,,,400g x 3,item,450,0.22,550,0,5,assets/tomato-paste.jpg,Gino Jollof Mix 400g Nigeria product pack bundle 3,Category placeholder – replace with verified product image,Estimated – verify with supplier,,,Nigeria/Imported,2026-08-10,"Stage catalogue item; verify exact pack, image and supplier price before live sale."
Dangote Salt 250g - Bundle of 3,Dangote,spices,Salt,BS-DANGOTE-SALT-250G-0192-B3,false,,,,250g x 3,item,450,0.22,550,0,5,assets/tomato-paste.jpg,Dangote Salt 250g Nigeria product pack bundle 3,Category placeholder – replace with verified product image,Estimated – verify with supplier,,,Nigeria/Imported,2026-08-10,"Stage catalogue item; verify exact pack, image and supplier price before live sale."
Dangote Salt 500g - Bundle of 3,Dangote,spices,Salt,BS-DANGOTE-SALT-500G-0193-B3,false,,,,500g x 3,item,450,0.22,550,0,5,assets/tomato-paste.jpg,Dangote Salt 500g Nigeria product pack bundle 3,Category placeholder – replace with verified product image,Estimated – verify with supplier,,,Nigeria/Imported,2026-08-10,"Stage catalogue item; verify exact pack, image and supplier price before live sale."
Dangote Salt 1kg - Bundle of 3,Dangote,spices,Salt,BS-DANGOTE-SALT-1KG-0194-B3,false,,,,1kg x 3,item,750,0.22,900,0,5,assets/tomato-paste.jpg,Dangote Salt 1kg Nigeria product pack bundle 3,Category placeholder – replace with verified product image,Estimated – verify with supplier,,,Nigeria/Imported,2026-08-10,"Stage catalogue item; verify exact pack, image and supplier price before live sale."
Mr Chef Salt 250g - Bundle of 3,Mr Chef,spices,Salt,BS-MR-CHEF-SALT-250G-0195-B3,false,,,,250g x 3,item,450,0.22,550,0,5,assets/tomato-paste.jpg,Mr Chef Salt 250g Nigeria product pack bundle 3,Category placeholder – replace with verified product image,Estimated – verify with supplier,,,Nigeria/Imported,2026-08-10,"Stage catalogue item; verify exact pack, image and supplier price before live sale."
Mr Chef Salt 500g - Bundle of 3,Mr Chef,spices,Salt,BS-MR-CHEF-SALT-500G-0196-B3,false,,,,500g x 3,item,450,0.22,550,0,5,assets/tomato-paste.jpg,Mr Chef Salt 500g Nigeria product pack bundle 3,Category placeholder – replace with verified product image,Estimated – verify with supplier,,,Nigeria/Imported,2026-08-10,"Stage catalogue item; verify exact pack, image and supplier price before live sale."
Mr Chef Salt 1kg - Bundle of 3,Mr Chef,spices,Salt,BS-MR-CHEF-SALT-1KG-0197-B3,false,,,,1kg x 3,item,750,0.22,900,0,5,assets/tomato-paste.jpg,Mr Chef Salt 1kg Nigeria product pack bundle 3,Category placeholder – replace with verified product image,Estimated – verify with supplier,,,Nigeria/Imported,2026-08-10,"Stage catalogue item; verify exact pack, image and supplier price before live sale."
Ground Pepper 50g - Bundle of 3,Generic,spices,Ground Pepper,BS-GENERIC-GROUND-PEPPE-50G-0198-B3,false,,,,50g x 3,item,450,0.22,550,0,5,assets/tomato-paste.jpg,Generic Ground Pepper 50g Nigeria product pack bundle 3,Category placeholder – replace with verified product image,Estimated – verify with supplier,,,Nigeria/Imported,2026-08-10,"Stage catalogue item; verify exact pack, image and supplier price before live sale."
Ground Pepper 100g - Bundle of 3,Generic,spices,Ground Pepper,BS-GENERIC-GROUND-PEPPE-100G-0199-B3,false,,,,100g x 3,item,450,0.22,550,0,5,assets/tomato-paste.jpg,Generic Ground Pepper 100g Nigeria product pack bundle 3,Category placeholder – replace with verified product image,Estimated – verify with supplier,,,Nigeria/Imported,2026-08-10,"Stage catalogue item; verify exact pack, image and supplier price before live sale."
Ground Pepper 250g - Bundle of 3,Generic,spices,Ground Pepper,BS-GENERIC-GROUND-PEPPE-250G-0200-B3,false,,,,250g x 3,item,750,0.22,900,0,5,assets/tomato-paste.jpg,Generic Ground Pepper 250g Nigeria product pack bundle 3,Category placeholder – replace with verified product image,Estimated – verify with supplier,,,Nigeria/Imported,2026-08-10,"Stage catalogue item; verify exact pack, image and supplier price before live sale."
Ground Pepper 500g - Bundle of 3,Generic,spices,Ground Pepper,BS-GENERIC-GROUND-PEPPE-500G-0201-B3,false,,,,500g x 3,item,1450,0.22,1750,0,5,assets/tomato-paste.jpg,Generic Ground Pepper 500g Nigeria product pack bundle 3,Category placeholder – replace with verified product image,Estimated – verify with supplier,,,Nigeria/Imported,2026-08-10,"Stage catalogue item; verify exact pack, image and supplier price before live sale."
Ground Pepper 1kg - Bundle of 3,Generic,spices,Ground Pepper,BS-GENERIC-GROUND-PEPPE-1KG-0202-B3,false,,,,1kg x 3,item,2900,0.22,3550,0,5,assets/tomato-paste.jpg,Generic Ground Pepper 1kg Nigeria product pack bundle 3,Category placeholder – replace with verified product image,Estimated – verify with supplier,,,Nigeria/Imported,2026-08-10,"Stage catalogue item; verify exact pack, image and supplier price before live sale."
Crayfish 100g - Bundle of 3,Generic,spices,Crayfish,BS-GENERIC-CRAYFISH-100G-0203-B3,false,,,,100g x 3,item,750,0.22,900,0,5,assets/tomato-paste.jpg,Generic Crayfish 100g Nigeria product pack bundle 3,Category placeholder – replace with verified product image,Estimated – verify with supplier,,,Nigeria/Imported,2026-08-10,"Stage catalogue item; verify exact pack, image and supplier price before live sale."
Crayfish 250g - Bundle of 3,Generic,spices,Crayfish,BS-GENERIC-CRAYFISH-250G-0204-B3,false,,,,250g x 3,item,1450,0.22,1750,0,5,assets/tomato-paste.jpg,Generic Crayfish 250g Nigeria product pack bundle 3,Category placeholder – replace with verified product image,Estimated – verify with supplier,,,Nigeria/Imported,2026-08-10,"Stage catalogue item; verify exact pack, image and supplier price before live sale."
Crayfish 500g - Bundle of 3,Generic,spices,Crayfish,BS-GENERIC-CRAYFISH-500G-0205-B3,false,,,,500g x 3,item,3200,0.22,3900,0,5,assets/tomato-paste.jpg,Generic Crayfish 500g Nigeria product pack bundle 3,Category placeholder – replace with verified product image,Estimated – verify with supplier,,,Nigeria/Imported,2026-08-10,"Stage catalogue item; verify exact pack, image and supplier price before live sale."
Crayfish 1kg - Bundle of 3,Generic,spices,Crayfish,BS-GENERIC-CRAYFISH-1KG-0206-B3,false,,,,1kg x 3,item,6100,0.22,7450,0,5,assets/tomato-paste.jpg,Generic Crayfish 1kg Nigeria product pack bundle 3,Category placeholder – replace with verified product image,Estimated – verify with supplier,,,Nigeria/Imported,2026-08-10,"Stage catalogue item; verify exact pack, image and supplier price before live sale."
Egusi 250g - Bundle of 3,Generic,spices,Egusi,BS-GENERIC-EGUSI-250G-0207-B3,false,,,,250g x 3,item,1750,0.22,2150,0,5,assets/tomato-paste.jpg,Generic Egusi 250g Nigeria product pack bundle 3,Category placeholder – replace with verified product image,Estimated – verify with supplier,,,Nigeria/Imported,2026-08-10,"Stage catalogue item; verify exact pack, image and supplier price before live sale."
Egusi 500g - Bundle of 3,Generic,spices,Egusi,BS-GENERIC-EGUSI-500G-0208-B3,false,,,,500g x 3,item,3200,0.22,3900,0,5,assets/tomato-paste.jpg,Generic Egusi 500g Nigeria product pack bundle 3,Category placeholder – replace with verified product image,Estimated – verify with supplier,,,Nigeria/Imported,2026-08-10,"Stage catalogue item; verify exact pack, image and supplier price before live sale."
Egusi 1kg - Bundle of 3,Generic,spices,Egusi,BS-GENERIC-EGUSI-1KG-0209-B3,false,,,,1kg x 3,item,6850,0.22,8350,0,5,assets/tomato-paste.jpg,Generic Egusi 1kg Nigeria product pack bundle 3,Category placeholder – replace with verified product image,Estimated – verify with supplier,,,Nigeria/Imported,2026-08-10,"Stage catalogue item; verify exact pack, image and supplier price before live sale."
Egusi 2kg - Bundle of 3,Generic,spices,Egusi,BS-GENERIC-EGUSI-2KG-0210-B3,false,,,,2kg x 3,item,15300,0.22,18650,0,5,assets/tomato-paste.jpg,Generic Egusi 2kg Nigeria product pack bundle 3,Category placeholder – replace with verified product image,Estimated – verify with supplier,,,Nigeria/Imported,2026-08-10,"Stage catalogue item; verify exact pack, image and supplier price before live sale."
Ogbono 100g - Bundle of 3,Generic,spices,Ogbono,BS-GENERIC-OGBONO-100G-0211-B3,false,,,,100g x 3,item,750,0.22,900,0,5,assets/tomato-paste.jpg,Generic Ogbono 100g Nigeria product pack bundle 3,Category placeholder – replace with verified product image,Estimated – verify with supplier,,,Nigeria/Imported,2026-08-10,"Stage catalogue item; verify exact pack, image and supplier price before live sale."
Ogbono 250g - Bundle of 3,Generic,spices,Ogbono,BS-GENERIC-OGBONO-250G-0212-B3,false,,,,250g x 3,item,1900,0.22,2300,0,5,assets/tomato-paste.jpg,Generic Ogbono 250g Nigeria product pack bundle 3,Category placeholder – replace with verified product image,Estimated – verify with supplier,,,Nigeria/Imported,2026-08-10,"Stage catalogue item; verify exact pack, image and supplier price before live sale."
Ogbono 500g - Bundle of 3,Generic,spices,Ogbono,BS-GENERIC-OGBONO-500G-0213-B3,false,,,,500g x 3,item,3650,0.22,4450,0,5,assets/tomato-paste.jpg,Generic Ogbono 500g Nigeria product pack bundle 3,Category placeholder – replace with verified product image,Estimated – verify with supplier,,,Nigeria/Imported,2026-08-10,"Stage catalogue item; verify exact pack, image and supplier price before live sale."
Ogbono 1kg - Bundle of 3,Generic,spices,Ogbono,BS-GENERIC-OGBONO-1KG-0214-B3,false,,,,1kg x 3,item,7300,0.22,8900,0,5,assets/tomato-paste.jpg,Generic Ogbono 1kg Nigeria product pack bundle 3,Category placeholder – replace with verified product image,Estimated – verify with supplier,,,Nigeria/Imported,2026-08-10,"Stage catalogue item; verify exact pack, image and supplier price before live sale."
Peak Powdered Milk 150g - Bundle of 3,Peak,drinks,Powdered Milk,BS-PEAK-POWDERED-MIL-150G-0215-B3,false,,,,150g x 3,item,1150,0.18,1350,0,5,assets/beverages.jpg,Peak Powdered Milk 150g Nigeria product pack bundle 3,Category placeholder – replace with verified product image,Estimated – verify with supplier,,,Nigeria/Imported,2026-08-10,"Stage catalogue item; verify exact pack, image and supplier price before live sale."
Peak Powdered Milk 360g - Bundle of 3,Peak,drinks,Powdered Milk,BS-PEAK-POWDERED-MIL-360G-0216-B3,false,,,,360g x 3,item,2750,0.18,3250,0,5,assets/beverages.jpg,Peak Powdered Milk 360g Nigeria product pack bundle 3,Category placeholder – replace with verified product image,Estimated – verify with supplier,,,Nigeria/Imported,2026-08-10,"Stage catalogue item; verify exact pack, image and supplier price before live sale."
Peak Powdered Milk 400g - Bundle of 3,Peak,drinks,Powdered Milk,BS-PEAK-POWDERED-MIL-400G-0217-B3,false,,,,400g x 3,item,2900,0.18,3400,0,5,assets/beverages.jpg,Peak Powdered Milk 400g Nigeria product pack bundle 3,Category placeholder – replace with verified product image,Estimated – verify with supplier,,,Nigeria/Imported,2026-08-10,"Stage catalogue item; verify exact pack, image and supplier price before live sale."
Peak Powdered Milk 800g - Bundle of 3,Peak,drinks,Powdered Milk,BS-PEAK-POWDERED-MIL-800G-0218-B3,false,,,,800g x 3,item,5800,0.18,6850,0,5,assets/beverages.jpg,Peak Powdered Milk 800g Nigeria product pack bundle 3,Category placeholder – replace with verified product image,Estimated – verify with supplier,,,Nigeria/Imported,2026-08-10,"Stage catalogue item; verify exact pack, image and supplier price before live sale."
Peak Powdered Milk 900g - Bundle of 3,Peak,drinks,Powdered Milk,BS-PEAK-POWDERED-MIL-900G-0219-B3,false,,,,900g x 3,item,5950,0.18,7000,0,5,assets/beverages.jpg,Peak Powdered Milk 900g Nigeria product pack bundle 3,Category placeholder – replace with verified product image,Estimated – verify with supplier,,,Nigeria/Imported,2026-08-10,"Stage catalogue item; verify exact pack, image and supplier price before live sale."
Dano Powdered Milk 150g - Bundle of 3,Dano,drinks,Powdered Milk,BS-DANO-POWDERED-MIL-150G-0220-B3,false,,,,150g x 3,item,850,0.18,1000,0,5,assets/beverages.jpg,Dano Powdered Milk 150g Nigeria product pack bundle 3,Category placeholder – replace with verified product image,Estimated – verify with supplier,,,Nigeria/Imported,2026-08-10,"Stage catalogue item; verify exact pack, image and supplier price before live sale."
Dano Powdered Milk 360g - Bundle of 3,Dano,drinks,Powdered Milk,BS-DANO-POWDERED-MIL-360G-0221-B3,false,,,,360g x 3,item,2450,0.18,2900,0,5,assets/beverages.jpg,Dano Powdered Milk 360g Nigeria product pack bundle 3,Category placeholder – replace with verified product image,Estimated – verify with supplier,,,Nigeria/Imported,2026-08-10,"Stage catalogue item; verify exact pack, image and supplier price before live sale."
Dano Powdered Milk 400g - Bundle of 3,Dano,drinks,Powdered Milk,BS-DANO-POWDERED-MIL-400G-0222-B3,false,,,,400g x 3,item,2600,0.18,3050,0,5,assets/beverages.jpg,Dano Powdered Milk 400g Nigeria product pack bundle 3,Category placeholder – replace with verified product image,Estimated – verify with supplier,,,Nigeria/Imported,2026-08-10,"Stage catalogue item; verify exact pack, image and supplier price before live sale."
Dano Powdered Milk 800g - Bundle of 3,Dano,drinks,Powdered Milk,BS-DANO-POWDERED-MIL-800G-0223-B3,false,,,,800g x 3,item,5250,0.18,6200,0,5,assets/beverages.jpg,Dano Powdered Milk 800g Nigeria product pack bundle 3,Category placeholder – replace with verified product image,Estimated – verify with supplier,,,Nigeria/Imported,2026-08-10,"Stage catalogue item; verify exact pack, image and supplier price before live sale."
Dano Powdered Milk 900g - Bundle of 3,Dano,drinks,Powdered Milk,BS-DANO-POWDERED-MIL-900G-0224-B3,false,,,,900g x 3,item,6100,0.18,7200,0,5,assets/beverages.jpg,Dano Powdered Milk 900g Nigeria product pack bundle 3,Category placeholder – replace with verified product image,Estimated – verify with supplier,,,Nigeria/Imported,2026-08-10,"Stage catalogue item; verify exact pack, image and supplier price before live sale."
Peak Evaporated Milk 160g - Bundle of 3,Peak,drinks,Evaporated Milk,BS-PEAK-EVAPORATED-M-160G-0225-B3,false,,,,160g x 3,item,450,0.18,550,0,5,assets/beverages.jpg,Peak Evaporated Milk 160g Nigeria product pack bundle 3,Category placeholder – replace with verified product image,Estimated – verify with supplier,,,Nigeria/Imported,2026-08-10,"Stage catalogue item; verify exact pack, image and supplier price before live sale."
Peak Evaporated Milk 170g x 24 - Bundle of 3,Peak,drinks,Evaporated Milk,BS-PEAK-EVAPORATED-M-170G-X-24-0226-B3,false,,,,170g x 24 x 3,item,7850,0.18,9250,0,5,assets/beverages.jpg,Peak Evaporated Milk 170g x 24 Nigeria product pack bundle 3,Category placeholder – replace with verified product image,Estimated – verify with supplier,,,Nigeria/Imported,2026-08-10,"Stage catalogue item; verify exact pack, image and supplier price before live sale."
Milo Chocolate Drink 200g - Bundle of 3,Milo,drinks,Chocolate Drink,BS-MILO-CHOCOLATE-DR-200G-0227-B3,false,,,,200g x 3,item,1450,0.18,1700,0,5,assets/beverages.jpg,Milo Chocolate Drink 200g Nigeria product pack bundle 3,Category placeholder – replace with verified product image,Estimated – verify with supplier,,,Nigeria/Imported,2026-08-10,"Stage catalogue item; verify exact pack, image and supplier price before live sale."
Milo Chocolate Drink 400g - Bundle of 3,Milo,drinks,Chocolate Drink,BS-MILO-CHOCOLATE-DR-400G-0228-B3,false,,,,400g x 3,item,3050,0.18,3600,0,5,assets/beverages.jpg,Milo Chocolate Drink 400g Nigeria product pack bundle 3,Category placeholder – replace with verified product image,Estimated – verify with supplier,,,Nigeria/Imported,2026-08-10,"Stage catalogue item; verify exact pack, image and supplier price before live sale."
Milo Chocolate Drink 800g - Bundle of 3,Milo,drinks,Chocolate Drink,BS-MILO-CHOCOLATE-DR-800G-0229-B3,false,,,,800g x 3,item,5550,0.18,6550,0,5,assets/beverages.jpg,Milo Chocolate Drink 800g Nigeria product pack bundle 3,Category placeholder – replace with verified product image,Estimated – verify with supplier,,,Nigeria/Imported,2026-08-10,"Stage catalogue item; verify exact pack, image and supplier price before live sale."
Milo Chocolate Drink 1kg - Bundle of 3,Milo,drinks,Chocolate Drink,BS-MILO-CHOCOLATE-DR-1KG-0230-B3,false,,,,1kg x 3,item,8000,0.18,9450,0,5,assets/beverages.jpg,Milo Chocolate Drink 1kg Nigeria product pack bundle 3,Category placeholder – replace with verified product image,Estimated – verify with supplier,,,Nigeria/Imported,2026-08-10,"Stage catalogue item; verify exact pack, image and supplier price before live sale."
Bournvita Chocolate Drink 200g - Bundle of 3,Bournvita,drinks,Chocolate Drink,BS-BOURNVIT-CHOCOLATE-DR-200G-0231-B3,false,,,,200g x 3,item,1300,0.18,1550,0,5,assets/beverages.jpg,Bournvita Chocolate Drink 200g Nigeria product pack bundle 3,Category placeholder – replace with verified product image,Estimated – verify with supplier,,,Nigeria/Imported,2026-08-10,"Stage catalogue item; verify exact pack, image and supplier price before live sale."
Bournvita Chocolate Drink 500g - Bundle of 3,Bournvita,drinks,Chocolate Drink,BS-BOURNVIT-CHOCOLATE-DR-500G-0232-B3,false,,,,500g x 3,item,3500,0.18,4150,0,5,assets/beverages.jpg,Bournvita Chocolate Drink 500g Nigeria product pack bundle 3,Category placeholder – replace with verified product image,Estimated – verify with supplier,,,Nigeria/Imported,2026-08-10,"Stage catalogue item; verify exact pack, image and supplier price before live sale."
Bournvita Chocolate Drink 900g - Bundle of 3,Bournvita,drinks,Chocolate Drink,BS-BOURNVIT-CHOCOLATE-DR-900G-0233-B3,false,,,,900g x 3,item,6700,0.18,7900,0,5,assets/beverages.jpg,Bournvita Chocolate Drink 900g Nigeria product pack bundle 3,Category placeholder – replace with verified product image,Estimated – verify with supplier,,,Nigeria/Imported,2026-08-10,"Stage catalogue item; verify exact pack, image and supplier price before live sale."
Lipton Tea 25 bags - Bundle of 3,Lipton,drinks,Tea,BS-LIPTON-TEA-25-BAGS-0234-B3,false,,,,25 bags x 3,item,12650,0.18,14950,0,5,assets/beverages.jpg,Lipton Tea 25 bags Nigeria product pack bundle 3,Category placeholder – replace with verified product image,Estimated – verify with supplier,,,Nigeria/Imported,2026-08-10,"Stage catalogue item; verify exact pack, image and supplier price before live sale."
Lipton Tea 50 bags - Bundle of 3,Lipton,drinks,Tea,BS-LIPTON-TEA-50-BAGS-0235-B3,false,,,,50 bags x 3,item,23300,0.18,27500,0,5,assets/beverages.jpg,Lipton Tea 50 bags Nigeria product pack bundle 3,Category placeholder – replace with verified product image,Estimated – verify with supplier,,,Nigeria/Imported,2026-08-10,"Stage catalogue item; verify exact pack, image and supplier price before live sale."
Lipton Tea 100 bags - Bundle of 3,Lipton,drinks,Tea,BS-LIPTON-TEA-100-BAGS-0236-B3,false,,,,100 bags x 3,item,45700,0.18,53950,0,5,assets/beverages.jpg,Lipton Tea 100 bags Nigeria product pack bundle 3,Category placeholder – replace with verified product image,Estimated – verify with supplier,,,Nigeria/Imported,2026-08-10,"Stage catalogue item; verify exact pack, image and supplier price before live sale."
Nescafe Coffee 50g - Bundle of 3,Nescafe,drinks,Coffee,BS-NESCAFE-COFFEE-50G-0237-B3,false,,,,50g x 3,item,450,0.18,550,0,5,assets/beverages.jpg,Nescafe Coffee 50g Nigeria product pack bundle 3,Category placeholder – replace with verified product image,Estimated – verify with supplier,,,Nigeria/Imported,2026-08-10,"Stage catalogue item; verify exact pack, image and supplier price before live sale."
Nescafe Coffee 100g - Bundle of 3,Nescafe,drinks,Coffee,BS-NESCAFE-COFFEE-100G-0238-B3,false,,,,100g x 3,item,450,0.18,550,0,5,assets/beverages.jpg,Nescafe Coffee 100g Nigeria product pack bundle 3,Category placeholder – replace with verified product image,Estimated – verify with supplier,,,Nigeria/Imported,2026-08-10,"Stage catalogue item; verify exact pack, image and supplier price before live sale."
Nescafe Coffee 200g - Bundle of 3,Nescafe,drinks,Coffee,BS-NESCAFE-COFFEE-200G-0239-B3,false,,,,200g x 3,item,1000,0.18,1200,0,5,assets/beverages.jpg,Nescafe Coffee 200g Nigeria product pack bundle 3,Category placeholder – replace with verified product image,Estimated – verify with supplier,,,Nigeria/Imported,2026-08-10,"Stage catalogue item; verify exact pack, image and supplier price before live sale."
Maltina Malt Drink 330ml - Bundle of 3,Maltina,drinks,Malt Drink,BS-MALTINA-MALT-DRINK-330ML-0240-B3,false,,,,330ml x 3,item,450,0.18,550,0,5,assets/beverages.jpg,Maltina Malt Drink 330ml Nigeria product pack bundle 3,Category placeholder – replace with verified product image,Estimated – verify with supplier,,,Nigeria/Imported,2026-08-10,"Stage catalogue item; verify exact pack, image and supplier price before live sale."
Maltina Malt Drink 330ml x 24 - Bundle of 3,Maltina,drinks,Malt Drink,BS-MALTINA-MALT-DRINK-330ML-X-24-0241-B3,false,,,,330ml x 24 x 3,item,11500,0.18,13550,0,5,assets/beverages.jpg,Maltina Malt Drink 330ml x 24 Nigeria product pack bundle 3,Category placeholder – replace with verified product image,Estimated – verify with supplier,,,Nigeria/Imported,2026-08-10,"Stage catalogue item; verify exact pack, image and supplier price before live sale."
Malta Guinness Malt Drink 330ml - Bundle of 3,Malta Guinness,drinks,Malt Drink,BS-MALTA-GU-MALT-DRINK-330ML-0242-B3,false,,,,330ml x 3,item,600,0.18,700,0,5,assets/beverages.jpg,Malta Guinness Malt Drink 330ml Nigeria product pack bundle 3,Category placeholder – replace with verified product image,Estimated – verify with supplier,,,Nigeria/Imported,2026-08-10,"Stage catalogue item; verify exact pack, image and supplier price before live sale."
Malta Guinness Malt Drink 330ml x 24 - Bundle of 3,Malta Guinness,drinks,Malt Drink,BS-MALTA-GU-MALT-DRINK-330ML-X-24-0243-B3,false,,,,330ml x 24 x 3,item,12800,0.18,15100,0,5,assets/beverages.jpg,Malta Guinness Malt Drink 330ml x 24 Nigeria product pack bundle 3,Category placeholder – replace with verified product image,Estimated – verify with supplier,,,Nigeria/Imported,2026-08-10,"Stage catalogue item; verify exact pack, image and supplier price before live sale."
Coca-Cola Soft Drink Cola 35cl - Bundle of 3,Coca-Cola,drinks,Soft Drink Cola,BS-COCA-COL-SOFT-DRINK-C-35CL-0244-B3,false,,,,35cl x 3,item,450,0.18,550,0,5,assets/beverages.jpg,Coca-Cola Soft Drink Cola 35cl Nigeria product pack bundle 3,Category placeholder – replace with verified product image,Estimated – verify with supplier,,,Nigeria/Imported,2026-08-10,"Stage catalogue item; verify exact pack, image and supplier price before live sale."
Coca-Cola Soft Drink Cola 50cl - Bundle of 3,Coca-Cola,drinks,Soft Drink Cola,BS-COCA-COL-SOFT-DRINK-C-50CL-0245-B3,false,,,,50cl x 3,item,600,0.18,700,0,5,assets/beverages.jpg,Coca-Cola Soft Drink Cola 50cl Nigeria product pack bundle 3,Category placeholder – replace with verified product image,Estimated – verify with supplier,,,Nigeria/Imported,2026-08-10,"Stage catalogue item; verify exact pack, image and supplier price before live sale."
Coca-Cola Soft Drink Cola 1L - Bundle of 3,Coca-Cola,drinks,Soft Drink Cola,BS-COCA-COL-SOFT-DRINK-C-1L-0246-B3,false,,,,1L x 3,item,1150,0.18,1350,0,5,assets/beverages.jpg,Coca-Cola Soft Drink Cola 1L Nigeria product pack bundle 3,Category placeholder – replace with verified product image,Estimated – verify with supplier,,,Nigeria/Imported,2026-08-10,"Stage catalogue item; verify exact pack, image and supplier price before live sale."
Coca-Cola Soft Drink Cola 1.5L - Bundle of 3,Coca-Cola,drinks,Soft Drink Cola,BS-COCA-COL-SOFT-DRINK-C-1-5L-0247-B3,false,,,,1.5L x 3,item,1750,0.18,2050,0,5,assets/beverages.jpg,Coca-Cola Soft Drink Cola 1.5L Nigeria product pack bundle 3,Category placeholder – replace with verified product image,Estimated – verify with supplier,,,Nigeria/Imported,2026-08-10,"Stage catalogue item; verify exact pack, image and supplier price before live sale."
Coca-Cola Soft Drink Cola 50cl x 12 - Bundle of 3,Coca-Cola,drinks,Soft Drink Cola,BS-COCA-COL-SOFT-DRINK-C-50CL-X-12-0248-B3,false,,,,50cl x 12 x 3,item,7000,0.18,8250,0,5,assets/beverages.jpg,Coca-Cola Soft Drink Cola 50cl x 12 Nigeria product pack bundle 3,Category placeholder – replace with verified product image,Estimated – verify with supplier,,,Nigeria/Imported,2026-08-10,"Stage catalogue item; verify exact pack, image and supplier price before live sale."
Fanta Soft Drink Orange 35cl - Bundle of 3,Fanta,drinks,Soft Drink Orange,BS-FANTA-SOFT-DRINK-O-35CL-0249-B3,false,,,,35cl x 3,item,450,0.18,550,0,5,assets/beverages.jpg,Fanta Soft Drink Orange 35cl Nigeria product pack bundle 3,Category placeholder – replace with verified product image,Estimated – verify with supplier,,,Nigeria/Imported,2026-08-10,"Stage catalogue item; verify exact pack, image and supplier price before live sale."
Fanta Soft Drink Orange 50cl - Bundle of 3,Fanta,drinks,Soft Drink Orange,BS-FANTA-SOFT-DRINK-O-50CL-0250-B3,false,,,,50cl x 3,item,600,0.18,700,0,5,assets/beverages.jpg,Fanta Soft Drink Orange 50cl Nigeria product pack bundle 3,Category placeholder – replace with verified product image,Estimated – verify with supplier,,,Nigeria/Imported,2026-08-10,"Stage catalogue item; verify exact pack, image and supplier price before live sale."
Fanta Soft Drink Orange 1L - Bundle of 3,Fanta,drinks,Soft Drink Orange,BS-FANTA-SOFT-DRINK-O-1L-0251-B3,false,,,,1L x 3,item,1150,0.18,1350,0,5,assets/beverages.jpg,Fanta Soft Drink Orange 1L Nigeria product pack bundle 3,Category placeholder – replace with verified product image,Estimated – verify with supplier,,,Nigeria/Imported,2026-08-10,"Stage catalogue item; verify exact pack, image and supplier price before live sale."
Fanta Soft Drink Orange 1.5L - Bundle of 3,Fanta,drinks,Soft Drink Orange,BS-FANTA-SOFT-DRINK-O-1-5L-0252-B3,false,,,,1.5L x 3,item,1900,0.18,2250,0,5,assets/beverages.jpg,Fanta Soft Drink Orange 1.5L Nigeria product pack bundle 3,Category placeholder – replace with verified product image,Estimated – verify with supplier,,,Nigeria/Imported,2026-08-10,"Stage catalogue item; verify exact pack, image and supplier price before live sale."
Fanta Soft Drink Orange 50cl x 12 - Bundle of 3,Fanta,drinks,Soft Drink Orange,BS-FANTA-SOFT-DRINK-O-50CL-X-12-0253-B3,false,,,,50cl x 12 x 3,item,6550,0.18,7750,0,5,assets/beverages.jpg,Fanta Soft Drink Orange 50cl x 12 Nigeria product pack bundle 3,Category placeholder – replace with verified product image,Estimated – verify with supplier,,,Nigeria/Imported,2026-08-10,"Stage catalogue item; verify exact pack, image and supplier price before live sale."
Sprite Soft Drink Lemon-Lime 35cl - Bundle of 3,Sprite,drinks,Soft Drink Lemon-Lime,BS-SPRITE-SOFT-DRINK-L-35CL-0254-B3,false,,,,35cl x 3,item,450,0.18,550,0,5,assets/beverages.jpg,Sprite Soft Drink Lemon-Lime 35cl Nigeria product pack bundle 3,Category placeholder – replace with verified product image,Estimated – verify with supplier,,,Nigeria/Imported,2026-08-10,"Stage catalogue item; verify exact pack, image and supplier price before live sale."
Sprite Soft Drink Lemon-Lime 50cl - Bundle of 3,Sprite,drinks,Soft Drink Lemon-Lime,BS-SPRITE-SOFT-DRINK-L-50CL-0255-B3,false,,,,50cl x 3,item,600,0.18,700,0,5,assets/beverages.jpg,Sprite Soft Drink Lemon-Lime 50cl Nigeria product pack bundle 3,Category placeholder – replace with verified product image,Estimated – verify with supplier,,,Nigeria/Imported,2026-08-10,"Stage catalogue item; verify exact pack, image and supplier price before live sale."
Sprite Soft Drink Lemon-Lime 1L - Bundle of 3,Sprite,drinks,Soft Drink Lemon-Lime,BS-SPRITE-SOFT-DRINK-L-1L-0256-B3,false,,,,1L x 3,item,1300,0.18,1550,0,5,assets/beverages.jpg,Sprite Soft Drink Lemon-Lime 1L Nigeria product pack bundle 3,Category placeholder – replace with verified product image,Estimated – verify with supplier,,,Nigeria/Imported,2026-08-10,"Stage catalogue item; verify exact pack, image and supplier price before live sale."
Sprite Soft Drink Lemon-Lime 1.5L - Bundle of 3,Sprite,drinks,Soft Drink Lemon-Lime,BS-SPRITE-SOFT-DRINK-L-1-5L-0257-B3,false,,,,1.5L x 3,item,1600,0.18,1900,0,5,assets/beverages.jpg,Sprite Soft Drink Lemon-Lime 1.5L Nigeria product pack bundle 3,Category placeholder – replace with verified product image,Estimated – verify with supplier,,,Nigeria/Imported,2026-08-10,"Stage catalogue item; verify exact pack, image and supplier price before live sale."
Sprite Soft Drink Lemon-Lime 50cl x 12 - Bundle of 3,Sprite,drinks,Soft Drink Lemon-Lime,BS-SPRITE-SOFT-DRINK-L-50CL-X-12-0258-B3,false,,,,50cl x 12 x 3,item,6700,0.18,7900,0,5,assets/beverages.jpg,Sprite Soft Drink Lemon-Lime 50cl x 12 Nigeria product pack bundle 3,Category placeholder – replace with verified product image,Estimated – verify with supplier,,,Nigeria/Imported,2026-08-10,"Stage catalogue item; verify exact pack, image and supplier price before live sale."
Chivita Fruit Juice 315ml - Bundle of 3,Chivita,drinks,Fruit Juice,BS-CHIVITA-FRUIT-JUICE-315ML-0259-B3,false,,,,315ml x 3,item,750,0.18,900,0,5,assets/beverages.jpg,Chivita Fruit Juice 315ml Nigeria product pack bundle 3,Category placeholder – replace with verified product image,Estimated – verify with supplier,,,Nigeria/Imported,2026-08-10,"Stage catalogue item; verify exact pack, image and supplier price before live sale."
Chivita Fruit Juice 1L - Bundle of 3,Chivita,drinks,Fruit Juice,BS-CHIVITA-FRUIT-JUICE-1L-0260-B3,false,,,,1L x 3,item,2900,0.18,3400,0,5,assets/beverages.jpg,Chivita Fruit Juice 1L Nigeria product pack bundle 3,Category placeholder – replace with verified product image,Estimated – verify with supplier,,,Nigeria/Imported,2026-08-10,"Stage catalogue item; verify exact pack, image and supplier price before live sale."
Five Alive Fruit Juice 350ml - Bundle of 3,Five Alive,drinks,Fruit Juice,BS-FIVE-ALI-FRUIT-JUICE-350ML-0261-B3,false,,,,350ml x 3,item,850,0.18,1000,0,5,assets/beverages.jpg,Five Alive Fruit Juice 350ml Nigeria product pack bundle 3,Category placeholder – replace with verified product image,Estimated – verify with supplier,,,Nigeria/Imported,2026-08-10,"Stage catalogue item; verify exact pack, image and supplier price before live sale."
Five Alive Fruit Juice 1L - Bundle of 3,Five Alive,drinks,Fruit Juice,BS-FIVE-ALI-FRUIT-JUICE-1L-0262-B3,false,,,,1L x 3,item,2600,0.18,3050,0,5,assets/beverages.jpg,Five Alive Fruit Juice 1L Nigeria product pack bundle 3,Category placeholder – replace with verified product image,Estimated – verify with supplier,,,Nigeria/Imported,2026-08-10,"Stage catalogue item; verify exact pack, image and supplier price before live sale."
Eva Bottled Water 75cl - Bundle of 3,Eva,drinks,Bottled Water,BS-EVA-BOTTLED-WATE-75CL-0263-B3,false,,,,75cl x 3,item,600,0.18,700,0,5,assets/beverages.jpg,Eva Bottled Water 75cl Nigeria product pack bundle 3,Category placeholder – replace with verified product image,Estimated – verify with supplier,,,Nigeria/Imported,2026-08-10,"Stage catalogue item; verify exact pack, image and supplier price before live sale."
Eva Bottled Water 1.5L - Bundle of 3,Eva,drinks,Bottled Water,BS-EVA-BOTTLED-WATE-1-5L-0264-B3,false,,,,1.5L x 3,item,1300,0.18,1550,0,5,assets/beverages.jpg,Eva Bottled Water 1.5L Nigeria product pack bundle 3,Category placeholder – replace with verified product image,Estimated – verify with supplier,,,Nigeria/Imported,2026-08-10,"Stage catalogue item; verify exact pack, image and supplier price before live sale."
Eva Bottled Water 75cl x 12 - Bundle of 3,Eva,drinks,Bottled Water,BS-EVA-BOTTLED-WATE-75CL-X-12-0265-B3,false,,,,75cl x 12 x 3,item,8450,0.18,9950,0,5,assets/beverages.jpg,Eva Bottled Water 75cl x 12 Nigeria product pack bundle 3,Category placeholder – replace with verified product image,Estimated – verify with supplier,,,Nigeria/Imported,2026-08-10,"Stage catalogue item; verify exact pack, image and supplier price before live sale."
Nestlé Pure Life Bottled Water 60cl - Bundle of 3,Nestlé Pure Life,drinks,Bottled Water,BS-NESTL-PU-BOTTLED-WATE-60CL-0266-B3,false,,,,60cl x 3,item,600,0.18,700,0,5,assets/beverages.jpg,Nestlé Pure Life Bottled Water 60cl Nigeria product pack bundle 3,Category placeholder – replace with verified product image,Estimated – verify with supplier,,,Nigeria/Imported,2026-08-10,"Stage catalogue item; verify exact pack, image and supplier price before live sale."
Nestlé Pure Life Bottled Water 1.5L - Bundle of 3,Nestlé Pure Life,drinks,Bottled Water,BS-NESTL-PU-BOTTLED-WATE-1-5L-0267-B3,false,,,,1.5L x 3,item,1300,0.18,1550,0,5,assets/beverages.jpg,Nestlé Pure Life Bottled Water 1.5L Nigeria product pack bundle 3,Category placeholder – replace with verified product image,Estimated – verify with supplier,,,Nigeria/Imported,2026-08-10,"Stage catalogue item; verify exact pack, image and supplier price before live sale."
Nestlé Pure Life Bottled Water 60cl x 12 - Bundle of 3,Nestlé Pure Life,drinks,Bottled Water,BS-NESTL-PU-BOTTLED-WATE-60CL-X-12-0268-B3,false,,,,60cl x 12 x 3,item,6400,0.18,7550,0,5,assets/beverages.jpg,Nestlé Pure Life Bottled Water 60cl x 12 Nigeria product pack bundle 3,Category placeholder – replace with verified product image,Estimated – verify with supplier,,,Nigeria/Imported,2026-08-10,"Stage catalogue item; verify exact pack, image and supplier price before live sale."
Eggs 6 pcs - Bundle of 3,Farm Fresh,fresh,Eggs,BS-FARM-FRE-EGGS-6-PCS-0269-B3,false,,,,6 pcs x 3,item,3650,0.24,4550,0,5,assets/fresh-vegetables.jpg,Farm Fresh Eggs 6 pcs Nigeria product pack bundle 3,Category placeholder – replace with verified product image,Estimated – verify with supplier,,,Nigeria/Imported,2026-08-10,"Stage catalogue item; verify exact pack, image and supplier price before live sale."
Eggs 12 pcs - Bundle of 3,Farm Fresh,fresh,Eggs,BS-FARM-FRE-EGGS-12-PCS-0270-B3,false,,,,12 pcs x 3,item,6400,0.24,7950,0,5,assets/fresh-vegetables.jpg,Farm Fresh Eggs 12 pcs Nigeria product pack bundle 3,Category placeholder – replace with verified product image,Estimated – verify with supplier,,,Nigeria/Imported,2026-08-10,"Stage catalogue item; verify exact pack, image and supplier price before live sale."
Eggs 30 pcs - Bundle of 3,Farm Fresh,fresh,Eggs,BS-FARM-FRE-EGGS-30-PCS-0271-B3,false,,,,30 pcs x 3,item,18600,0.24,23050,0,5,assets/fresh-vegetables.jpg,Farm Fresh Eggs 30 pcs Nigeria product pack bundle 3,Category placeholder – replace with verified product image,Estimated – verify with supplier,,,Nigeria/Imported,2026-08-10,"Stage catalogue item; verify exact pack, image and supplier price before live sale."
Tomatoes 500g - Bundle of 3,Fresh,fresh,Tomatoes,BS-FRESH-TOMATOES-500G-0272-B3,false,,,,500g x 3,item,1750,0.24,2150,0,5,assets/fresh-vegetables.jpg,Fresh Tomatoes 500g Nigeria product pack bundle 3,Category placeholder – replace with verified product image,Estimated – verify with supplier,,,Nigeria/Imported,2026-08-10,"Stage catalogue item; verify exact pack, image and supplier price before live sale."
Tomatoes 1kg - Bundle of 3,Fresh,fresh,Tomatoes,BS-FRESH-TOMATOES-1KG-0273-B3,false,,,,1kg x 3,item,3650,0.24,4550,0,5,assets/fresh-vegetables.jpg,Fresh Tomatoes 1kg Nigeria product pack bundle 3,Category placeholder – replace with verified product image,Estimated – verify with supplier,,,Nigeria/Imported,2026-08-10,"Stage catalogue item; verify exact pack, image and supplier price before live sale."
Tomatoes 2kg - Bundle of 3,Fresh,fresh,Tomatoes,BS-FRESH-TOMATOES-2KG-0274-B3,false,,,,2kg x 3,item,7550,0.24,9350,0,5,assets/fresh-vegetables.jpg,Fresh Tomatoes 2kg Nigeria product pack bundle 3,Category placeholder – replace with verified product image,Estimated – verify with supplier,,,Nigeria/Imported,2026-08-10,"Stage catalogue item; verify exact pack, image and supplier price before live sale."
Tomatoes 5kg - Bundle of 3,Fresh,fresh,Tomatoes,BS-FRESH-TOMATOES-5KG-0275-B3,false,,,,5kg x 3,item,16450,0.24,20400,0,5,assets/fresh-vegetables.jpg,Fresh Tomatoes 5kg Nigeria product pack bundle 3,Category placeholder – replace with verified product image,Estimated – verify with supplier,,,Nigeria/Imported,2026-08-10,"Stage catalogue item; verify exact pack, image and supplier price before live sale."
Red Onion 500g - Bundle of 3,Fresh,fresh,Red Onion,BS-FRESH-RED-ONION-500G-0276-B3,false,,,,500g x 3,item,1300,0.24,1600,0,5,assets/fresh-vegetables.jpg,Fresh Red Onion 500g Nigeria product pack bundle 3,Category placeholder – replace with verified product image,Estimated – verify with supplier,,,Nigeria/Imported,2026-08-10,"Stage catalogue item; verify exact pack, image and supplier price before live sale."
Red Onion 1kg - Bundle of 3,Fresh,fresh,Red Onion,BS-FRESH-RED-ONION-1KG-0277-B3,false,,,,1kg x 3,item,2750,0.24,3400,0,5,assets/fresh-vegetables.jpg,Fresh Red Onion 1kg Nigeria product pack bundle 3,Category placeholder – replace with verified product image,Estimated – verify with supplier,,,Nigeria/Imported,2026-08-10,"Stage catalogue item; verify exact pack, image and supplier price before live sale."
Red Onion 2kg - Bundle of 3,Fresh,fresh,Red Onion,BS-FRESH-RED-ONION-2KG-0278-B3,false,,,,2kg x 3,item,5950,0.24,7400,0,5,assets/fresh-vegetables.jpg,Fresh Red Onion 2kg Nigeria product pack bundle 3,Category placeholder – replace with verified product image,Estimated – verify with supplier,,,Nigeria/Imported,2026-08-10,"Stage catalogue item; verify exact pack, image and supplier price before live sale."
Red Onion 5kg - Bundle of 3,Fresh,fresh,Red Onion,BS-FRESH-RED-ONION-5KG-0279-B3,false,,,,5kg x 3,item,14100,0.24,17500,0,5,assets/fresh-vegetables.jpg,Fresh Red Onion 5kg Nigeria product pack bundle 3,Category placeholder – replace with verified product image,Estimated – verify with supplier,,,Nigeria/Imported,2026-08-10,"Stage catalogue item; verify exact pack, image and supplier price before live sale."
Pepper 250g - Bundle of 3,Fresh,fresh,Pepper,BS-FRESH-PEPPER-250G-0280-B3,false,,,,250g x 3,item,1000,0.24,1250,0,5,assets/fresh-vegetables.jpg,Fresh Pepper 250g Nigeria product pack bundle 3,Category placeholder – replace with verified product image,Estimated – verify with supplier,,,Nigeria/Imported,2026-08-10,"Stage catalogue item; verify exact pack, image and supplier price before live sale."
Pepper 500g - Bundle of 3,Fresh,fresh,Pepper,BS-FRESH-PEPPER-500G-0281-B3,false,,,,500g x 3,item,2200,0.24,2750,0,5,assets/fresh-vegetables.jpg,Fresh Pepper 500g Nigeria product pack bundle 3,Category placeholder – replace with verified product image,Estimated – verify with supplier,,,Nigeria/Imported,2026-08-10,"Stage catalogue item; verify exact pack, image and supplier price before live sale."
Pepper 1kg - Bundle of 3,Fresh,fresh,Pepper,BS-FRESH-PEPPER-1KG-0282-B3,false,,,,1kg x 3,item,3950,0.24,4900,0,5,assets/fresh-vegetables.jpg,Fresh Pepper 1kg Nigeria product pack bundle 3,Category placeholder – replace with verified product image,Estimated – verify with supplier,,,Nigeria/Imported,2026-08-10,"Stage catalogue item; verify exact pack, image and supplier price before live sale."
Pepper 2kg - Bundle of 3,Fresh,fresh,Pepper,BS-FRESH-PEPPER-2KG-0283-B3,false,,,,2kg x 3,item,8450,0.24,10500,0,5,assets/fresh-vegetables.jpg,Fresh Pepper 2kg Nigeria product pack bundle 3,Category placeholder – replace with verified product image,Estimated – verify with supplier,,,Nigeria/Imported,2026-08-10,"Stage catalogue item; verify exact pack, image and supplier price before live sale."
Plantain 1kg - Bundle of 3,Fresh,fresh,Plantain,BS-FRESH-PLANTAIN-1KG-0284-B3,false,,,,1kg x 3,item,3350,0.24,4150,0,5,assets/fresh-vegetables.jpg,Fresh Plantain 1kg Nigeria product pack bundle 3,Category placeholder – replace with verified product image,Estimated – verify with supplier,,,Nigeria/Imported,2026-08-10,"Stage catalogue item; verify exact pack, image and supplier price before live sale."
Plantain 2kg - Bundle of 3,Fresh,fresh,Plantain,BS-FRESH-PLANTAIN-2KG-0285-B3,false,,,,2kg x 3,item,7000,0.24,8700,0,5,assets/fresh-vegetables.jpg,Fresh Plantain 2kg Nigeria product pack bundle 3,Category placeholder – replace with verified product image,Estimated – verify with supplier,,,Nigeria/Imported,2026-08-10,"Stage catalogue item; verify exact pack, image and supplier price before live sale."
Plantain 5kg - Bundle of 3,Fresh,fresh,Plantain,BS-FRESH-PLANTAIN-5KG-0286-B3,false,,,,5kg x 3,item,18900,0.24,23450,0,5,assets/fresh-vegetables.jpg,Fresh Plantain 5kg Nigeria product pack bundle 3,Category placeholder – replace with verified product image,Estimated – verify with supplier,,,Nigeria/Imported,2026-08-10,"Stage catalogue item; verify exact pack, image and supplier price before live sale."
Yam Tuber 1 medium - Bundle of 3,Fresh,fresh,Yam Tuber,BS-FRESH-YAM-TUBER-1-MEDIUM-0287-B3,false,,,,1 medium x 3,item,7850,0.24,9750,0,5,assets/fresh-vegetables.jpg,Fresh Yam Tuber 1 medium Nigeria product pack bundle 3,Category placeholder – replace with verified product image,Estimated – verify with supplier,,,Nigeria/Imported,2026-08-10,"Stage catalogue item; verify exact pack, image and supplier price before live sale."
Yam Tuber 1 large - Bundle of 3,Fresh,fresh,Yam Tuber,BS-FRESH-YAM-TUBER-1-LARGE-0288-B3,false,,,,1 large x 3,item,6850,0.24,8500,0,5,assets/fresh-vegetables.jpg,Fresh Yam Tuber 1 large Nigeria product pack bundle 3,Category placeholder – replace with verified product image,Estimated – verify with supplier,,,Nigeria/Imported,2026-08-10,"Stage catalogue item; verify exact pack, image and supplier price before live sale."
Yam Tuber 5 tubers - Bundle of 3,Fresh,fresh,Yam Tuber,BS-FRESH-YAM-TUBER-5-TUBERS-0289-B3,false,,,,5 tubers x 3,item,7300,0.24,9050,0,5,assets/fresh-vegetables.jpg,Fresh Yam Tuber 5 tubers Nigeria product pack bundle 3,Category placeholder – replace with verified product image,Estimated – verify with supplier,,,Nigeria/Imported,2026-08-10,"Stage catalogue item; verify exact pack, image and supplier price before live sale."
Irish Potato 1kg - Bundle of 3,Fresh,fresh,Irish Potato,BS-FRESH-IRISH-POTATO-1KG-0290-B3,false,,,,1kg x 3,item,4500,0.24,5600,0,5,assets/fresh-vegetables.jpg,Fresh Irish Potato 1kg Nigeria product pack bundle 3,Category placeholder – replace with verified product image,Estimated – verify with supplier,,,Nigeria/Imported,2026-08-10,"Stage catalogue item; verify exact pack, image and supplier price before live sale."
Irish Potato 2kg - Bundle of 3,Fresh,fresh,Irish Potato,BS-FRESH-IRISH-POTATO-2KG-0291-B3,false,,,,2kg x 3,item,8600,0.24,10650,0,5,assets/fresh-vegetables.jpg,Fresh Irish Potato 2kg Nigeria product pack bundle 3,Category placeholder – replace with verified product image,Estimated – verify with supplier,,,Nigeria/Imported,2026-08-10,"Stage catalogue item; verify exact pack, image and supplier price before live sale."
Irish Potato 5kg - Bundle of 3,Fresh,fresh,Irish Potato,BS-FRESH-IRISH-POTATO-5KG-0292-B3,false,,,,5kg x 3,item,24600,0.24,30500,0,5,assets/fresh-vegetables.jpg,Fresh Irish Potato 5kg Nigeria product pack bundle 3,Category placeholder – replace with verified product image,Estimated – verify with supplier,,,Nigeria/Imported,2026-08-10,"Stage catalogue item; verify exact pack, image and supplier price before live sale."
Sweet Potato 1kg - Bundle of 3,Fresh,fresh,Sweet Potato,BS-FRESH-SWEET-POTATO-1KG-0293-B3,false,,,,1kg x 3,item,3950,0.24,4900,0,5,assets/fresh-vegetables.jpg,Fresh Sweet Potato 1kg Nigeria product pack bundle 3,Category placeholder – replace with verified product image,Estimated – verify with supplier,,,Nigeria/Imported,2026-08-10,"Stage catalogue item; verify exact pack, image and supplier price before live sale."
Sweet Potato 2kg - Bundle of 3,Fresh,fresh,Sweet Potato,BS-FRESH-SWEET-POTATO-2KG-0294-B3,false,,,,2kg x 3,item,7300,0.24,9050,0,5,assets/fresh-vegetables.jpg,Fresh Sweet Potato 2kg Nigeria product pack bundle 3,Category placeholder – replace with verified product image,Estimated – verify with supplier,,,Nigeria/Imported,2026-08-10,"Stage catalogue item; verify exact pack, image and supplier price before live sale."
Sweet Potato 5kg - Bundle of 3,Fresh,fresh,Sweet Potato,BS-FRESH-SWEET-POTATO-5KG-0295-B3,false,,,,5kg x 3,item,19950,0.24,24750,0,5,assets/fresh-vegetables.jpg,Fresh Sweet Potato 5kg Nigeria product pack bundle 3,Category placeholder – replace with verified product image,Estimated – verify with supplier,,,Nigeria/Imported,2026-08-10,"Stage catalogue item; verify exact pack, image and supplier price before live sale."
Banana 1kg - Bundle of 3,Fresh,fresh,Banana,BS-FRESH-BANANA-1KG-0296-B3,false,,,,1kg x 3,item,4200,0.24,5200,0,5,assets/fresh-vegetables.jpg,Fresh Banana 1kg Nigeria product pack bundle 3,Category placeholder – replace with verified product image,Estimated – verify with supplier,,,Nigeria/Imported,2026-08-10,"Stage catalogue item; verify exact pack, image and supplier price before live sale."
Banana 2kg - Bundle of 3,Fresh,fresh,Banana,BS-FRESH-BANANA-2KG-0297-B3,false,,,,2kg x 3,item,8150,0.24,10100,0,5,assets/fresh-vegetables.jpg,Fresh Banana 2kg Nigeria product pack bundle 3,Category placeholder – replace with verified product image,Estimated – verify with supplier,,,Nigeria/Imported,2026-08-10,"Stage catalogue item; verify exact pack, image and supplier price before live sale."
Orange 1kg - Bundle of 3,Fresh,fresh,Orange,BS-FRESH-ORANGE-1KG-0298-B3,false,,,,1kg x 3,item,3200,0.24,3950,0,5,assets/fresh-vegetables.jpg,Fresh Orange 1kg Nigeria product pack bundle 3,Category placeholder – replace with verified product image,Estimated – verify with supplier,,,Nigeria/Imported,2026-08-10,"Stage catalogue item; verify exact pack, image and supplier price before live sale."
Orange 2kg - Bundle of 3,Fresh,fresh,Orange,BS-FRESH-ORANGE-2KG-0299-B3,false,,,,2kg x 3,item,6550,0.24,8100,0,5,assets/fresh-vegetables.jpg,Fresh Orange 2kg Nigeria product pack bundle 3,Category placeholder – replace with verified product image,Estimated – verify with supplier,,,Nigeria/Imported,2026-08-10,"Stage catalogue item; verify exact pack, image and supplier price before live sale."
Orange 5kg - Bundle of 3,Fresh,fresh,Orange,BS-FRESH-ORANGE-5KG-0300-B3,false,,,,5kg x 3,item,18750,0.24,23250,0,5,assets/fresh-vegetables.jpg,Fresh Orange 5kg Nigeria product pack bundle 3,Category placeholder – replace with verified product image,Estimated – verify with supplier,,,Nigeria/Imported,2026-08-10,"Stage catalogue item; verify exact pack, image and supplier price before live sale."
Pineapple 1 piece - Bundle of 3,Fresh,fresh,Pineapple,BS-FRESH-PINEAPPLE-1-PIECE-0301-B3,false,,,,1 piece x 3,item,5650,0.24,7000,0,5,assets/fresh-vegetables.jpg,Fresh Pineapple 1 piece Nigeria product pack bundle 3,Category placeholder – replace with verified product image,Estimated – verify with supplier,,,Nigeria/Imported,2026-08-10,"Stage catalogue item; verify exact pack, image and supplier price before live sale."
Pineapple 3 pieces - Bundle of 3,Fresh,fresh,Pineapple,BS-FRESH-PINEAPPLE-3-PIECES-0302-B3,false,,,,3 pieces x 3,item,5400,0.24,6700,0,5,assets/fresh-vegetables.jpg,Fresh Pineapple 3 pieces Nigeria product pack bundle 3,Category placeholder – replace with verified product image,Estimated – verify with supplier,,,Nigeria/Imported,2026-08-10,"Stage catalogue item; verify exact pack, image and supplier price before live sale."
Chicken Whole 1kg - Bundle of 3,Frozen,fresh,Chicken Whole,BS-FROZEN-CHICKEN-WHOL-1KG-0303-B3,false,,,,1kg x 3,item,10900,0.24,13500,0,5,assets/fresh-vegetables.jpg,Frozen Chicken Whole 1kg Nigeria product pack bundle 3,Category placeholder – replace with verified product image,Estimated – verify with supplier,,,Nigeria/Imported,2026-08-10,"Stage catalogue item; verify exact pack, image and supplier price before live sale."
Chicken Whole 2kg - Bundle of 3,Frozen,fresh,Chicken Whole,BS-FROZEN-CHICKEN-WHOL-2KG-0304-B3,false,,,,2kg x 3,item,20800,0.24,25800,0,5,assets/fresh-vegetables.jpg,Frozen Chicken Whole 2kg Nigeria product pack bundle 3,Category placeholder – replace with verified product image,Estimated – verify with supplier,,,Nigeria/Imported,2026-08-10,"Stage catalogue item; verify exact pack, image and supplier price before live sale."
Chicken Whole 5kg - Bundle of 3,Frozen,fresh,Chicken Whole,BS-FROZEN-CHICKEN-WHOL-5KG-0305-B3,false,,,,5kg x 3,item,48150,0.24,59700,0,5,assets/fresh-vegetables.jpg,Frozen Chicken Whole 5kg Nigeria product pack bundle 3,Category placeholder – replace with verified product image,Estimated – verify with supplier,,,Nigeria/Imported,2026-08-10,"Stage catalogue item; verify exact pack, image and supplier price before live sale."
Chicken Whole 10kg - Bundle of 3,Frozen,fresh,Chicken Whole,BS-FROZEN-CHICKEN-WHOL-10KG-0306-B3,false,,,,10kg x 3,item,96050,0.24,119100,0,5,assets/fresh-vegetables.jpg,Frozen Chicken Whole 10kg Nigeria product pack bundle 3,Category placeholder – replace with verified product image,Estimated – verify with supplier,,,Nigeria/Imported,2026-08-10,"Stage catalogue item; verify exact pack, image and supplier price before live sale."
Turkey 1kg - Bundle of 3,Frozen,fresh,Turkey,BS-FROZEN-TURKEY-1KG-0307-B3,false,,,,1kg x 3,item,14250,0.24,17650,0,5,assets/fresh-vegetables.jpg,Frozen Turkey 1kg Nigeria product pack bundle 3,Category placeholder – replace with verified product image,Estimated – verify with supplier,,,Nigeria/Imported,2026-08-10,"Stage catalogue item; verify exact pack, image and supplier price before live sale."
Turkey 2kg - Bundle of 3,Frozen,fresh,Turkey,BS-FROZEN-TURKEY-2KG-0308-B3,false,,,,2kg x 3,item,31450,0.24,39000,0,5,assets/fresh-vegetables.jpg,Frozen Turkey 2kg Nigeria product pack bundle 3,Category placeholder – replace with verified product image,Estimated – verify with supplier,,,Nigeria/Imported,2026-08-10,"Stage catalogue item; verify exact pack, image and supplier price before live sale."
Turkey 5kg - Bundle of 3,Frozen,fresh,Turkey,BS-FROZEN-TURKEY-5KG-0309-B3,false,,,,5kg x 3,item,77400,0.24,96000,0,5,assets/fresh-vegetables.jpg,Frozen Turkey 5kg Nigeria product pack bundle 3,Category placeholder – replace with verified product image,Estimated – verify with supplier,,,Nigeria/Imported,2026-08-10,"Stage catalogue item; verify exact pack, image and supplier price before live sale."
Turkey 10kg - Bundle of 3,Frozen,fresh,Turkey,BS-FROZEN-TURKEY-10KG-0310-B3,false,,,,10kg x 3,item,156400,0.24,193950,0,5,assets/fresh-vegetables.jpg,Frozen Turkey 10kg Nigeria product pack bundle 3,Category placeholder – replace with verified product image,Estimated – verify with supplier,,,Nigeria/Imported,2026-08-10,"Stage catalogue item; verify exact pack, image and supplier price before live sale."
Beef 500g - Bundle of 3,Fresh,fresh,Beef,BS-FRESH-BEEF-500G-0311-B3,false,,,,500g x 3,item,6550,0.24,8100,0,5,assets/fresh-vegetables.jpg,Fresh Beef 500g Nigeria product pack bundle 3,Category placeholder – replace with verified product image,Estimated – verify with supplier,,,Nigeria/Imported,2026-08-10,"Stage catalogue item; verify exact pack, image and supplier price before live sale."
Beef 1kg - Bundle of 3,Fresh,fresh,Beef,BS-FRESH-BEEF-1KG-0312-B3,false,,,,1kg x 3,item,11650,0.24,14450,0,5,assets/fresh-vegetables.jpg,Fresh Beef 1kg Nigeria product pack bundle 3,Category placeholder – replace with verified product image,Estimated – verify with supplier,,,Nigeria/Imported,2026-08-10,"Stage catalogue item; verify exact pack, image and supplier price before live sale."
Beef 2kg - Bundle of 3,Fresh,fresh,Beef,BS-FRESH-BEEF-2KG-0313-B3,false,,,,2kg x 3,item,23550,0.24,29200,0,5,assets/fresh-vegetables.jpg,Fresh Beef 2kg Nigeria product pack bundle 3,Category placeholder – replace with verified product image,Estimated – verify with supplier,,,Nigeria/Imported,2026-08-10,"Stage catalogue item; verify exact pack, image and supplier price before live sale."
Beef 5kg - Bundle of 3,Fresh,fresh,Beef,BS-FRESH-BEEF-5KG-0314-B3,false,,,,5kg x 3,item,57350,0.24,71100,0,5,assets/fresh-vegetables.jpg,Fresh Beef 5kg Nigeria product pack bundle 3,Category placeholder – replace with verified product image,Estimated – verify with supplier,,,Nigeria/Imported,2026-08-10,"Stage catalogue item; verify exact pack, image and supplier price before live sale."
Mackerel Fish 1kg - Bundle of 3,Frozen,fresh,Mackerel Fish,BS-FROZEN-MACKEREL-FIS-1KG-0315-B3,false,,,,1kg x 3,item,12350,0.24,15300,0,5,assets/fresh-vegetables.jpg,Frozen Mackerel Fish 1kg Nigeria product pack bundle 3,Category placeholder – replace with verified product image,Estimated – verify with supplier,,,Nigeria/Imported,2026-08-10,"Stage catalogue item; verify exact pack, image and supplier price before live sale."
Mackerel Fish 2kg - Bundle of 3,Frozen,fresh,Mackerel Fish,BS-FROZEN-MACKEREL-FIS-2KG-0316-B3,false,,,,2kg x 3,item,25150,0.24,31200,0,5,assets/fresh-vegetables.jpg,Frozen Mackerel Fish 2kg Nigeria product pack bundle 3,Category placeholder – replace with verified product image,Estimated – verify with supplier,,,Nigeria/Imported,2026-08-10,"Stage catalogue item; verify exact pack, image and supplier price before live sale."
Mackerel Fish 5kg - Bundle of 3,Frozen,fresh,Mackerel Fish,BS-FROZEN-MACKEREL-FIS-5KG-0317-B3,false,,,,5kg x 3,item,57750,0.24,71600,0,5,assets/fresh-vegetables.jpg,Frozen Mackerel Fish 5kg Nigeria product pack bundle 3,Category placeholder – replace with verified product image,Estimated – verify with supplier,,,Nigeria/Imported,2026-08-10,"Stage catalogue item; verify exact pack, image and supplier price before live sale."
Ariel Laundry Detergent 200g - Bundle of 3,Ariel,household,Laundry Detergent,BS-ARIEL-LAUNDRY-DETE-200G-0318-B3,false,,,,200g x 3,item,1000,0.22,1200,0,5,assets/household.jpg,Ariel Laundry Detergent 200g Nigeria product pack bundle 3,Category placeholder – replace with verified product image,Estimated – verify with supplier,,,Nigeria/Imported,2026-08-10,"Stage catalogue item; verify exact pack, image and supplier price before live sale."
Ariel Laundry Detergent 500g - Bundle of 3,Ariel,household,Laundry Detergent,BS-ARIEL-LAUNDRY-DETE-500G-0319-B3,false,,,,500g x 3,item,2350,0.22,2850,0,5,assets/household.jpg,Ariel Laundry Detergent 500g Nigeria product pack bundle 3,Category placeholder – replace with verified product image,Estimated – verify with supplier,,,Nigeria/Imported,2026-08-10,"Stage catalogue item; verify exact pack, image and supplier price before live sale."
Ariel Laundry Detergent 1kg - Bundle of 3,Ariel,household,Laundry Detergent,BS-ARIEL-LAUNDRY-DETE-1KG-0320-B3,false,,,,1kg x 3,item,5400,0.22,6600,0,5,assets/household.jpg,Ariel Laundry Detergent 1kg Nigeria product pack bundle 3,Category placeholder – replace with verified product image,Estimated – verify with supplier,,,Nigeria/Imported,2026-08-10,"Stage catalogue item; verify exact pack, image and supplier price before live sale."
Ariel Laundry Detergent 2kg - Bundle of 3,Ariel,household,Laundry Detergent,BS-ARIEL-LAUNDRY-DETE-2KG-0321-B3,false,,,,2kg x 3,item,10600,0.22,12950,0,5,assets/household.jpg,Ariel Laundry Detergent 2kg Nigeria product pack bundle 3,Category placeholder – replace with verified product image,Estimated – verify with supplier,,,Nigeria/Imported,2026-08-10,"Stage catalogue item; verify exact pack, image and supplier price before live sale."
Omo Laundry Detergent 200g - Bundle of 3,Omo,household,Laundry Detergent,BS-OMO-LAUNDRY-DETE-200G-0322-B3,false,,,,200g x 3,item,1000,0.22,1200,0,5,assets/household.jpg,Omo Laundry Detergent 200g Nigeria product pack bundle 3,Category placeholder – replace with verified product image,Estimated – verify with supplier,,,Nigeria/Imported,2026-08-10,"Stage catalogue item; verify exact pack, image and supplier price before live sale."
Omo Laundry Detergent 500g - Bundle of 3,Omo,household,Laundry Detergent,BS-OMO-LAUNDRY-DETE-500G-0323-B3,false,,,,500g x 3,item,2600,0.22,3150,0,5,assets/household.jpg,Omo Laundry Detergent 500g Nigeria product pack bundle 3,Category placeholder – replace with verified product image,Estimated – verify with supplier,,,Nigeria/Imported,2026-08-10,"Stage catalogue item; verify exact pack, image and supplier price before live sale."
Omo Laundry Detergent 1kg - Bundle of 3,Omo,household,Laundry Detergent,BS-OMO-LAUNDRY-DETE-1KG-0324-B3,false,,,,1kg x 3,item,5250,0.22,6400,0,5,assets/household.jpg,Omo Laundry Detergent 1kg Nigeria product pack bundle 3,Category placeholder – replace with verified product image,Estimated – verify with supplier,,,Nigeria/Imported,2026-08-10,"Stage catalogue item; verify exact pack, image and supplier price before live sale."
Omo Laundry Detergent 2kg - Bundle of 3,Omo,household,Laundry Detergent,BS-OMO-LAUNDRY-DETE-2KG-0325-B3,false,,,,2kg x 3,item,8900,0.22,10850,0,5,assets/household.jpg,Omo Laundry Detergent 2kg Nigeria product pack bundle 3,Category placeholder – replace with verified product image,Estimated – verify with supplier,,,Nigeria/Imported,2026-08-10,"Stage catalogue item; verify exact pack, image and supplier price before live sale."
Sunlight Laundry Detergent 200g - Bundle of 3,Sunlight,household,Laundry Detergent,BS-SUNLIGHT-LAUNDRY-DETE-200G-0326-B3,false,,,,200g x 3,item,850,0.22,1050,0,5,assets/household.jpg,Sunlight Laundry Detergent 200g Nigeria product pack bundle 3,Category placeholder – replace with verified product image,Estimated – verify with supplier,,,Nigeria/Imported,2026-08-10,"Stage catalogue item; verify exact pack, image and supplier price before live sale."
Sunlight Laundry Detergent 500g - Bundle of 3,Sunlight,household,Laundry Detergent,BS-SUNLIGHT-LAUNDRY-DETE-500G-0327-B3,false,,,,500g x 3,item,2200,0.22,2700,0,5,assets/household.jpg,Sunlight Laundry Detergent 500g Nigeria product pack bundle 3,Category placeholder – replace with verified product image,Estimated – verify with supplier,,,Nigeria/Imported,2026-08-10,"Stage catalogue item; verify exact pack, image and supplier price before live sale."
Sunlight Laundry Detergent 1kg - Bundle of 3,Sunlight,household,Laundry Detergent,BS-SUNLIGHT-LAUNDRY-DETE-1KG-0328-B3,false,,,,1kg x 3,item,4800,0.22,5850,0,5,assets/household.jpg,Sunlight Laundry Detergent 1kg Nigeria product pack bundle 3,Category placeholder – replace with verified product image,Estimated – verify with supplier,,,Nigeria/Imported,2026-08-10,"Stage catalogue item; verify exact pack, image and supplier price before live sale."
Sunlight Laundry Detergent 2kg - Bundle of 3,Sunlight,household,Laundry Detergent,BS-SUNLIGHT-LAUNDRY-DETE-2KG-0329-B3,false,,,,2kg x 3,item,9300,0.22,11350,0,5,assets/household.jpg,Sunlight Laundry Detergent 2kg Nigeria product pack bundle 3,Category placeholder – replace with verified product image,Estimated – verify with supplier,,,Nigeria/Imported,2026-08-10,"Stage catalogue item; verify exact pack, image and supplier price before live sale."
Morning Fresh Dishwashing Liquid 250ml - Bundle of 3,Morning Fresh,household,Dishwashing Liquid,BS-MORNING--DISHWASHING--250ML-0330-B3,false,,,,250ml x 3,item,850,0.22,1050,0,5,assets/household.jpg,Morning Fresh Dishwashing Liquid 250ml Nigeria product pack bundle 3,Category placeholder – replace with verified product image,Estimated – verify with supplier,,,Nigeria/Imported,2026-08-10,"Stage catalogue item; verify exact pack, image and supplier price before live sale."
Morning Fresh Dishwashing Liquid 500ml - Bundle of 3,Morning Fresh,household,Dishwashing Liquid,BS-MORNING--DISHWASHING--500ML-0331-B3,false,,,,500ml x 3,item,1900,0.22,2300,0,5,assets/household.jpg,Morning Fresh Dishwashing Liquid 500ml Nigeria product pack bundle 3,Category placeholder – replace with verified product image,Estimated – verify with supplier,,,Nigeria/Imported,2026-08-10,"Stage catalogue item; verify exact pack, image and supplier price before live sale."
Morning Fresh Dishwashing Liquid 1L - Bundle of 3,Morning Fresh,household,Dishwashing Liquid,BS-MORNING--DISHWASHING--1L-0332-B3,false,,,,1L x 3,item,3350,0.22,4100,0,5,assets/household.jpg,Morning Fresh Dishwashing Liquid 1L Nigeria product pack bundle 3,Category placeholder – replace with verified product image,Estimated – verify with supplier,,,Nigeria/Imported,2026-08-10,"Stage catalogue item; verify exact pack, image and supplier price before live sale."
Hypo Bleach 250ml - Bundle of 3,Hypo,household,Bleach,BS-HYPO-BLEACH-250ML-0333-B3,false,,,,250ml x 3,item,600,0.22,750,0,5,assets/household.jpg,Hypo Bleach 250ml Nigeria product pack bundle 3,Category placeholder – replace with verified product image,Estimated – verify with supplier,,,Nigeria/Imported,2026-08-10,"Stage catalogue item; verify exact pack, image and supplier price before live sale."
Hypo Bleach 500ml - Bundle of 3,Hypo,household,Bleach,BS-HYPO-BLEACH-500ML-0334-B3,false,,,,500ml x 3,item,1150,0.22,1400,0,5,assets/household.jpg,Hypo Bleach 500ml Nigeria product pack bundle 3,Category placeholder – replace with verified product image,Estimated – verify with supplier,,,Nigeria/Imported,2026-08-10,"Stage catalogue item; verify exact pack, image and supplier price before live sale."
Hypo Bleach 1L - Bundle of 3,Hypo,household,Bleach,BS-HYPO-BLEACH-1L-0335-B3,false,,,,1L x 3,item,2450,0.22,3000,0,5,assets/household.jpg,Hypo Bleach 1L Nigeria product pack bundle 3,Category placeholder – replace with verified product image,Estimated – verify with supplier,,,Nigeria/Imported,2026-08-10,"Stage catalogue item; verify exact pack, image and supplier price before live sale."
Dettol Toilet Soap 70g - Bundle of 3,Dettol,household,Toilet Soap,BS-DETTOL-TOILET-SOAP-70G-0336-B3,false,,,,70g x 3,item,450,0.22,550,0,5,assets/household.jpg,Dettol Toilet Soap 70g Nigeria product pack bundle 3,Category placeholder – replace with verified product image,Estimated – verify with supplier,,,Nigeria/Imported,2026-08-10,"Stage catalogue item; verify exact pack, image and supplier price before live sale."
Dettol Toilet Soap 110g - Bundle of 3,Dettol,household,Toilet Soap,BS-DETTOL-TOILET-SOAP-110G-0337-B3,false,,,,110g x 3,item,450,0.22,550,0,5,assets/household.jpg,Dettol Toilet Soap 110g Nigeria product pack bundle 3,Category placeholder – replace with verified product image,Estimated – verify with supplier,,,Nigeria/Imported,2026-08-10,"Stage catalogue item; verify exact pack, image and supplier price before live sale."
Dettol Toilet Soap 110g x 6 - Bundle of 3,Dettol,household,Toilet Soap,BS-DETTOL-TOILET-SOAP-110G-X-6-0338-B3,false,,,,110g x 6 x 3,item,2050,0.22,2500,0,5,assets/household.jpg,Dettol Toilet Soap 110g x 6 Nigeria product pack bundle 3,Category placeholder – replace with verified product image,Estimated – verify with supplier,,,Nigeria/Imported,2026-08-10,"Stage catalogue item; verify exact pack, image and supplier price before live sale."
Premier Cool Toilet Soap 70g - Bundle of 3,Premier Cool,household,Toilet Soap,BS-PREMIER--TOILET-SOAP-70G-0339-B3,false,,,,70g x 3,item,450,0.22,550,0,5,assets/household.jpg,Premier Cool Toilet Soap 70g Nigeria product pack bundle 3,Category placeholder – replace with verified product image,Estimated – verify with supplier,,,Nigeria/Imported,2026-08-10,"Stage catalogue item; verify exact pack, image and supplier price before live sale."
Premier Cool Toilet Soap 110g - Bundle of 3,Premier Cool,household,Toilet Soap,BS-PREMIER--TOILET-SOAP-110G-0340-B3,false,,,,110g x 3,item,450,0.22,550,0,5,assets/household.jpg,Premier Cool Toilet Soap 110g Nigeria product pack bundle 3,Category placeholder – replace with verified product image,Estimated – verify with supplier,,,Nigeria/Imported,2026-08-10,"Stage catalogue item; verify exact pack, image and supplier price before live sale."
Premier Cool Toilet Soap 110g x 6 - Bundle of 3,Premier Cool,household,Toilet Soap,BS-PREMIER--TOILET-SOAP-110G-X-6-0341-B3,false,,,,110g x 6 x 3,item,1600,0.22,1950,0,5,assets/household.jpg,Premier Cool Toilet Soap 110g x 6 Nigeria product pack bundle 3,Category placeholder – replace with verified product image,Estimated – verify with supplier,,,Nigeria/Imported,2026-08-10,"Stage catalogue item; verify exact pack, image and supplier price before live sale."
Lux Bath Soap 80g - Bundle of 3,Lux,household,Bath Soap,BS-LUX-BATH-SOAP-80G-0342-B3,false,,,,80g x 3,item,450,0.22,550,0,5,assets/household.jpg,Lux Bath Soap 80g Nigeria product pack bundle 3,Category placeholder – replace with verified product image,Estimated – verify with supplier,,,Nigeria/Imported,2026-08-10,"Stage catalogue item; verify exact pack, image and supplier price before live sale."
Lux Bath Soap 120g - Bundle of 3,Lux,household,Bath Soap,BS-LUX-BATH-SOAP-120G-0343-B3,false,,,,120g x 3,item,450,0.22,550,0,5,assets/household.jpg,Lux Bath Soap 120g Nigeria product pack bundle 3,Category placeholder – replace with verified product image,Estimated – verify with supplier,,,Nigeria/Imported,2026-08-10,"Stage catalogue item; verify exact pack, image and supplier price before live sale."
Lux Bath Soap 120g x 6 - Bundle of 3,Lux,household,Bath Soap,BS-LUX-BATH-SOAP-120G-X-6-0344-B3,false,,,,120g x 6 x 3,item,1750,0.22,2150,0,5,assets/household.jpg,Lux Bath Soap 120g x 6 Nigeria product pack bundle 3,Category placeholder – replace with verified product image,Estimated – verify with supplier,,,Nigeria/Imported,2026-08-10,"Stage catalogue item; verify exact pack, image and supplier price before live sale."
Closeup Toothpaste 100ml - Bundle of 3,Closeup,household,Toothpaste,BS-CLOSEUP-TOOTHPASTE-100ML-0345-B3,false,,,,100ml x 3,item,450,0.22,550,0,5,assets/household.jpg,Closeup Toothpaste 100ml Nigeria product pack bundle 3,Category placeholder – replace with verified product image,Estimated – verify with supplier,,,Nigeria/Imported,2026-08-10,"Stage catalogue item; verify exact pack, image and supplier price before live sale."
Closeup Toothpaste 140ml - Bundle of 3,Closeup,household,Toothpaste,BS-CLOSEUP-TOOTHPASTE-140ML-0346-B3,false,,,,140ml x 3,item,750,0.22,900,0,5,assets/household.jpg,Closeup Toothpaste 140ml Nigeria product pack bundle 3,Category placeholder – replace with verified product image,Estimated – verify with supplier,,,Nigeria/Imported,2026-08-10,"Stage catalogue item; verify exact pack, image and supplier price before live sale."
Closeup Toothpaste 200ml - Bundle of 3,Closeup,household,Toothpaste,BS-CLOSEUP-TOOTHPASTE-200ML-0347-B3,false,,,,200ml x 3,item,1000,0.22,1200,0,5,assets/household.jpg,Closeup Toothpaste 200ml Nigeria product pack bundle 3,Category placeholder – replace with verified product image,Estimated – verify with supplier,,,Nigeria/Imported,2026-08-10,"Stage catalogue item; verify exact pack, image and supplier price before live sale."
Pepsodent Toothpaste 100ml - Bundle of 3,Pepsodent,household,Toothpaste,BS-PEPSODEN-TOOTHPASTE-100ML-0348-B3,false,,,,100ml x 3,item,450,0.22,550,0,5,assets/household.jpg,Pepsodent Toothpaste 100ml Nigeria product pack bundle 3,Category placeholder – replace with verified product image,Estimated – verify with supplier,,,Nigeria/Imported,2026-08-10,"Stage catalogue item; verify exact pack, image and supplier price before live sale."
Pepsodent Toothpaste 140ml - Bundle of 3,Pepsodent,household,Toothpaste,BS-PEPSODEN-TOOTHPASTE-140ML-0349-B3,false,,,,140ml x 3,item,600,0.22,750,0,5,assets/household.jpg,Pepsodent Toothpaste 140ml Nigeria product pack bundle 3,Category placeholder – replace with verified product image,Estimated – verify with supplier,,,Nigeria/Imported,2026-08-10,"Stage catalogue item; verify exact pack, image and supplier price before live sale."
Pepsodent Toothpaste 200ml - Bundle of 3,Pepsodent,household,Toothpaste,BS-PEPSODEN-TOOTHPASTE-200ML-0350-B3,false,,,,200ml x 3,item,850,0.22,1050,0,5,assets/household.jpg,Pepsodent Toothpaste 200ml Nigeria product pack bundle 3,Category placeholder – replace with verified product image,Estimated – verify with supplier,,,Nigeria/Imported,2026-08-10,"Stage catalogue item; verify exact pack, image and supplier price before live sale."
Rose Carla Tissue Paper 4 rolls - Bundle of 3,Rose Carla,household,Tissue Paper,BS-ROSE-CAR-TISSUE-PAPER-4-ROLLS-0351-B3,false,,,,4 rolls x 3,item,4800,0.22,5850,0,5,assets/household.jpg,Rose Carla Tissue Paper 4 rolls Nigeria product pack bundle 3,Category placeholder – replace with verified product image,Estimated – verify with supplier,,,Nigeria/Imported,2026-08-10,"Stage catalogue item; verify exact pack, image and supplier price before live sale."
Rose Carla Tissue Paper 10 rolls - Bundle of 3,Rose Carla,household,Tissue Paper,BS-ROSE-CAR-TISSUE-PAPER-10-ROLLS-0352-B3,false,,,,10 rolls x 3,item,7400,0.22,9050,0,5,assets/household.jpg,Rose Carla Tissue Paper 10 rolls Nigeria product pack bundle 3,Category placeholder – replace with verified product image,Estimated – verify with supplier,,,Nigeria/Imported,2026-08-10,"Stage catalogue item; verify exact pack, image and supplier price before live sale."
Rose Carla Tissue Paper 24 rolls - Bundle of 3,Rose Carla,household,Tissue Paper,BS-ROSE-CAR-TISSUE-PAPER-24-ROLLS-0353-B3,false,,,,24 rolls x 3,item,19050,0.22,23250,0,5,assets/household.jpg,Rose Carla Tissue Paper 24 rolls Nigeria product pack bundle 3,Category placeholder – replace with verified product image,Estimated – verify with supplier,,,Nigeria/Imported,2026-08-10,"Stage catalogue item; verify exact pack, image and supplier price before live sale."
Familia Tissue Paper 4 rolls - Bundle of 3,Familia,household,Tissue Paper,BS-FAMILIA-TISSUE-PAPER-4-ROLLS-0354-B3,false,,,,4 rolls x 3,item,4650,0.22,5650,0,5,assets/household.jpg,Familia Tissue Paper 4 rolls Nigeria product pack bundle 3,Category placeholder – replace with verified product image,Estimated – verify with supplier,,,Nigeria/Imported,2026-08-10,"Stage catalogue item; verify exact pack, image and supplier price before live sale."
Familia Tissue Paper 10 rolls - Bundle of 3,Familia,household,Tissue Paper,BS-FAMILIA-TISSUE-PAPER-10-ROLLS-0355-B3,false,,,,10 rolls x 3,item,9000,0.22,11000,0,5,assets/household.jpg,Familia Tissue Paper 10 rolls Nigeria product pack bundle 3,Category placeholder – replace with verified product image,Estimated – verify with supplier,,,Nigeria/Imported,2026-08-10,"Stage catalogue item; verify exact pack, image and supplier price before live sale."
Familia Tissue Paper 24 rolls - Bundle of 3,Familia,household,Tissue Paper,BS-FAMILIA-TISSUE-PAPER-24-ROLLS-0356-B3,false,,,,24 rolls x 3,item,18750,0.22,22900,0,5,assets/household.jpg,Familia Tissue Paper 24 rolls Nigeria product pack bundle 3,Category placeholder – replace with verified product image,Estimated – verify with supplier,,,Nigeria/Imported,2026-08-10,"Stage catalogue item; verify exact pack, image and supplier price before live sale."
Raid Insecticide 300ml - Bundle of 3,Raid,household,Insecticide,BS-RAID-INSECTICIDE-300ML-0357-B3,false,,,,300ml x 3,item,2350,0.22,2850,0,5,assets/household.jpg,Raid Insecticide 300ml Nigeria product pack bundle 3,Category placeholder – replace with verified product image,Estimated – verify with supplier,,,Nigeria/Imported,2026-08-10,"Stage catalogue item; verify exact pack, image and supplier price before live sale."
Raid Insecticide 500ml - Bundle of 3,Raid,household,Insecticide,BS-RAID-INSECTICIDE-500ML-0358-B3,false,,,,500ml x 3,item,3500,0.22,4250,0,5,assets/household.jpg,Raid Insecticide 500ml Nigeria product pack bundle 3,Category placeholder – replace with verified product image,Estimated – verify with supplier,,,Nigeria/Imported,2026-08-10,"Stage catalogue item; verify exact pack, image and supplier price before live sale."
Mortein Insecticide 300ml - Bundle of 3,Mortein,household,Insecticide,BS-MORTEIN-INSECTICIDE-300ML-0359-B3,false,,,,300ml x 3,item,2050,0.22,2500,0,5,assets/household.jpg,Mortein Insecticide 300ml Nigeria product pack bundle 3,Category placeholder – replace with verified product image,Estimated – verify with supplier,,,Nigeria/Imported,2026-08-10,"Stage catalogue item; verify exact pack, image and supplier price before live sale."
Mortein Insecticide 500ml - Bundle of 3,Mortein,household,Insecticide,BS-MORTEIN-INSECTICIDE-500ML-0360-B3,false,,,,500ml x 3,item,3650,0.22,4450,0,5,assets/household.jpg,Mortein Insecticide 500ml Nigeria product pack bundle 3,Category placeholder – replace with verified product image,Estimated – verify with supplier,,,Nigeria/Imported,2026-08-10,"Stage catalogue item; verify exact pack, image and supplier price before live sale."
Air Wick Air Freshener 250ml - Bundle of 3,Air Wick,household,Air Freshener,BS-AIR-WICK-AIR-FRESHENE-250ML-0361-B3,false,,,,250ml x 3,item,2600,0.22,3150,0,5,assets/household.jpg,Air Wick Air Freshener 250ml Nigeria product pack bundle 3,Category placeholder – replace with verified product image,Estimated – verify with supplier,,,Nigeria/Imported,2026-08-10,"Stage catalogue item; verify exact pack, image and supplier price before live sale."
Air Wick Air Freshener 300ml - Bundle of 3,Air Wick,household,Air Freshener,BS-AIR-WICK-AIR-FRESHENE-300ML-0362-B3,false,,,,300ml x 3,item,3050,0.22,3700,0,5,assets/household.jpg,Air Wick Air Freshener 300ml Nigeria product pack bundle 3,Category placeholder – replace with verified product image,Estimated – verify with supplier,,,Nigeria/Imported,2026-08-10,"Stage catalogue item; verify exact pack, image and supplier price before live sale."
Always Sanitary Pads 8 pads - Bundle of 3,Always,household,Sanitary Pads,BS-ALWAYS-SANITARY-PAD-8-PADS-0363-B3,false,,,,8 pads x 3,item,7150,0.22,8700,0,5,assets/household.jpg,Always Sanitary Pads 8 pads Nigeria product pack bundle 3,Category placeholder – replace with verified product image,Estimated – verify with supplier,,,Nigeria/Imported,2026-08-10,"Stage catalogue item; verify exact pack, image and supplier price before live sale."
Always Sanitary Pads 16 pads - Bundle of 3,Always,household,Sanitary Pads,BS-ALWAYS-SANITARY-PAD-16-PADS-0364-B3,false,,,,16 pads x 3,item,14100,0.22,17200,0,5,assets/household.jpg,Always Sanitary Pads 16 pads Nigeria product pack bundle 3,Category placeholder – replace with verified product image,Estimated – verify with supplier,,,Nigeria/Imported,2026-08-10,"Stage catalogue item; verify exact pack, image and supplier price before live sale."
Always Sanitary Pads 32 pads - Bundle of 3,Always,household,Sanitary Pads,BS-ALWAYS-SANITARY-PAD-32-PADS-0365-B3,false,,,,32 pads x 3,item,27650,0.22,33750,0,5,assets/household.jpg,Always Sanitary Pads 32 pads Nigeria product pack bundle 3,Category placeholder – replace with verified product image,Estimated – verify with supplier,,,Nigeria/Imported,2026-08-10,"Stage catalogue item; verify exact pack, image and supplier price before live sale."
Pampers Baby Diapers Small 20 - Bundle of 3,Pampers,household,Baby Diapers,BS-PAMPERS-BABY-DIAPERS-SMALL-20-0366-B3,false,,,,Small 20 x 3,item,13400,0.22,16350,0,5,assets/household.jpg,Pampers Baby Diapers Small 20 Nigeria product pack bundle 3,Category placeholder – replace with verified product image,Estimated – verify with supplier,,,Nigeria/Imported,2026-08-10,"Stage catalogue item; verify exact pack, image and supplier price before live sale."
Pampers Baby Diapers Medium 20 - Bundle of 3,Pampers,household,Baby Diapers,BS-PAMPERS-BABY-DIAPERS-MEDIUM-20-0367-B3,false,,,,Medium 20 x 3,item,12650,0.22,15450,0,5,assets/household.jpg,Pampers Baby Diapers Medium 20 Nigeria product pack bundle 3,Category placeholder – replace with verified product image,Estimated – verify with supplier,,,Nigeria/Imported,2026-08-10,"Stage catalogue item; verify exact pack, image and supplier price before live sale."
Pampers Baby Diapers Large 20 - Bundle of 3,Pampers,household,Baby Diapers,BS-PAMPERS-BABY-DIAPERS-LARGE-20-0368-B3,false,,,,Large 20 x 3,item,19200,0.22,23400,0,5,assets/household.jpg,Pampers Baby Diapers Large 20 Nigeria product pack bundle 3,Category placeholder – replace with verified product image,Estimated – verify with supplier,,,Nigeria/Imported,2026-08-10,"Stage catalogue item; verify exact pack, image and supplier price before live sale."
Pampers Baby Diapers XL 20 - Bundle of 3,Pampers,household,Baby Diapers,BS-PAMPERS-BABY-DIAPERS-XL-20-0369-B3,false,,,,XL 20 x 3,item,12100,0.22,14750,0,5,assets/household.jpg,Pampers Baby Diapers XL 20 Nigeria product pack bundle 3,Category placeholder – replace with verified product image,Estimated – verify with supplier,,,Nigeria/Imported,2026-08-10,"Stage catalogue item; verify exact pack, image and supplier price before live sale."
Big Bull Rice 1kg - Bundle of 6,Big Bull,grains,Rice,BS-BIG-BULL-RICE-1KG-0001-B6,false,,,,1kg x 6,item,3800,0.16,4400,0,5,assets/rice.jpg,Big Bull Rice 1kg Nigeria product pack bundle 6,Category placeholder – replace with verified product image,Estimated – verify with supplier,,,Nigeria/Imported,2026-08-10,"Stage catalogue item; verify exact pack, image and supplier price before live sale."
Big Bull Rice 2kg - Bundle of 6,Big Bull,grains,Rice,BS-BIG-BULL-RICE-2KG-0002-B6,false,,,,2kg x 6,item,7000,0.16,8100,0,5,assets/rice.jpg,Big Bull Rice 2kg Nigeria product pack bundle 6,Category placeholder – replace with verified product image,Estimated – verify with supplier,,,Nigeria/Imported,2026-08-10,"Stage catalogue item; verify exact pack, image and supplier price before live sale."
Big Bull Rice 5kg - Bundle of 6,Big Bull,grains,Rice,BS-BIG-BULL-RICE-5KG-0003-B6,false,,,,5kg x 6,item,18350,0.16,21300,0,5,assets/rice.jpg,Big Bull Rice 5kg Nigeria product pack bundle 6,Category placeholder – replace with verified product image,Estimated – verify with supplier,,,Nigeria/Imported,2026-08-10,"Stage catalogue item; verify exact pack, image and supplier price before live sale."
Big Bull Rice 10kg - Bundle of 6,Big Bull,grains,Rice,BS-BIG-BULL-RICE-10KG-0004-B6,false,,,,10kg x 6,item,36400,0.16,42200,0,5,assets/rice.jpg,Big Bull Rice 10kg Nigeria product pack bundle 6,Category placeholder – replace with verified product image,Estimated – verify with supplier,,,Nigeria/Imported,2026-08-10,"Stage catalogue item; verify exact pack, image and supplier price before live sale."
Big Bull Rice 25kg - Bundle of 6,Big Bull,grains,Rice,BS-BIG-BULL-RICE-25KG-0005-B6,false,,,,25kg x 6,item,99500,0.16,115400,0,5,assets/rice.jpg,Big Bull Rice 25kg Nigeria product pack bundle 6,Category placeholder – replace with verified product image,Estimated – verify with supplier,,,Nigeria/Imported,2026-08-10,"Stage catalogue item; verify exact pack, image and supplier price before live sale."
Big Bull Rice 50kg - Bundle of 6,Big Bull,grains,Rice,BS-BIG-BULL-RICE-50KG-0006-B6,false,,,,50kg x 6,item,197000,0.16,228500,0,5,assets/rice.jpg,Big Bull Rice 50kg Nigeria product pack bundle 6,Category placeholder – replace with verified product image,Estimated – verify with supplier,,,Nigeria/Imported,2026-08-10,"Stage catalogue item; verify exact pack, image and supplier price before live sale."
Mama Gold Rice 1kg - Bundle of 6,Mama Gold,grains,Rice,BS-MAMA-GOL-RICE-1KG-0007-B6,false,,,,1kg x 6,item,4350,0.16,5050,0,5,assets/rice.jpg,Mama Gold Rice 1kg Nigeria product pack bundle 6,Category placeholder – replace with verified product image,Estimated – verify with supplier,,,Nigeria/Imported,2026-08-10,"Stage catalogue item; verify exact pack, image and supplier price before live sale."
Mama Gold Rice 5kg - Bundle of 6,Mama Gold,grains,Rice,BS-MAMA-GOL-RICE-5KG-0008-B6,false,,,,5kg x 6,item,18900,0.16,21900,0,5,assets/rice.jpg,Mama Gold Rice 5kg Nigeria product pack bundle 6,Category placeholder – replace with verified product image,Estimated – verify with supplier,,,Nigeria/Imported,2026-08-10,"Stage catalogue item; verify exact pack, image and supplier price before live sale."
Mama Gold Rice 10kg - Bundle of 6,Mama Gold,grains,Rice,BS-MAMA-GOL-RICE-10KG-0009-B6,false,,,,10kg x 6,item,40450,0.16,46900,0,5,assets/rice.jpg,Mama Gold Rice 10kg Nigeria product pack bundle 6,Category placeholder – replace with verified product image,Estimated – verify with supplier,,,Nigeria/Imported,2026-08-10,"Stage catalogue item; verify exact pack, image and supplier price before live sale."
Mama Gold Rice 25kg - Bundle of 6,Mama Gold,grains,Rice,BS-MAMA-GOL-RICE-25KG-0010-B6,false,,,,25kg x 6,item,94300,0.16,109400,0,5,assets/rice.jpg,Mama Gold Rice 25kg Nigeria product pack bundle 6,Category placeholder – replace with verified product image,Estimated – verify with supplier,,,Nigeria/Imported,2026-08-10,"Stage catalogue item; verify exact pack, image and supplier price before live sale."
Mama Gold Rice 50kg - Bundle of 6,Mama Gold,grains,Rice,BS-MAMA-GOL-RICE-50KG-0011-B6,false,,,,50kg x 6,item,195550,0.16,226850,0,5,assets/rice.jpg,Mama Gold Rice 50kg Nigeria product pack bundle 6,Category placeholder – replace with verified product image,Estimated – verify with supplier,,,Nigeria/Imported,2026-08-10,"Stage catalogue item; verify exact pack, image and supplier price before live sale."
Royal Stallion Rice 1kg - Bundle of 6,Royal Stallion,grains,Rice,BS-ROYAL-ST-RICE-1KG-0012-B6,false,,,,1kg x 6,item,4350,0.16,5050,0,5,assets/rice.jpg,Royal Stallion Rice 1kg Nigeria product pack bundle 6,Category placeholder – replace with verified product image,Estimated – verify with supplier,,,Nigeria/Imported,2026-08-10,"Stage catalogue item; verify exact pack, image and supplier price before live sale."
Royal Stallion Rice 5kg - Bundle of 6,Royal Stallion,grains,Rice,BS-ROYAL-ST-RICE-5KG-0013-B6,false,,,,5kg x 6,item,19500,0.16,22600,0,5,assets/rice.jpg,Royal Stallion Rice 5kg Nigeria product pack bundle 6,Category placeholder – replace with verified product image,Estimated – verify with supplier,,,Nigeria/Imported,2026-08-10,"Stage catalogue item; verify exact pack, image and supplier price before live sale."
Royal Stallion Rice 10kg - Bundle of 6,Royal Stallion,grains,Rice,BS-ROYAL-ST-RICE-10KG-0014-B6,false,,,,10kg x 6,item,40150,0.16,46550,0,5,assets/rice.jpg,Royal Stallion Rice 10kg Nigeria product pack bundle 6,Category placeholder – replace with verified product image,Estimated – verify with supplier,,,Nigeria/Imported,2026-08-10,"Stage catalogue item; verify exact pack, image and supplier price before live sale."
Royal Stallion Rice 25kg - Bundle of 6,Royal Stallion,grains,Rice,BS-ROYAL-ST-RICE-25KG-0015-B6,false,,,,25kg x 6,item,108550,0.16,125900,0,5,assets/rice.jpg,Royal Stallion Rice 25kg Nigeria product pack bundle 6,Category placeholder – replace with verified product image,Estimated – verify with supplier,,,Nigeria/Imported,2026-08-10,"Stage catalogue item; verify exact pack, image and supplier price before live sale."
Royal Stallion Rice 50kg - Bundle of 6,Royal Stallion,grains,Rice,BS-ROYAL-ST-RICE-50KG-0016-B6,false,,,,50kg x 6,item,213300,0.16,247450,0,5,assets/rice.jpg,Royal Stallion Rice 50kg Nigeria product pack bundle 6,Category placeholder – replace with verified product image,Estimated – verify with supplier,,,Nigeria/Imported,2026-08-10,"Stage catalogue item; verify exact pack, image and supplier price before live sale."
Cap Rice Rice 1kg - Bundle of 6,Cap Rice,grains,Rice,BS-CAP-RICE-RICE-1KG-0017-B6,false,,,,1kg x 6,item,3800,0.16,4400,0,5,assets/rice.jpg,Cap Rice Rice 1kg Nigeria product pack bundle 6,Category placeholder – replace with verified product image,Estimated – verify with supplier,,,Nigeria/Imported,2026-08-10,"Stage catalogue item; verify exact pack, image and supplier price before live sale."
Cap Rice Rice 5kg - Bundle of 6,Cap Rice,grains,Rice,BS-CAP-RICE-RICE-5KG-0018-B6,false,,,,5kg x 6,item,20350,0.16,23600,0,5,assets/rice.jpg,Cap Rice Rice 5kg Nigeria product pack bundle 6,Category placeholder – replace with verified product image,Estimated – verify with supplier,,,Nigeria/Imported,2026-08-10,"Stage catalogue item; verify exact pack, image and supplier price before live sale."
Cap Rice Rice 10kg - Bundle of 6,Cap Rice,grains,Rice,BS-CAP-RICE-RICE-10KG-0019-B6,false,,,,10kg x 6,item,42200,0.16,48950,0,5,assets/rice.jpg,Cap Rice Rice 10kg Nigeria product pack bundle 6,Category placeholder – replace with verified product image,Estimated – verify with supplier,,,Nigeria/Imported,2026-08-10,"Stage catalogue item; verify exact pack, image and supplier price before live sale."
Cap Rice Rice 25kg - Bundle of 6,Cap Rice,grains,Rice,BS-CAP-RICE-RICE-25KG-0020-B6,false,,,,25kg x 6,item,91100,0.16,105700,0,5,assets/rice.jpg,Cap Rice Rice 25kg Nigeria product pack bundle 6,Category placeholder – replace with verified product image,Estimated – verify with supplier,,,Nigeria/Imported,2026-08-10,"Stage catalogue item; verify exact pack, image and supplier price before live sale."
Cap Rice Rice 50kg - Bundle of 6,Cap Rice,grains,Rice,BS-CAP-RICE-RICE-50KG-0021-B6,false,,,,50kg x 6,item,210700,0.16,244400,0,5,assets/rice.jpg,Cap Rice Rice 50kg Nigeria product pack bundle 6,Category placeholder – replace with verified product image,Estimated – verify with supplier,,,Nigeria/Imported,2026-08-10,"Stage catalogue item; verify exact pack, image and supplier price before live sale."
Tropical Sun Basmati Rice 1kg - Bundle of 6,Tropical Sun,grains,Basmati Rice,BS-TROPICAL-BASMATI-RICE-1KG-0022-B6,false,,,,1kg x 6,item,9000,0.16,10450,0,5,assets/rice.jpg,Tropical Sun Basmati Rice 1kg Nigeria product pack bundle 6,Category placeholder – replace with verified product image,Estimated – verify with supplier,,,Nigeria/Imported,2026-08-10,"Stage catalogue item; verify exact pack, image and supplier price before live sale."
Tropical Sun Basmati Rice 2kg - Bundle of 6,Tropical Sun,grains,Basmati Rice,BS-TROPICAL-BASMATI-RICE-2KG-0023-B6,false,,,,2kg x 6,item,17150,0.16,19900,0,5,assets/rice.jpg,Tropical Sun Basmati Rice 2kg Nigeria product pack bundle 6,Category placeholder – replace with verified product image,Estimated – verify with supplier,,,Nigeria/Imported,2026-08-10,"Stage catalogue item; verify exact pack, image and supplier price before live sale."
Tropical Sun Basmati Rice 5kg - Bundle of 6,Tropical Sun,grains,Basmati Rice,BS-TROPICAL-BASMATI-RICE-5KG-0024-B6,false,,,,5kg x 6,item,41300,0.16,47900,0,5,assets/rice.jpg,Tropical Sun Basmati Rice 5kg Nigeria product pack bundle 6,Category placeholder – replace with verified product image,Estimated – verify with supplier,,,Nigeria/Imported,2026-08-10,"Stage catalogue item; verify exact pack, image and supplier price before live sale."
Tropical Sun Basmati Rice 10kg - Bundle of 6,Tropical Sun,grains,Basmati Rice,BS-TROPICAL-BASMATI-RICE-10KG-0025-B6,false,,,,10kg x 6,item,95450,0.16,110700,0,5,assets/rice.jpg,Tropical Sun Basmati Rice 10kg Nigeria product pack bundle 6,Category placeholder – replace with verified product image,Estimated – verify with supplier,,,Nigeria/Imported,2026-08-10,"Stage catalogue item; verify exact pack, image and supplier price before live sale."
Brown Beans 500g - Bundle of 6,Generic,grains,Brown Beans,BS-GENERIC-BROWN-BEANS-500G-0026-B6,false,,,,500g x 6,item,2350,0.16,2750,0,5,assets/rice.jpg,Generic Brown Beans 500g Nigeria product pack bundle 6,Category placeholder – replace with verified product image,Estimated – verify with supplier,,,Nigeria/Imported,2026-08-10,"Stage catalogue item; verify exact pack, image and supplier price before live sale."
Brown Beans 1kg - Bundle of 6,Generic,grains,Brown Beans,BS-GENERIC-BROWN-BEANS-1KG-0027-B6,false,,,,1kg x 6,item,4650,0.16,5400,0,5,assets/rice.jpg,Generic Brown Beans 1kg Nigeria product pack bundle 6,Category placeholder – replace with verified product image,Estimated – verify with supplier,,,Nigeria/Imported,2026-08-10,"Stage catalogue item; verify exact pack, image and supplier price before live sale."
Brown Beans 2kg - Bundle of 6,Generic,grains,Brown Beans,BS-GENERIC-BROWN-BEANS-2KG-0028-B6,false,,,,2kg x 6,item,9300,0.16,10800,0,5,assets/rice.jpg,Generic Brown Beans 2kg Nigeria product pack bundle 6,Category placeholder – replace with verified product image,Estimated – verify with supplier,,,Nigeria/Imported,2026-08-10,"Stage catalogue item; verify exact pack, image and supplier price before live sale."
Brown Beans 5kg - Bundle of 6,Generic,grains,Brown Beans,BS-GENERIC-BROWN-BEANS-5KG-0029-B6,false,,,,5kg x 6,item,26500,0.16,30750,0,5,assets/rice.jpg,Generic Brown Beans 5kg Nigeria product pack bundle 6,Category placeholder – replace with verified product image,Estimated – verify with supplier,,,Nigeria/Imported,2026-08-10,"Stage catalogue item; verify exact pack, image and supplier price before live sale."
Brown Beans 10kg - Bundle of 6,Generic,grains,Brown Beans,BS-GENERIC-BROWN-BEANS-10KG-0030-B6,false,,,,10kg x 6,item,50900,0.16,59050,0,5,assets/rice.jpg,Generic Brown Beans 10kg Nigeria product pack bundle 6,Category placeholder – replace with verified product image,Estimated – verify with supplier,,,Nigeria/Imported,2026-08-10,"Stage catalogue item; verify exact pack, image and supplier price before live sale."
Brown Beans 25kg - Bundle of 6,Generic,grains,Brown Beans,BS-GENERIC-BROWN-BEANS-25KG-0031-B6,false,,,,25kg x 6,item,131800,0.16,152900,0,5,assets/rice.jpg,Generic Brown Beans 25kg Nigeria product pack bundle 6,Category placeholder – replace with verified product image,Estimated – verify with supplier,,,Nigeria/Imported,2026-08-10,"Stage catalogue item; verify exact pack, image and supplier price before live sale."
White Beans 500g - Bundle of 6,Generic,grains,White Beans,BS-GENERIC-WHITE-BEANS-500G-0032-B6,false,,,,500g x 6,item,2600,0.16,3000,0,5,assets/rice.jpg,Generic White Beans 500g Nigeria product pack bundle 6,Category placeholder – replace with verified product image,Estimated – verify with supplier,,,Nigeria/Imported,2026-08-10,"Stage catalogue item; verify exact pack, image and supplier price before live sale."
White Beans 1kg - Bundle of 6,Generic,grains,White Beans,BS-GENERIC-WHITE-BEANS-1KG-0033-B6,false,,,,1kg x 6,item,5250,0.16,6100,0,5,assets/rice.jpg,Generic White Beans 1kg Nigeria product pack bundle 6,Category placeholder – replace with verified product image,Estimated – verify with supplier,,,Nigeria/Imported,2026-08-10,"Stage catalogue item; verify exact pack, image and supplier price before live sale."
White Beans 2kg - Bundle of 6,Generic,grains,White Beans,BS-GENERIC-WHITE-BEANS-2KG-0034-B6,false,,,,2kg x 6,item,11350,0.16,13150,0,5,assets/rice.jpg,Generic White Beans 2kg Nigeria product pack bundle 6,Category placeholder – replace with verified product image,Estimated – verify with supplier,,,Nigeria/Imported,2026-08-10,"Stage catalogue item; verify exact pack, image and supplier price before live sale."
White Beans 5kg - Bundle of 6,Generic,grains,White Beans,BS-GENERIC-WHITE-BEANS-5KG-0035-B6,false,,,,5kg x 6,item,25900,0.16,30050,0,5,assets/rice.jpg,Generic White Beans 5kg Nigeria product pack bundle 6,Category placeholder – replace with verified product image,Estimated – verify with supplier,,,Nigeria/Imported,2026-08-10,"Stage catalogue item; verify exact pack, image and supplier price before live sale."
White Beans 10kg - Bundle of 6,Generic,grains,White Beans,BS-GENERIC-WHITE-BEANS-10KG-0036-B6,false,,,,10kg x 6,item,53250,0.16,61750,0,5,assets/rice.jpg,Generic White Beans 10kg Nigeria product pack bundle 6,Category placeholder – replace with verified product image,Estimated – verify with supplier,,,Nigeria/Imported,2026-08-10,"Stage catalogue item; verify exact pack, image and supplier price before live sale."
White Beans 25kg - Bundle of 6,Generic,grains,White Beans,BS-GENERIC-WHITE-BEANS-25KG-0037-B6,false,,,,25kg x 6,item,139950,0.16,162350,0,5,assets/rice.jpg,Generic White Beans 25kg Nigeria product pack bundle 6,Category placeholder – replace with verified product image,Estimated – verify with supplier,,,Nigeria/Imported,2026-08-10,"Stage catalogue item; verify exact pack, image and supplier price before live sale."
Garri White 500g - Bundle of 6,Generic,grains,Garri White,BS-GENERIC-GARRI-WHITE-500G-0038-B6,false,,,,500g x 6,item,1750,0.16,2050,0,5,assets/rice.jpg,Generic Garri White 500g Nigeria product pack bundle 6,Category placeholder – replace with verified product image,Estimated – verify with supplier,,,Nigeria/Imported,2026-08-10,"Stage catalogue item; verify exact pack, image and supplier price before live sale."
Garri White 1kg - Bundle of 6,Generic,grains,Garri White,BS-GENERIC-GARRI-WHITE-1KG-0039-B6,false,,,,1kg x 6,item,3800,0.16,4400,0,5,assets/rice.jpg,Generic Garri White 1kg Nigeria product pack bundle 6,Category placeholder – replace with verified product image,Estimated – verify with supplier,,,Nigeria/Imported,2026-08-10,"Stage catalogue item; verify exact pack, image and supplier price before live sale."
Garri White 2kg - Bundle of 6,Generic,grains,Garri White,BS-GENERIC-GARRI-WHITE-2KG-0040-B6,false,,,,2kg x 6,item,7300,0.16,8450,0,5,assets/rice.jpg,Generic Garri White 2kg Nigeria product pack bundle 6,Category placeholder – replace with verified product image,Estimated – verify with supplier,,,Nigeria/Imported,2026-08-10,"Stage catalogue item; verify exact pack, image and supplier price before live sale."
Garri White 5kg - Bundle of 6,Generic,grains,Garri White,BS-GENERIC-GARRI-WHITE-5KG-0041-B6,false,,,,5kg x 6,item,18350,0.16,21300,0,5,assets/rice.jpg,Generic Garri White 5kg Nigeria product pack bundle 6,Category placeholder – replace with verified product image,Estimated – verify with supplier,,,Nigeria/Imported,2026-08-10,"Stage catalogue item; verify exact pack, image and supplier price before live sale."
Garri White 10kg - Bundle of 6,Generic,grains,Garri White,BS-GENERIC-GARRI-WHITE-10KG-0042-B6,false,,,,10kg x 6,item,32300,0.16,37450,0,5,assets/rice.jpg,Generic Garri White 10kg Nigeria product pack bundle 6,Category placeholder – replace with verified product image,Estimated – verify with supplier,,,Nigeria/Imported,2026-08-10,"Stage catalogue item; verify exact pack, image and supplier price before live sale."
Garri White 25kg - Bundle of 6,Generic,grains,Garri White,BS-GENERIC-GARRI-WHITE-25KG-0043-B6,false,,,,25kg x 6,item,83800,0.16,97200,0,5,assets/rice.jpg,Generic Garri White 25kg Nigeria product pack bundle 6,Category placeholder – replace with verified product image,Estimated – verify with supplier,,,Nigeria/Imported,2026-08-10,"Stage catalogue item; verify exact pack, image and supplier price before live sale."
Garri Yellow 500g - Bundle of 6,Generic,grains,Garri Yellow,BS-GENERIC-GARRI-YELLOW-500G-0044-B6,false,,,,500g x 6,item,1750,0.16,2050,0,5,assets/rice.jpg,Generic Garri Yellow 500g Nigeria product pack bundle 6,Category placeholder – replace with verified product image,Estimated – verify with supplier,,,Nigeria/Imported,2026-08-10,"Stage catalogue item; verify exact pack, image and supplier price before live sale."
Garri Yellow 1kg - Bundle of 6,Generic,grains,Garri Yellow,BS-GENERIC-GARRI-YELLOW-1KG-0045-B6,false,,,,1kg x 6,item,3500,0.16,4050,0,5,assets/rice.jpg,Generic Garri Yellow 1kg Nigeria product pack bundle 6,Category placeholder – replace with verified product image,Estimated – verify with supplier,,,Nigeria/Imported,2026-08-10,"Stage catalogue item; verify exact pack, image and supplier price before live sale."
Garri Yellow 2kg - Bundle of 6,Generic,grains,Garri Yellow,BS-GENERIC-GARRI-YELLOW-2KG-0046-B6,false,,,,2kg x 6,item,7300,0.16,8450,0,5,assets/rice.jpg,Generic Garri Yellow 2kg Nigeria product pack bundle 6,Category placeholder – replace with verified product image,Estimated – verify with supplier,,,Nigeria/Imported,2026-08-10,"Stage catalogue item; verify exact pack, image and supplier price before live sale."
Garri Yellow 5kg - Bundle of 6,Generic,grains,Garri Yellow,BS-GENERIC-GARRI-YELLOW-5KG-0047-B6,false,,,,5kg x 6,item,17750,0.16,20600,0,5,assets/rice.jpg,Generic Garri Yellow 5kg Nigeria product pack bundle 6,Category placeholder – replace with verified product image,Estimated – verify with supplier,,,Nigeria/Imported,2026-08-10,"Stage catalogue item; verify exact pack, image and supplier price before live sale."
Garri Yellow 10kg - Bundle of 6,Generic,grains,Garri Yellow,BS-GENERIC-GARRI-YELLOW-10KG-0048-B6,false,,,,10kg x 6,item,36650,0.16,42500,0,5,assets/rice.jpg,Generic Garri Yellow 10kg Nigeria product pack bundle 6,Category placeholder – replace with verified product image,Estimated – verify with supplier,,,Nigeria/Imported,2026-08-10,"Stage catalogue item; verify exact pack, image and supplier price before live sale."
Garri Yellow 25kg - Bundle of 6,Generic,grains,Garri Yellow,BS-GENERIC-GARRI-YELLOW-25KG-0049-B6,false,,,,25kg x 6,item,97800,0.16,113450,0,5,assets/rice.jpg,Generic Garri Yellow 25kg Nigeria product pack bundle 6,Category placeholder – replace with verified product image,Estimated – verify with supplier,,,Nigeria/Imported,2026-08-10,"Stage catalogue item; verify exact pack, image and supplier price before live sale."
Golden Penny Semolina 500g - Bundle of 6,Golden Penny,grains,Semolina,BS-GOLDEN-P-SEMOLINA-500G-0050-B6,false,,,,500g x 6,item,2600,0.16,3000,0,5,assets/rice.jpg,Golden Penny Semolina 500g Nigeria product pack bundle 6,Category placeholder – replace with verified product image,Estimated – verify with supplier,,,Nigeria/Imported,2026-08-10,"Stage catalogue item; verify exact pack, image and supplier price before live sale."
Golden Penny Semolina 1kg - Bundle of 6,Golden Penny,grains,Semolina,BS-GOLDEN-P-SEMOLINA-1KG-0051-B6,false,,,,1kg x 6,item,5250,0.16,6100,0,5,assets/rice.jpg,Golden Penny Semolina 1kg Nigeria product pack bundle 6,Category placeholder – replace with verified product image,Estimated – verify with supplier,,,Nigeria/Imported,2026-08-10,"Stage catalogue item; verify exact pack, image and supplier price before live sale."
Golden Penny Semolina 2kg - Bundle of 6,Golden Penny,grains,Semolina,BS-GOLDEN-P-SEMOLINA-2KG-0052-B6,false,,,,2kg x 6,item,9900,0.16,11500,0,5,assets/rice.jpg,Golden Penny Semolina 2kg Nigeria product pack bundle 6,Category placeholder – replace with verified product image,Estimated – verify with supplier,,,Nigeria/Imported,2026-08-10,"Stage catalogue item; verify exact pack, image and supplier price before live sale."
Golden Penny Semolina 5kg - Bundle of 6,Golden Penny,grains,Semolina,BS-GOLDEN-P-SEMOLINA-5KG-0053-B6,false,,,,5kg x 6,item,25300,0.16,29350,0,5,assets/rice.jpg,Golden Penny Semolina 5kg Nigeria product pack bundle 6,Category placeholder – replace with verified product image,Estimated – verify with supplier,,,Nigeria/Imported,2026-08-10,"Stage catalogue item; verify exact pack, image and supplier price before live sale."
Golden Penny Semolina 10kg - Bundle of 6,Golden Penny,grains,Semolina,BS-GOLDEN-P-SEMOLINA-10KG-0054-B6,false,,,,10kg x 6,item,57050,0.16,66200,0,5,assets/rice.jpg,Golden Penny Semolina 10kg Nigeria product pack bundle 6,Category placeholder – replace with verified product image,Estimated – verify with supplier,,,Nigeria/Imported,2026-08-10,"Stage catalogue item; verify exact pack, image and supplier price before live sale."
Honeywell Semolina 500g - Bundle of 6,Honeywell,grains,Semolina,BS-HONEYWEL-SEMOLINA-500G-0055-B6,false,,,,500g x 6,item,2900,0.16,3350,0,5,assets/rice.jpg,Honeywell Semolina 500g Nigeria product pack bundle 6,Category placeholder – replace with verified product image,Estimated – verify with supplier,,,Nigeria/Imported,2026-08-10,"Stage catalogue item; verify exact pack, image and supplier price before live sale."
Honeywell Semolina 1kg - Bundle of 6,Honeywell,grains,Semolina,BS-HONEYWEL-SEMOLINA-1KG-0056-B6,false,,,,1kg x 6,item,5550,0.16,6450,0,5,assets/rice.jpg,Honeywell Semolina 1kg Nigeria product pack bundle 6,Category placeholder – replace with verified product image,Estimated – verify with supplier,,,Nigeria/Imported,2026-08-10,"Stage catalogue item; verify exact pack, image and supplier price before live sale."
Honeywell Semolina 2kg - Bundle of 6,Honeywell,grains,Semolina,BS-HONEYWEL-SEMOLINA-2KG-0057-B6,false,,,,2kg x 6,item,10200,0.16,11850,0,5,assets/rice.jpg,Honeywell Semolina 2kg Nigeria product pack bundle 6,Category placeholder – replace with verified product image,Estimated – verify with supplier,,,Nigeria/Imported,2026-08-10,"Stage catalogue item; verify exact pack, image and supplier price before live sale."
Honeywell Semolina 5kg - Bundle of 6,Honeywell,grains,Semolina,BS-HONEYWEL-SEMOLINA-5KG-0058-B6,false,,,,5kg x 6,item,28250,0.16,32750,0,5,assets/rice.jpg,Honeywell Semolina 5kg Nigeria product pack bundle 6,Category placeholder – replace with verified product image,Estimated – verify with supplier,,,Nigeria/Imported,2026-08-10,"Stage catalogue item; verify exact pack, image and supplier price before live sale."
Honeywell Semolina 10kg - Bundle of 6,Honeywell,grains,Semolina,BS-HONEYWEL-SEMOLINA-10KG-0059-B6,false,,,,10kg x 6,item,50900,0.16,59050,0,5,assets/rice.jpg,Honeywell Semolina 10kg Nigeria product pack bundle 6,Category placeholder – replace with verified product image,Estimated – verify with supplier,,,Nigeria/Imported,2026-08-10,"Stage catalogue item; verify exact pack, image and supplier price before live sale."
Golden Penny Wheat Meal 500g - Bundle of 6,Golden Penny,grains,Wheat Meal,BS-GOLDEN-P-WHEAT-MEAL-500G-0060-B6,false,,,,500g x 6,item,2350,0.16,2750,0,5,assets/rice.jpg,Golden Penny Wheat Meal 500g Nigeria product pack bundle 6,Category placeholder – replace with verified product image,Estimated – verify with supplier,,,Nigeria/Imported,2026-08-10,"Stage catalogue item; verify exact pack, image and supplier price before live sale."
Golden Penny Wheat Meal 1kg - Bundle of 6,Golden Penny,grains,Wheat Meal,BS-GOLDEN-P-WHEAT-MEAL-1KG-0061-B6,false,,,,1kg x 6,item,5550,0.16,6450,0,5,assets/rice.jpg,Golden Penny Wheat Meal 1kg Nigeria product pack bundle 6,Category placeholder – replace with verified product image,Estimated – verify with supplier,,,Nigeria/Imported,2026-08-10,"Stage catalogue item; verify exact pack, image and supplier price before live sale."
Golden Penny Wheat Meal 2kg - Bundle of 6,Golden Penny,grains,Wheat Meal,BS-GOLDEN-P-WHEAT-MEAL-2KG-0062-B6,false,,,,2kg x 6,item,10200,0.16,11850,0,5,assets/rice.jpg,Golden Penny Wheat Meal 2kg Nigeria product pack bundle 6,Category placeholder – replace with verified product image,Estimated – verify with supplier,,,Nigeria/Imported,2026-08-10,"Stage catalogue item; verify exact pack, image and supplier price before live sale."
Golden Penny Wheat Meal 5kg - Bundle of 6,Golden Penny,grains,Wheat Meal,BS-GOLDEN-P-WHEAT-MEAL-5KG-0063-B6,false,,,,5kg x 6,item,25300,0.16,29350,0,5,assets/rice.jpg,Golden Penny Wheat Meal 5kg Nigeria product pack bundle 6,Category placeholder – replace with verified product image,Estimated – verify with supplier,,,Nigeria/Imported,2026-08-10,"Stage catalogue item; verify exact pack, image and supplier price before live sale."
Honeywell Wheat Meal 500g - Bundle of 6,Honeywell,grains,Wheat Meal,BS-HONEYWEL-WHEAT-MEAL-500G-0064-B6,false,,,,500g x 6,item,2600,0.16,3000,0,5,assets/rice.jpg,Honeywell Wheat Meal 500g Nigeria product pack bundle 6,Category placeholder – replace with verified product image,Estimated – verify with supplier,,,Nigeria/Imported,2026-08-10,"Stage catalogue item; verify exact pack, image and supplier price before live sale."
Honeywell Wheat Meal 1kg - Bundle of 6,Honeywell,grains,Wheat Meal,BS-HONEYWEL-WHEAT-MEAL-1KG-0065-B6,false,,,,1kg x 6,item,5550,0.16,6450,0,5,assets/rice.jpg,Honeywell Wheat Meal 1kg Nigeria product pack bundle 6,Category placeholder – replace with verified product image,Estimated – verify with supplier,,,Nigeria/Imported,2026-08-10,"Stage catalogue item; verify exact pack, image and supplier price before live sale."
Honeywell Wheat Meal 2kg - Bundle of 6,Honeywell,grains,Wheat Meal,BS-HONEYWEL-WHEAT-MEAL-2KG-0066-B6,false,,,,2kg x 6,item,10750,0.16,12450,0,5,assets/rice.jpg,Honeywell Wheat Meal 2kg Nigeria product pack bundle 6,Category placeholder – replace with verified product image,Estimated – verify with supplier,,,Nigeria/Imported,2026-08-10,"Stage catalogue item; verify exact pack, image and supplier price before live sale."
Honeywell Wheat Meal 5kg - Bundle of 6,Honeywell,grains,Wheat Meal,BS-HONEYWEL-WHEAT-MEAL-5KG-0067-B6,false,,,,5kg x 6,item,24450,0.16,28350,0,5,assets/rice.jpg,Honeywell Wheat Meal 5kg Nigeria product pack bundle 6,Category placeholder – replace with verified product image,Estimated – verify with supplier,,,Nigeria/Imported,2026-08-10,"Stage catalogue item; verify exact pack, image and supplier price before live sale."
Golden Penny Spaghetti 500g - Bundle of 6,Golden Penny,grains,Spaghetti,BS-GOLDEN-P-SPAGHETTI-500G-0068-B6,false,,,,500g x 6,item,2350,0.16,2750,0,5,assets/rice.jpg,Golden Penny Spaghetti 500g Nigeria product pack bundle 6,Category placeholder – replace with verified product image,Estimated – verify with supplier,,,Nigeria/Imported,2026-08-10,"Stage catalogue item; verify exact pack, image and supplier price before live sale."
Golden Penny Spaghetti 500g x 20 - Bundle of 6,Golden Penny,grains,Spaghetti,BS-GOLDEN-P-SPAGHETTI-500G-X-20-0069-B6,false,,,,500g x 20 x 6,item,51200,0.16,59400,0,5,assets/rice.jpg,Golden Penny Spaghetti 500g x 20 Nigeria product pack bundle 6,Category placeholder – replace with verified product image,Estimated – verify with supplier,,,Nigeria/Imported,2026-08-10,"Stage catalogue item; verify exact pack, image and supplier price before live sale."
Dangote Spaghetti 500g - Bundle of 6,Dangote,grains,Spaghetti,BS-DANGOTE-SPAGHETTI-500G-0070-B6,false,,,,500g x 6,item,2600,0.16,3000,0,5,assets/rice.jpg,Dangote Spaghetti 500g Nigeria product pack bundle 6,Category placeholder – replace with verified product image,Estimated – verify with supplier,,,Nigeria/Imported,2026-08-10,"Stage catalogue item; verify exact pack, image and supplier price before live sale."
Dangote Spaghetti 500g x 20 - Bundle of 6,Dangote,grains,Spaghetti,BS-DANGOTE-SPAGHETTI-500G-X-20-0071-B6,false,,,,500g x 20 x 6,item,49200,0.16,57050,0,5,assets/rice.jpg,Dangote Spaghetti 500g x 20 Nigeria product pack bundle 6,Category placeholder – replace with verified product image,Estimated – verify with supplier,,,Nigeria/Imported,2026-08-10,"Stage catalogue item; verify exact pack, image and supplier price before live sale."
Honeywell Spaghetti 500g - Bundle of 6,Honeywell,grains,Spaghetti,BS-HONEYWEL-SPAGHETTI-500G-0072-B6,false,,,,500g x 6,item,2900,0.16,3350,0,5,assets/rice.jpg,Honeywell Spaghetti 500g Nigeria product pack bundle 6,Category placeholder – replace with verified product image,Estimated – verify with supplier,,,Nigeria/Imported,2026-08-10,"Stage catalogue item; verify exact pack, image and supplier price before live sale."
Honeywell Spaghetti 500g x 20 - Bundle of 6,Honeywell,grains,Spaghetti,BS-HONEYWEL-SPAGHETTI-500G-X-20-0073-B6,false,,,,500g x 20 x 6,item,56450,0.16,65500,0,5,assets/rice.jpg,Honeywell Spaghetti 500g x 20 Nigeria product pack bundle 6,Category placeholder – replace with verified product image,Estimated – verify with supplier,,,Nigeria/Imported,2026-08-10,"Stage catalogue item; verify exact pack, image and supplier price before live sale."
Golden Penny Macaroni 500g - Bundle of 6,Golden Penny,grains,Macaroni,BS-GOLDEN-P-MACARONI-500G-0074-B6,false,,,,500g x 6,item,2600,0.16,3000,0,5,assets/rice.jpg,Golden Penny Macaroni 500g Nigeria product pack bundle 6,Category placeholder – replace with verified product image,Estimated – verify with supplier,,,Nigeria/Imported,2026-08-10,"Stage catalogue item; verify exact pack, image and supplier price before live sale."
Golden Penny Macaroni 500g x 20 - Bundle of 6,Golden Penny,grains,Macaroni,BS-GOLDEN-P-MACARONI-500G-X-20-0075-B6,false,,,,500g x 20 x 6,item,54400,0.16,63100,0,5,assets/rice.jpg,Golden Penny Macaroni 500g x 20 Nigeria product pack bundle 6,Category placeholder – replace with verified product image,Estimated – verify with supplier,,,Nigeria/Imported,2026-08-10,"Stage catalogue item; verify exact pack, image and supplier price before live sale."
Indomie Noodles Chicken 70g - Bundle of 6,Indomie,grains,Noodles Chicken,BS-INDOMIE-NOODLES-CHIC-70G-0076-B6,false,,,,70g x 6,item,850,0.16,1000,0,5,assets/rice.jpg,Indomie Noodles Chicken 70g Nigeria product pack bundle 6,Category placeholder – replace with verified product image,Estimated – verify with supplier,,,Nigeria/Imported,2026-08-10,"Stage catalogue item; verify exact pack, image and supplier price before live sale."
Indomie Noodles Chicken 70g x 40 - Bundle of 6,Indomie,grains,Noodles Chicken,BS-INDOMIE-NOODLES-CHIC-70G-X-40-0077-B6,false,,,,70g x 40 x 6,item,4050,0.16,4700,0,5,assets/rice.jpg,Indomie Noodles Chicken 70g x 40 Nigeria product pack bundle 6,Category placeholder – replace with verified product image,Estimated – verify with supplier,,,Nigeria/Imported,2026-08-10,"Stage catalogue item; verify exact pack, image and supplier price before live sale."
Indomie Noodles Chicken 120g - Bundle of 6,Indomie,grains,Noodles Chicken,BS-INDOMIE-NOODLES-CHIC-120G-0078-B6,false,,,,120g x 6,item,850,0.16,1000,0,5,assets/rice.jpg,Indomie Noodles Chicken 120g Nigeria product pack bundle 6,Category placeholder – replace with verified product image,Estimated – verify with supplier,,,Nigeria/Imported,2026-08-10,"Stage catalogue item; verify exact pack, image and supplier price before live sale."
Indomie Noodles Chicken 120g x 40 - Bundle of 6,Indomie,grains,Noodles Chicken,BS-INDOMIE-NOODLES-CHIC-120G-X-40-0079-B6,false,,,,120g x 40 x 6,item,6100,0.16,7100,0,5,assets/rice.jpg,Indomie Noodles Chicken 120g x 40 Nigeria product pack bundle 6,Category placeholder – replace with verified product image,Estimated – verify with supplier,,,Nigeria/Imported,2026-08-10,"Stage catalogue item; verify exact pack, image and supplier price before live sale."
Indomie Noodles Onion Chicken 70g - Bundle of 6,Indomie,grains,Noodles Onion Chicken,BS-INDOMIE-NOODLES-ONIO-70G-0080-B6,false,,,,70g x 6,item,850,0.16,1000,0,5,assets/rice.jpg,Indomie Noodles Onion Chicken 70g Nigeria product pack bundle 6,Category placeholder – replace with verified product image,Estimated – verify with supplier,,,Nigeria/Imported,2026-08-10,"Stage catalogue item; verify exact pack, image and supplier price before live sale."
Indomie Noodles Onion Chicken 70g x 40 - Bundle of 6,Indomie,grains,Noodles Onion Chicken,BS-INDOMIE-NOODLES-ONIO-70G-X-40-0081-B6,false,,,,70g x 40 x 6,item,3800,0.16,4400,0,5,assets/rice.jpg,Indomie Noodles Onion Chicken 70g x 40 Nigeria product pack bundle 6,Category placeholder – replace with verified product image,Estimated – verify with supplier,,,Nigeria/Imported,2026-08-10,"Stage catalogue item; verify exact pack, image and supplier price before live sale."
Indomie Noodles Oriental 70g - Bundle of 6,Indomie,grains,Noodles Oriental,BS-INDOMIE-NOODLES-ORIE-70G-0082-B6,false,,,,70g x 6,item,850,0.16,1000,0,5,assets/rice.jpg,Indomie Noodles Oriental 70g Nigeria product pack bundle 6,Category placeholder – replace with verified product image,Estimated – verify with supplier,,,Nigeria/Imported,2026-08-10,"Stage catalogue item; verify exact pack, image and supplier price before live sale."
Indomie Noodles Oriental 70g x 40 - Bundle of 6,Indomie,grains,Noodles Oriental,BS-INDOMIE-NOODLES-ORIE-70G-X-40-0083-B6,false,,,,70g x 40 x 6,item,3800,0.16,4400,0,5,assets/rice.jpg,Indomie Noodles Oriental 70g x 40 Nigeria product pack bundle 6,Category placeholder – replace with verified product image,Estimated – verify with supplier,,,Nigeria/Imported,2026-08-10,"Stage catalogue item; verify exact pack, image and supplier price before live sale."
Golden Penny Noodles Chicken 70g - Bundle of 6,Golden Penny,grains,Noodles Chicken,BS-GOLDEN-P-NOODLES-CHIC-70G-0084-B6,false,,,,70g x 6,item,850,0.16,1000,0,5,assets/rice.jpg,Golden Penny Noodles Chicken 70g Nigeria product pack bundle 6,Category placeholder – replace with verified product image,Estimated – verify with supplier,,,Nigeria/Imported,2026-08-10,"Stage catalogue item; verify exact pack, image and supplier price before live sale."
Golden Penny Noodles Chicken 70g x 40 - Bundle of 6,Golden Penny,grains,Noodles Chicken,BS-GOLDEN-P-NOODLES-CHIC-70G-X-40-0085-B6,false,,,,70g x 40 x 6,item,3200,0.16,3700,0,5,assets/rice.jpg,Golden Penny Noodles Chicken 70g x 40 Nigeria product pack bundle 6,Category placeholder – replace with verified product image,Estimated – verify with supplier,,,Nigeria/Imported,2026-08-10,"Stage catalogue item; verify exact pack, image and supplier price before live sale."
Quaker Oats 500g - Bundle of 6,Quaker,grains,Oats,BS-QUAKER-OATS-500G-0086-B6,false,,,,500g x 6,item,6100,0.16,7100,0,5,assets/rice.jpg,Quaker Oats 500g Nigeria product pack bundle 6,Category placeholder – replace with verified product image,Estimated – verify with supplier,,,Nigeria/Imported,2026-08-10,"Stage catalogue item; verify exact pack, image and supplier price before live sale."
Quaker Oats 1kg - Bundle of 6,Quaker,grains,Oats,BS-QUAKER-OATS-1KG-0087-B6,false,,,,1kg x 6,item,13950,0.16,16200,0,5,assets/rice.jpg,Quaker Oats 1kg Nigeria product pack bundle 6,Category placeholder – replace with verified product image,Estimated – verify with supplier,,,Nigeria/Imported,2026-08-10,"Stage catalogue item; verify exact pack, image and supplier price before live sale."
Nasco Corn Flakes 350g - Bundle of 6,Nasco,grains,Corn Flakes,BS-NASCO-CORN-FLAKES-350G-0088-B6,false,,,,350g x 6,item,3800,0.16,4400,0,5,assets/rice.jpg,Nasco Corn Flakes 350g Nigeria product pack bundle 6,Category placeholder – replace with verified product image,Estimated – verify with supplier,,,Nigeria/Imported,2026-08-10,"Stage catalogue item; verify exact pack, image and supplier price before live sale."
Nasco Corn Flakes 500g - Bundle of 6,Nasco,grains,Corn Flakes,BS-NASCO-CORN-FLAKES-500G-0089-B6,false,,,,500g x 6,item,4950,0.16,5750,0,5,assets/rice.jpg,Nasco Corn Flakes 500g Nigeria product pack bundle 6,Category placeholder – replace with verified product image,Estimated – verify with supplier,,,Nigeria/Imported,2026-08-10,"Stage catalogue item; verify exact pack, image and supplier price before live sale."
Nasco Corn Flakes 1kg - Bundle of 6,Nasco,grains,Corn Flakes,BS-NASCO-CORN-FLAKES-1KG-0090-B6,false,,,,1kg x 6,item,9600,0.16,11150,0,5,assets/rice.jpg,Nasco Corn Flakes 1kg Nigeria product pack bundle 6,Category placeholder – replace with verified product image,Estimated – verify with supplier,,,Nigeria/Imported,2026-08-10,"Stage catalogue item; verify exact pack, image and supplier price before live sale."
Kellogg's Corn Flakes 350g - Bundle of 6,Kellogg's,grains,Corn Flakes,BS-KELLOGG--CORN-FLAKES-350G-0091-B6,false,,,,350g x 6,item,4950,0.16,5750,0,5,assets/rice.jpg,Kellogg's Corn Flakes 350g Nigeria product pack bundle 6,Category placeholder – replace with verified product image,Estimated – verify with supplier,,,Nigeria/Imported,2026-08-10,"Stage catalogue item; verify exact pack, image and supplier price before live sale."
Kellogg's Corn Flakes 500g - Bundle of 6,Kellogg's,grains,Corn Flakes,BS-KELLOGG--CORN-FLAKES-500G-0092-B6,false,,,,500g x 6,item,7850,0.16,9100,0,5,assets/rice.jpg,Kellogg's Corn Flakes 500g Nigeria product pack bundle 6,Category placeholder – replace with verified product image,Estimated – verify with supplier,,,Nigeria/Imported,2026-08-10,"Stage catalogue item; verify exact pack, image and supplier price before live sale."
Kellogg's Corn Flakes 1kg - Bundle of 6,Kellogg's,grains,Corn Flakes,BS-KELLOGG--CORN-FLAKES-1KG-0093-B6,false,,,,1kg x 6,item,16000,0.16,18550,0,5,assets/rice.jpg,Kellogg's Corn Flakes 1kg Nigeria product pack bundle 6,Category placeholder – replace with verified product image,Estimated – verify with supplier,,,Nigeria/Imported,2026-08-10,"Stage catalogue item; verify exact pack, image and supplier price before live sale."
